path,label
data\raw\Epic and CSCR hospital Dataset\Train\pituitary\P_741_SP_.jpg,pituitary
data\raw\Epic and CSCR hospital Dataset\Train\notumor\Tr-no_0676.jpg,notumor
data\raw\Epic and CSCR hospital Dataset\Train\meningioma\M_860.jpg,meningioma
data\raw\Epic and CSCR hospital Dataset\Train\glioma\Tr-gl_0276.jpg,glioma
data\raw\Epic and CSCR hospital Dataset\Train\notumor\N_40_SP_.jpg,notumor
data\raw\Epic and CSCR hospital Dataset\Train\notumor\1598.jpg,notumor
data\raw\Epic and CSCR hospital Dataset\Train\meningioma\Te-me_0242.jpg,meningioma
data\raw\Epic and CSCR hospital Dataset\Train\glioma\G_744_DA_.jpg,glioma
data\raw\Epic and CSCR hospital Dataset\Train\glioma\G_839_HF_.jpg,glioma
data\raw\Epic and CSCR hospital Dataset\Train\pituitary\Tr-pi_0655.jpg,pituitary
data\raw\Epic and CSCR hospital Dataset\Train\notumor\1925.jpg,notumor
data\raw\Epic and CSCR hospital Dataset\Train\pituitary\p (560).jpg,pituitary
data\raw\Epic and CSCR hospital Dataset\Train\glioma\gg (426).jpg,glioma
data\raw\Epic and CSCR hospital Dataset\Train\notumor\N_374_SP_.jpg,notumor
data\raw\Epic and CSCR hospital Dataset\Train\notumor\1761.jpg,notumor
data\raw\Epic and CSCR hospital Dataset\Train\glioma\image(33).jpg,glioma
data\raw\Epic and CSCR hospital Dataset\Train\notumor\Tr-no_0496.jpg,notumor
data\raw\Epic and CSCR hospital Dataset\Train\glioma\gg (668).jpg,glioma
data\raw\Epic and CSCR hospital Dataset\Train\meningioma\M_863_VF_.jpg,meningioma
data\raw\Epic and CSCR hospital Dataset\Train\notumor\N_418.jpg,notumor
data\raw\Epic and CSCR hospital Dataset\Train\notumor\N_409_DA_.jpg,notumor
data\raw\Epic and CSCR hospital Dataset\Train\pituitary\Tr-pi_0997.jpg,pituitary
data\raw\Epic and CSCR hospital Dataset\Train\meningioma\Tr-me_0944.jpg,meningioma
data\raw\Epic and CSCR hospital Dataset\Train\glioma\gg (389).jpg,glioma
data\raw\Epic and CSCR hospital Dataset\Train\pituitary\P_807_HF_.jpg,pituitary
data\raw\Epic and CSCR hospital Dataset\Train\meningioma\Tr-me_1105.jpg,meningioma
data\raw\Epic and CSCR hospital Dataset\Train\pituitary\Tr-pi_1046.jpg,pituitary
data\raw\Epic and CSCR hospital Dataset\Train\glioma\G_794_HF_.jpg,glioma
data\raw\Epic and CSCR hospital Dataset\Train\glioma\G_872_BR_.jpg,glioma
data\raw\Epic and CSCR hospital Dataset\Train\pituitary\Tr-pi_1010.jpg,pituitary
data\raw\Epic and CSCR hospital Dataset\Train\glioma\Tr-gl_0472.jpg,glioma
data\raw\Epic and CSCR hospital Dataset\Train\glioma\G_825_DA_.jpg,glioma
data\raw\Epic and CSCR hospital Dataset\Train\pituitary\P_806_VF_.jpg,pituitary
data\raw\Epic and CSCR hospital Dataset\Train\pituitary\Te-pi_0051.jpg,pituitary
data\raw\Epic and CSCR hospital Dataset\Train\meningioma\M_830_RO_.jpg,meningioma
data\raw\Epic and CSCR hospital Dataset\Train\notumor\image(190).jpg,notumor
data\raw\Epic and CSCR hospital Dataset\Train\glioma\G_771_SP_.jpg,glioma
data\raw\Epic and CSCR hospital Dataset\Train\pituitary\Tr-pi_0786.jpg,pituitary
data\raw\Epic and CSCR hospital Dataset\Train\pituitary\P_717_RO_.jpg,pituitary
data\raw\Epic and CSCR hospital Dataset\Train\glioma\G_718_SP_.jpg,glioma
data\raw\Epic and CSCR hospital Dataset\Train\notumor\Tr-no_0084.jpg,notumor
data\raw\Epic and CSCR hospital Dataset\Train\glioma\G_830_RO_.jpg,glioma
data\raw\Epic and CSCR hospital Dataset\Train\meningioma\M_830.jpg,meningioma
data\raw\Epic and CSCR hospital Dataset\Train\pituitary\P_811_DA_.jpg,pituitary
data\raw\Epic and CSCR hospital Dataset\Train\pituitary\P_75_BR_.jpg,pituitary
data\raw\Epic and CSCR hospital Dataset\Train\notumor\1815.jpg,notumor
data\raw\Epic and CSCR hospital Dataset\Train\meningioma\Te-me_0152.jpg,meningioma
data\raw\Epic and CSCR hospital Dataset\Train\pituitary\Tr-pi_1094.jpg,pituitary
data\raw\Epic and CSCR hospital Dataset\Train\pituitary\Tr-pi_0235.jpg,pituitary
data\raw\Epic and CSCR hospital Dataset\Train\glioma\Tr-gl_0161.jpg,glioma
data\raw\Epic and CSCR hospital Dataset\Train\notumor\N_381_DA_.jpg,notumor
data\raw\Epic and CSCR hospital Dataset\Train\pituitary\Tr-pi_1043.jpg,pituitary
data\raw\Epic and CSCR hospital Dataset\Train\glioma\G_753_BR_.jpg,glioma
data\raw\Epic and CSCR hospital Dataset\Train\meningioma\m2 (53).jpg,meningioma
data\raw\Epic and CSCR hospital Dataset\Train\meningioma\M_856_VF_.jpg,meningioma
data\raw\Epic and CSCR hospital Dataset\Train\glioma\Tr-gl_0590.jpg,glioma
data\raw\Epic and CSCR hospital Dataset\Train\notumor\1859.jpg,notumor
data\raw\Epic and CSCR hospital Dataset\Train\notumor\Tr-no_0399.jpg,notumor
data\raw\Epic and CSCR hospital Dataset\Train\glioma\G_708_SP_.jpg,glioma
data\raw\Epic and CSCR hospital Dataset\Train\pituitary\Te-pi_0174.jpg,pituitary
data\raw\Epic and CSCR hospital Dataset\Train\glioma\G_708.jpg,glioma
data\raw\Epic and CSCR hospital Dataset\Train\glioma\Tr-gl_0304.jpg,glioma
data\raw\Epic and CSCR hospital Dataset\Train\pituitary\Tr-pi_1006.jpg,pituitary
data\raw\Epic and CSCR hospital Dataset\Train\pituitary\Tr-pi_0179.jpg,pituitary
data\raw\Epic and CSCR hospital Dataset\Train\pituitary\Tr-pi_0951.jpg,pituitary
data\raw\Epic and CSCR hospital Dataset\Train\glioma\G_705_SP_.jpg,glioma
data\raw\Epic and CSCR hospital Dataset\Train\meningioma\Te-me_0290.jpg,meningioma
data\raw\Epic and CSCR hospital Dataset\Train\glioma\G_809_RO_.jpg,glioma
data\raw\Epic and CSCR hospital Dataset\Train\meningioma\M_867.jpg,meningioma
data\raw\Epic and CSCR hospital Dataset\Train\meningioma\Tr-me_0973.jpg,meningioma
data\raw\Epic and CSCR hospital Dataset\Train\notumor\Tr-no_0580.jpg,notumor
data\raw\Epic and CSCR hospital Dataset\Train\glioma\G_779.jpg,glioma
data\raw\Epic and CSCR hospital Dataset\Train\meningioma\M_870_HF_.jpg,meningioma
data\raw\Epic and CSCR hospital Dataset\Train\notumor\1596.jpg,notumor
data\raw\Epic and CSCR hospital Dataset\Train\pituitary\P_781.jpg,pituitary
data\raw\Epic and CSCR hospital Dataset\Train\meningioma\M_820_HF_.jpg,meningioma
data\raw\Epic and CSCR hospital Dataset\Train\meningioma\m2 (136).jpg,meningioma
data\raw\Epic and CSCR hospital Dataset\Train\glioma\G_753_SP_.jpg,glioma
data\raw\Epic and CSCR hospital Dataset\Train\glioma\Tr-gl_0561.jpg,glioma
data\raw\Epic and CSCR hospital Dataset\Train\notumor\image(192).jpg,notumor
data\raw\Epic and CSCR hospital Dataset\Train\glioma\G_882_RO_.jpg,glioma
data\raw\Epic and CSCR hospital Dataset\Train\notumor\N_402_BR_.jpg,notumor
data\raw\Epic and CSCR hospital Dataset\Train\meningioma\M_839_SP_.jpg,meningioma
data\raw\Epic and CSCR hospital Dataset\Train\meningioma\m3 (104).jpg,meningioma
data\raw\Epic and CSCR hospital Dataset\Train\notumor\Tr-no_0183.jpg,notumor
data\raw\Epic and CSCR hospital Dataset\Train\notumor\1587.jpg,notumor
data\raw\Epic and CSCR hospital Dataset\Train\glioma\G_798.jpg,glioma
data\raw\Epic and CSCR hospital Dataset\Train\glioma\G_794_DA_.jpg,glioma
data\raw\Epic and CSCR hospital Dataset\Train\notumor\Tr-no_0323.jpg,notumor
data\raw\Epic and CSCR hospital Dataset\Train\pituitary\Te-pi_0195.jpg,pituitary
data\raw\Epic and CSCR hospital Dataset\Train\notumor\1727.jpg,notumor
data\raw\Epic and CSCR hospital Dataset\Train\notumor\1627.jpg,notumor
data\raw\Epic and CSCR hospital Dataset\Train\notumor\Te-no_0166.jpg,notumor
data\raw\Epic and CSCR hospital Dataset\Train\meningioma\m2 (109).jpg,meningioma
data\raw\Epic and CSCR hospital Dataset\Train\glioma\Tr-gl_0122.jpg,glioma
data\raw\Epic and CSCR hospital Dataset\Train\pituitary\Tr-pi_0180.jpg,pituitary
data\raw\Epic and CSCR hospital Dataset\Train\meningioma\Tr-me_0158.jpg,meningioma
data\raw\Epic and CSCR hospital Dataset\Train\meningioma\Te-me_0168.jpg,meningioma
data\raw\Epic and CSCR hospital Dataset\Train\pituitary\P_836_BR_.jpg,pituitary
data\raw\Epic and CSCR hospital Dataset\Train\glioma\G_747_RO_.jpg,glioma
data\raw\Epic and CSCR hospital Dataset\Train\meningioma\Tr-me_1054.jpg,meningioma
data\raw\Epic and CSCR hospital Dataset\Train\glioma\gg (562).jpg,glioma
data\raw\Epic and CSCR hospital Dataset\Train\glioma\G_728_RO_.jpg,glioma
data\raw\Epic and CSCR hospital Dataset\Train\notumor\1879.jpg,notumor
data\raw\Epic and CSCR hospital Dataset\Train\glioma\Tr-gl_0994.jpg,glioma
data\raw\Epic and CSCR hospital Dataset\Train\pituitary\Tr-pi_0237.jpg,pituitary
data\raw\Epic and CSCR hospital Dataset\Train\notumor\Te-no_0361.jpg,notumor
data\raw\Epic and CSCR hospital Dataset\Train\glioma\G_868.jpg,glioma
data\raw\Epic and CSCR hospital Dataset\Train\glioma\G_732.jpg,glioma
data\raw\Epic and CSCR hospital Dataset\Train\pituitary\Tr-pi_0599.jpg,pituitary
data\raw\Epic and CSCR hospital Dataset\Train\glioma\Tr-gl_1111.jpg,glioma
data\raw\Epic and CSCR hospital Dataset\Train\notumor\Tr-no_0381.jpg,notumor
data\raw\Epic and CSCR hospital Dataset\Train\notumor\Tr-no_0670.jpg,notumor
data\raw\Epic and CSCR hospital Dataset\Train\notumor\N_408_RO_.jpg,notumor
data\raw\Epic and CSCR hospital Dataset\Train\meningioma\Tr-me_1209.jpg,meningioma
data\raw\Epic and CSCR hospital Dataset\Train\pituitary\P_747_RO_.jpg,pituitary
data\raw\Epic and CSCR hospital Dataset\Train\notumor\Tr-no_0065.jpg,notumor
data\raw\Epic and CSCR hospital Dataset\Train\glioma\G_806.jpg,glioma
data\raw\Epic and CSCR hospital Dataset\Train\meningioma\Tr-me_0822.jpg,meningioma
data\raw\Epic and CSCR hospital Dataset\Train\meningioma\1366.jpg,meningioma
data\raw\Epic and CSCR hospital Dataset\Train\glioma\G_845_BR_.jpg,glioma
data\raw\Epic and CSCR hospital Dataset\Train\glioma\Tr-gl_0428.jpg,glioma
data\raw\Epic and CSCR hospital Dataset\Train\meningioma\Te-me_0102.jpg,meningioma
data\raw\Epic and CSCR hospital Dataset\Train\glioma\G_880_VF_.jpg,glioma
data\raw\Epic and CSCR hospital Dataset\Train\notumor\N_415_DA_.jpg,notumor
data\raw\Epic and CSCR hospital Dataset\Train\meningioma\Tr-me_0820.jpg,meningioma
data\raw\Epic and CSCR hospital Dataset\Train\meningioma\Tr-me_1166.jpg,meningioma
data\raw\Epic and CSCR hospital Dataset\Train\pituitary\Tr-pi_0586.jpg,pituitary
data\raw\Epic and CSCR hospital Dataset\Train\notumor\N_400_HF_.jpg,notumor
data\raw\Epic and CSCR hospital Dataset\Train\glioma\Tr-gl_1056.jpg,glioma
data\raw\Epic and CSCR hospital Dataset\Train\pituitary\Tr-pi_1349.jpg,pituitary
data\raw\Epic and CSCR hospital Dataset\Train\glioma\Tr-gl_0942.jpg,glioma
data\raw\Epic and CSCR hospital Dataset\Train\pituitary\Tr-pi_0217.jpg,pituitary
data\raw\Epic and CSCR hospital Dataset\Train\glioma\gg (507).jpg,glioma
data\raw\Epic and CSCR hospital Dataset\Train\notumor\Tr-no_0573.jpg,notumor
data\raw\Epic and CSCR hospital Dataset\Train\meningioma\Te-me_0101.jpg,meningioma
data\raw\Epic and CSCR hospital Dataset\Train\meningioma\M_826_DA_.jpg,meningioma
data\raw\Epic and CSCR hospital Dataset\Train\notumor\Te-no_0203.jpg,notumor
data\raw\Epic and CSCR hospital Dataset\Train\meningioma\Tr-me_0613.jpg,meningioma
data\raw\Epic and CSCR hospital Dataset\Train\pituitary\P_796.jpg,pituitary
data\raw\Epic and CSCR hospital Dataset\Train\glioma\Tr-gl_1107.jpg,glioma
data\raw\Epic and CSCR hospital Dataset\Train\notumor\Te-no_0253.jpg,notumor
data\raw\Epic and CSCR hospital Dataset\Train\glioma\Te-gl_0285.jpg,glioma
data\raw\Epic and CSCR hospital Dataset\Train\meningioma\M_874.jpg,meningioma
data\raw\Epic and CSCR hospital Dataset\Train\notumor\N_393_VF_.jpg,notumor
data\raw\Epic and CSCR hospital Dataset\Train\notumor\3 no.jpg,notumor
data\raw\Epic and CSCR hospital Dataset\Train\glioma\G_838_BR_.jpg,glioma
data\raw\Epic and CSCR hospital Dataset\Train\glioma\G_833_SP_.jpg,glioma
data\raw\Epic and CSCR hospital Dataset\Train\pituitary\P_800_VF_.jpg,pituitary
data\raw\Epic and CSCR hospital Dataset\Train\notumor\1670.jpg,notumor
data\raw\Epic and CSCR hospital Dataset\Train\glioma\gg (541).jpg,glioma
data\raw\Epic and CSCR hospital Dataset\Train\glioma\gg (514).jpg,glioma
data\raw\Epic and CSCR hospital Dataset\Train\notumor\N_414_DA_.jpg,notumor
data\raw\Epic and CSCR hospital Dataset\Train\notumor\N_409_HF_.jpg,notumor
data\raw\Epic and CSCR hospital Dataset\Train\pituitary\1183.jpg,pituitary
data\raw\Epic and CSCR hospital Dataset\Train\glioma\G_828_VF_.jpg,glioma
data\raw\Epic and CSCR hospital Dataset\Train\glioma\Tr-gl_0566.jpg,glioma
data\raw\Epic and CSCR hospital Dataset\Train\meningioma\Te-me_0233.jpg,meningioma
data\raw\Epic and CSCR hospital Dataset\Train\notumor\Tr-no_0372.jpg,notumor
data\raw\Epic and CSCR hospital Dataset\Train\notumor\Tr-no_0059.jpg,notumor
data\raw\Epic and CSCR hospital Dataset\Train\meningioma\Tr-me_0969.jpg,meningioma
data\raw\Epic and CSCR hospital Dataset\Train\notumor\N_404.jpg,notumor
data\raw\Epic and CSCR hospital Dataset\Train\pituitary\Tr-pi_1078.jpg,pituitary
data\raw\Epic and CSCR hospital Dataset\Train\glioma\gg (606).jpg,glioma
data\raw\Epic and CSCR hospital Dataset\Train\pituitary\p (608).jpg,pituitary
data\raw\Epic and CSCR hospital Dataset\Train\pituitary\P_838_BR_.jpg,pituitary
data\raw\Epic and CSCR hospital Dataset\Train\notumor\Te-no_0288.jpg,notumor
data\raw\Epic and CSCR hospital Dataset\Train\glioma\G_807.jpg,glioma
data\raw\Epic and CSCR hospital Dataset\Train\glioma\Tr-gl_0369.jpg,glioma
data\raw\Epic and CSCR hospital Dataset\Train\pituitary\P_821_HF_.jpg,pituitary
data\raw\Epic and CSCR hospital Dataset\Train\glioma\G_856_SP_.jpg,glioma
data\raw\Epic and CSCR hospital Dataset\Train\pituitary\p (571).jpg,pituitary
data\raw\Epic and CSCR hospital Dataset\Train\pituitary\1195.jpg,pituitary
data\raw\Epic and CSCR hospital Dataset\Train\pituitary\P_72.jpg,pituitary
data\raw\Epic and CSCR hospital Dataset\Train\glioma\Tr-gl_1187.jpg,glioma
data\raw\Epic and CSCR hospital Dataset\Train\glioma\G_829_VF_.jpg,glioma
data\raw\Epic and CSCR hospital Dataset\Train\meningioma\Te-me_0295.jpg,meningioma
data\raw\Epic and CSCR hospital Dataset\Train\meningioma\Te-me_0221.jpg,meningioma
data\raw\Epic and CSCR hospital Dataset\Train\meningioma\M_819_HF_.jpg,meningioma
data\raw\Epic and CSCR hospital Dataset\Train\glioma\G_880_BR_.jpg,glioma
data\raw\Epic and CSCR hospital Dataset\Train\glioma\Tr-gl_0687.jpg,glioma
data\raw\Epic and CSCR hospital Dataset\Train\glioma\G_886_SP_.jpg,glioma
data\raw\Epic and CSCR hospital Dataset\Train\glioma\G_783_VF_.jpg,glioma
data\raw\Epic and CSCR hospital Dataset\Train\notumor\N_398.jpg,notumor
data\raw\Epic and CSCR hospital Dataset\Train\glioma\gg (51).jpg,glioma
data\raw\Epic and CSCR hospital Dataset\Train\glioma\gg (575).jpg,glioma
data\raw\Epic and CSCR hospital Dataset\Train\meningioma\M_841_VF_.jpg,meningioma
data\raw\Epic and CSCR hospital Dataset\Train\pituitary\P_811_VF_.jpg,pituitary
data\raw\Epic and CSCR hospital Dataset\Train\glioma\Tr-gl_0498.jpg,glioma
data\raw\Epic and CSCR hospital Dataset\Train\glioma\Tr-gl_0601.jpg,glioma
data\raw\Epic and CSCR hospital Dataset\Train\pituitary\Tr-pi_0115.jpg,pituitary
data\raw\Epic and CSCR hospital Dataset\Train\glioma\Tr-gl_0279.jpg,glioma
data\raw\Epic and CSCR hospital Dataset\Train\glioma\gg (387).jpg,glioma
data\raw\Epic and CSCR hospital Dataset\Train\notumor\N_427_BR_.jpg,notumor
data\raw\Epic and CSCR hospital Dataset\Train\glioma\Te-gl_0120.jpg,glioma
data\raw\Epic and CSCR hospital Dataset\Train\glioma\Tr-gl_1158.jpg,glioma
data\raw\Epic and CSCR hospital Dataset\Train\meningioma\Tr-me_0082.jpg,meningioma
data\raw\Epic and CSCR hospital Dataset\Train\pituitary\Tr-pi_1052.jpg,pituitary
data\raw\Epic and CSCR hospital Dataset\Train\notumor\N_379_HF_.jpg,notumor
data\raw\Epic and CSCR hospital Dataset\Train\glioma\Tr-gl_0957.jpg,glioma
data\raw\Epic and CSCR hospital Dataset\Train\glioma\Tr-gl_0638.jpg,glioma
data\raw\Epic and CSCR hospital Dataset\Train\meningioma\m3 (124).jpg,meningioma
data\raw\Epic and CSCR hospital Dataset\Train\pituitary\Te-pi_0208.jpg,pituitary
data\raw\Epic and CSCR hospital Dataset\Train\glioma\G_717_RO_.jpg,glioma
data\raw\Epic and CSCR hospital Dataset\Train\meningioma\m1(76).jpg,meningioma
data\raw\Epic and CSCR hospital Dataset\Train\glioma\Tr-gl_1048.jpg,glioma
data\raw\Epic and CSCR hospital Dataset\Train\glioma\gg (334).jpg,glioma
data\raw\Epic and CSCR hospital Dataset\Train\glioma\G_873_DA_.jpg,glioma
data\raw\Epic and CSCR hospital Dataset\Train\meningioma\M_867_BR_.jpg,meningioma
data\raw\Epic and CSCR hospital Dataset\Train\pituitary\p (565).jpg,pituitary
data\raw\Epic and CSCR hospital Dataset\Train\glioma\G_751.jpg,glioma
data\raw\Epic and CSCR hospital Dataset\Train\glioma\Tr-gl_1086.jpg,glioma
data\raw\Epic and CSCR hospital Dataset\Train\glioma\Tr-gl_0509.jpg,glioma
data\raw\Epic and CSCR hospital Dataset\Train\glioma\G_846_DA_.jpg,glioma
data\raw\Epic and CSCR hospital Dataset\Train\meningioma\m3 (106).jpg,meningioma
data\raw\Epic and CSCR hospital Dataset\Train\glioma\Tr-gl_0795.jpg,glioma
data\raw\Epic and CSCR hospital Dataset\Train\pituitary\Tr-pi_0610.jpg,pituitary
data\raw\Epic and CSCR hospital Dataset\Train\pituitary\Tr-pi_1070.jpg,pituitary
data\raw\Epic and CSCR hospital Dataset\Train\meningioma\Tr-me_0111.jpg,meningioma
data\raw\Epic and CSCR hospital Dataset\Train\meningioma\m3 (105).jpg,meningioma
data\raw\Epic and CSCR hospital Dataset\Train\glioma\gg (670).jpg,glioma
data\raw\Epic and CSCR hospital Dataset\Train\pituitary\P_816_HF_.jpg,pituitary
data\raw\Epic and CSCR hospital Dataset\Train\glioma\Tr-gl_1031.jpg,glioma
data\raw\Epic and CSCR hospital Dataset\Train\glioma\Tr-gl_0604.jpg,glioma
data\raw\Epic and CSCR hospital Dataset\Train\pituitary\P_78.jpg,pituitary
data\raw\Epic and CSCR hospital Dataset\Train\notumor\Te-no_0151.jpg,notumor
data\raw\Epic and CSCR hospital Dataset\Train\glioma\Tr-gl_0281.jpg,glioma
data\raw\Epic and CSCR hospital Dataset\Train\glioma\G_825_BR_.jpg,glioma
data\raw\Epic and CSCR hospital Dataset\Train\pituitary\Tr-pi_1049.jpg,pituitary
data\raw\Epic and CSCR hospital Dataset\Train\meningioma\Tr-me_1290.jpg,meningioma
data\raw\Epic and CSCR hospital Dataset\Train\pituitary\P_810_RO_.jpg,pituitary
data\raw\Epic and CSCR hospital Dataset\Train\glioma\G_866_BR_.jpg,glioma
data\raw\Epic and CSCR hospital Dataset\Train\glioma\G_766_BR_.jpg,glioma
data\raw\Epic and CSCR hospital Dataset\Train\meningioma\1367.jpg,meningioma
data\raw\Epic and CSCR hospital Dataset\Train\notumor\N_382_HF_.jpg,notumor
data\raw\Epic and CSCR hospital Dataset\Train\meningioma\Tr-me_0850.jpg,meningioma
data\raw\Epic and CSCR hospital Dataset\Train\pituitary\Tr-pi_0618.jpg,pituitary
data\raw\Epic and CSCR hospital Dataset\Train\meningioma\Tr-me_0995.jpg,meningioma
data\raw\Epic and CSCR hospital Dataset\Train\glioma\Tr-gl_0958.jpg,glioma
data\raw\Epic and CSCR hospital Dataset\Train\glioma\G_890_HF_.jpg,glioma
data\raw\Epic and CSCR hospital Dataset\Train\meningioma\Tr-me_0980.jpg,meningioma
data\raw\Epic and CSCR hospital Dataset\Train\pituitary\Tr-pi_0138.jpg,pituitary
data\raw\Epic and CSCR hospital Dataset\Train\glioma\Tr-gl_0260.jpg,glioma
data\raw\Epic and CSCR hospital Dataset\Train\glioma\G_741_BR_.jpg,glioma
data\raw\Epic and CSCR hospital Dataset\Train\notumor\Te-no_0146.jpg,notumor
data\raw\Epic and CSCR hospital Dataset\Train\pituitary\P_818_VF_.jpg,pituitary
data\raw\Epic and CSCR hospital Dataset\Train\meningioma\m3 (164).jpg,meningioma
data\raw\Epic and CSCR hospital Dataset\Train\glioma\G_771.jpg,glioma
data\raw\Epic and CSCR hospital Dataset\Train\glioma\G_736_SP_.jpg,glioma
data\raw\Epic and CSCR hospital Dataset\Train\notumor\N_431_SP_.jpg,notumor
data\raw\Epic and CSCR hospital Dataset\Train\glioma\gg (628).jpg,glioma
data\raw\Epic and CSCR hospital Dataset\Train\pituitary\Tr-pi_1036.jpg,pituitary
data\raw\Epic and CSCR hospital Dataset\Train\notumor\Tr-no_0594.jpg,notumor
data\raw\Epic and CSCR hospital Dataset\Train\glioma\Tr-gl_0252.jpg,glioma
data\raw\Epic and CSCR hospital Dataset\Train\pituitary\P_713.jpg,pituitary
data\raw\Epic and CSCR hospital Dataset\Train\glioma\image(28).jpg,glioma
data\raw\Epic and CSCR hospital Dataset\Train\notumor\N_411_VF_.jpg,notumor
data\raw\Epic and CSCR hospital Dataset\Train\glioma\Te-gl_0106.jpg,glioma
data\raw\Epic and CSCR hospital Dataset\Train\glioma\image(54).jpg,glioma
data\raw\Epic and CSCR hospital Dataset\Train\pituitary\Tr-pi_0568.jpg,pituitary
data\raw\Epic and CSCR hospital Dataset\Train\meningioma\Tr-me_0303.jpg,meningioma
data\raw\Epic and CSCR hospital Dataset\Train\pituitary\P_734_RO_.jpg,pituitary
data\raw\Epic and CSCR hospital Dataset\Train\pituitary\P_842_DA_.jpg,pituitary
data\raw\Epic and CSCR hospital Dataset\Train\notumor\Tr-no_0299.jpg,notumor
data\raw\Epic and CSCR hospital Dataset\Train\meningioma\M_864_SP_.jpg,meningioma
data\raw\Epic and CSCR hospital Dataset\Train\pituitary\P_728_RO_.jpg,pituitary
data\raw\Epic and CSCR hospital Dataset\Train\glioma\Tr-gl_0143.jpg,glioma
data\raw\Epic and CSCR hospital Dataset\Train\glioma\gg (637).jpg,glioma
data\raw\Epic and CSCR hospital Dataset\Train\notumor\1698.jpg,notumor
data\raw\Epic and CSCR hospital Dataset\Train\meningioma\Tr-me_1064.jpg,meningioma
data\raw\Epic and CSCR hospital Dataset\Train\glioma\Tr-gl_0963.jpg,glioma
data\raw\Epic and CSCR hospital Dataset\Train\pituitary\Tr-pi_1039.jpg,pituitary
data\raw\Epic and CSCR hospital Dataset\Train\glioma\Tr-gl_0398.jpg,glioma
data\raw\Epic and CSCR hospital Dataset\Train\pituitary\P_751.jpg,pituitary
data\raw\Epic and CSCR hospital Dataset\Train\meningioma\1346.jpg,meningioma
data\raw\Epic and CSCR hospital Dataset\Train\glioma\Tr-gl_1129.jpg,glioma
data\raw\Epic and CSCR hospital Dataset\Train\glioma\gg (605).jpg,glioma
data\raw\Epic and CSCR hospital Dataset\Train\meningioma\Tr-me_0112.jpg,meningioma
data\raw\Epic and CSCR hospital Dataset\Train\glioma\Tr-gl_0799.jpg,glioma
data\raw\Epic and CSCR hospital Dataset\Train\pituitary\P_794.jpg,pituitary
data\raw\Epic and CSCR hospital Dataset\Train\pituitary\P_710_DA_.jpg,pituitary
data\raw\Epic and CSCR hospital Dataset\Train\pituitary\P_802_RO_.jpg,pituitary
data\raw\Epic and CSCR hospital Dataset\Train\notumor\Tr-no_0521.jpg,notumor
data\raw\Epic and CSCR hospital Dataset\Train\glioma\G_776_HF_.jpg,glioma
data\raw\Epic and CSCR hospital Dataset\Train\meningioma\m2 (2).jpg,meningioma
data\raw\Epic and CSCR hospital Dataset\Train\glioma\Tr-gl_0517.jpg,glioma
data\raw\Epic and CSCR hospital Dataset\Train\notumor\N_413_SP_.jpg,notumor
data\raw\Epic and CSCR hospital Dataset\Train\notumor\Tr-no_0650.jpg,notumor
data\raw\Epic and CSCR hospital Dataset\Train\glioma\G_874_DA_.jpg,glioma
data\raw\Epic and CSCR hospital Dataset\Train\meningioma\M_835_RO_.jpg,meningioma
data\raw\Epic and CSCR hospital Dataset\Train\meningioma\m2 (65).jpg,meningioma
data\raw\Epic and CSCR hospital Dataset\Train\notumor\Tr-no_0107.jpg,notumor
data\raw\Epic and CSCR hospital Dataset\Train\glioma\G_815_HF_.jpg,glioma
data\raw\Epic and CSCR hospital Dataset\Train\glioma\G_771_HF_.jpg,glioma
data\raw\Epic and CSCR hospital Dataset\Train\glioma\G_777_DA_.jpg,glioma
data\raw\Epic and CSCR hospital Dataset\Train\glioma\Tr-gl_1058.jpg,glioma
data\raw\Epic and CSCR hospital Dataset\Train\notumor\1868.jpg,notumor
data\raw\Epic and CSCR hospital Dataset\Train\glioma\G_723_SP_.jpg,glioma
data\raw\Epic and CSCR hospital Dataset\Train\notumor\N_398_BR_.jpg,notumor
data\raw\Epic and CSCR hospital Dataset\Train\notumor\N_376.jpg,notumor
data\raw\Epic and CSCR hospital Dataset\Train\meningioma\Te-me_0215.jpg,meningioma
data\raw\Epic and CSCR hospital Dataset\Train\notumor\N_417_BR_.jpg,notumor
data\raw\Epic and CSCR hospital Dataset\Train\glioma\G_739_BR_.jpg,glioma
data\raw\Epic and CSCR hospital Dataset\Train\notumor\1783.jpg,notumor
data\raw\Epic and CSCR hospital Dataset\Train\meningioma\1407.jpg,meningioma
data\raw\Epic and CSCR hospital Dataset\Train\meningioma\M_861_RO_.jpg,meningioma
data\raw\Epic and CSCR hospital Dataset\Train\meningioma\M_868_DA_.jpg,meningioma
data\raw\Epic and CSCR hospital Dataset\Train\notumor\Tr-no_0233.jpg,notumor
data\raw\Epic and CSCR hospital Dataset\Train\pituitary\Te-pi_0160.jpg,pituitary
data\raw\Epic and CSCR hospital Dataset\Train\pituitary\Te-pi_0029.jpg,pituitary
data\raw\Epic and CSCR hospital Dataset\Train\notumor\N_437_VF_.jpg,notumor
data\raw\Epic and CSCR hospital Dataset\Train\notumor\N_432.jpg,notumor
data\raw\Epic and CSCR hospital Dataset\Train\notumor\N_3_SP_.jpg,notumor
data\raw\Epic and CSCR hospital Dataset\Train\pituitary\P_798_VF_.jpg,pituitary
data\raw\Epic and CSCR hospital Dataset\Train\pituitary\P_76.jpg,pituitary
data\raw\Epic and CSCR hospital Dataset\Train\meningioma\Tr-me_0200.jpg,meningioma
data\raw\Epic and CSCR hospital Dataset\Train\meningioma\Tr-me_0302.jpg,meningioma
data\raw\Epic and CSCR hospital Dataset\Train\glioma\G_87_VF_.jpg,glioma
data\raw\Epic and CSCR hospital Dataset\Train\notumor\N_375_DA_.jpg,notumor
data\raw\Epic and CSCR hospital Dataset\Train\pituitary\p (493).jpg,pituitary
data\raw\Epic and CSCR hospital Dataset\Train\meningioma\m2 (111).jpg,meningioma
data\raw\Epic and CSCR hospital Dataset\Train\notumor\Te-no_0174.jpg,notumor
data\raw\Epic and CSCR hospital Dataset\Train\meningioma\Tr-me_1222.jpg,meningioma
data\raw\Epic and CSCR hospital Dataset\Train\notumor\N_420_BR_.jpg,notumor
data\raw\Epic and CSCR hospital Dataset\Train\pituitary\Tr-pi_1136.jpg,pituitary
data\raw\Epic and CSCR hospital Dataset\Train\glioma\G_869_SP_.jpg,glioma
data\raw\Epic and CSCR hospital Dataset\Train\meningioma\Tr-me_0221.jpg,meningioma
data\raw\Epic and CSCR hospital Dataset\Train\meningioma\Tr-me_0989.jpg,meningioma
data\raw\Epic and CSCR hospital Dataset\Train\glioma\Tr-gl_1182.jpg,glioma
data\raw\Epic and CSCR hospital Dataset\Train\meningioma\Tr-me_1143.jpg,meningioma
data\raw\Epic and CSCR hospital Dataset\Train\notumor\Te-no_0145.jpg,notumor
data\raw\Epic and CSCR hospital Dataset\Train\pituitary\P_788_DA_.jpg,pituitary
data\raw\Epic and CSCR hospital Dataset\Train\notumor\Te-no_0140.jpg,notumor
data\raw\Epic and CSCR hospital Dataset\Train\meningioma\Tr-me_1156.jpg,meningioma
data\raw\Epic and CSCR hospital Dataset\Train\notumor\N_39_VF_.jpg,notumor
data\raw\Epic and CSCR hospital Dataset\Train\pituitary\p (601).jpg,pituitary
data\raw\Epic and CSCR hospital Dataset\Train\meningioma\Tr-me_1031.jpg,meningioma
data\raw\Epic and CSCR hospital Dataset\Train\glioma\gg (331).jpg,glioma
data\raw\Epic and CSCR hospital Dataset\Train\meningioma\m2 (120).jpg,meningioma
data\raw\Epic and CSCR hospital Dataset\Train\pituitary\P_734_VF_.jpg,pituitary
data\raw\Epic and CSCR hospital Dataset\Train\notumor\Tr-no_0168.jpg,notumor
data\raw\Epic and CSCR hospital Dataset\Train\notumor\Te-no_0295.jpg,notumor
data\raw\Epic and CSCR hospital Dataset\Train\meningioma\M_875.jpg,meningioma
data\raw\Epic and CSCR hospital Dataset\Train\pituitary\P_771_DA_.jpg,pituitary
data\raw\Epic and CSCR hospital Dataset\Train\pituitary\Tr-pi_0634.jpg,pituitary
data\raw\Epic and CSCR hospital Dataset\Train\notumor\Tr-no_0545.jpg,notumor
data\raw\Epic and CSCR hospital Dataset\Train\glioma\gg (408).jpg,glioma
data\raw\Epic and CSCR hospital Dataset\Train\meningioma\Te-me_0199.jpg,meningioma
data\raw\Epic and CSCR hospital Dataset\Train\glioma\gg (579).jpg,glioma
data\raw\Epic and CSCR hospital Dataset\Train\notumor\Tr-no_0494.jpg,notumor
data\raw\Epic and CSCR hospital Dataset\Train\pituitary\P_774.jpg,pituitary
data\raw\Epic and CSCR hospital Dataset\Train\notumor\N_393_DA_.jpg,notumor
data\raw\Epic and CSCR hospital Dataset\Train\notumor\N_49_SP_.jpg,notumor
data\raw\Epic and CSCR hospital Dataset\Train\notumor\N_57_SP_.jpg,notumor
data\raw\Epic and CSCR hospital Dataset\Train\meningioma\Te-me_0216.jpg,meningioma
data\raw\Epic and CSCR hospital Dataset\Train\pituitary\P_841_HF_.jpg,pituitary
data\raw\Epic and CSCR hospital Dataset\Train\glioma\G_778_RO_.jpg,glioma
data\raw\Epic and CSCR hospital Dataset\Train\glioma\Tr-gl_0794.jpg,glioma
data\raw\Epic and CSCR hospital Dataset\Train\pituitary\P_805_VF_.jpg,pituitary
data\raw\Epic and CSCR hospital Dataset\Train\notumor\Tr-no_0632.jpg,notumor
data\raw\Epic and CSCR hospital Dataset\Train\glioma\G_878_HF_.jpg,glioma
data\raw\Epic and CSCR hospital Dataset\Train\pituitary\P_787_SP_.jpg,pituitary
data\raw\Epic and CSCR hospital Dataset\Train\glioma\G_829.jpg,glioma
data\raw\Epic and CSCR hospital Dataset\Train\pituitary\P_842_BR_.jpg,pituitary
data\raw\Epic and CSCR hospital Dataset\Train\meningioma\Tr-me_0903.jpg,meningioma
data\raw\Epic and CSCR hospital Dataset\Train\glioma\Te-gl_0135.jpg,glioma
data\raw\Epic and CSCR hospital Dataset\Train\meningioma\m3 (141).jpg,meningioma
data\raw\Epic and CSCR hospital Dataset\Train\glioma\G_773_HF_.jpg,glioma
data\raw\Epic and CSCR hospital Dataset\Train\notumor\Te-no_0076.jpg,notumor
data\raw\Epic and CSCR hospital Dataset\Train\glioma\G_796_RO_.jpg,glioma
data\raw\Epic and CSCR hospital Dataset\Train\meningioma\M_880_RO_.jpg,meningioma
data\raw\Epic and CSCR hospital Dataset\Train\glioma\gg (327).jpg,glioma
data\raw\Epic and CSCR hospital Dataset\Train\meningioma\Tr-me_0201.jpg,meningioma
data\raw\Epic and CSCR hospital Dataset\Train\notumor\N_400_SP_.jpg,notumor
data\raw\Epic and CSCR hospital Dataset\Train\glioma\Tr-gl_0230.jpg,glioma
data\raw\Epic and CSCR hospital Dataset\Train\glioma\Tr-gl_1239.jpg,glioma
data\raw\Epic and CSCR hospital Dataset\Train\pituitary\Te-pi_0118.jpg,pituitary
data\raw\Epic and CSCR hospital Dataset\Train\glioma\Tr-gl_0229.jpg,glioma
data\raw\Epic and CSCR hospital Dataset\Train\meningioma\Tr-me_1131.jpg,meningioma
data\raw\Epic and CSCR hospital Dataset\Train\pituitary\Tr-pi_0124.jpg,pituitary
data\raw\Epic and CSCR hospital Dataset\Train\pituitary\Tr-pi_1323.jpg,pituitary
data\raw\Epic and CSCR hospital Dataset\Train\pituitary\P_840_VF_.jpg,pituitary
data\raw\Epic and CSCR hospital Dataset\Train\glioma\G_762_VF_.jpg,glioma
data\raw\Epic and CSCR hospital Dataset\Train\glioma\G_730_RO_.jpg,glioma
data\raw\Epic and CSCR hospital Dataset\Train\pituitary\P_787_RO_.jpg,pituitary
data\raw\Epic and CSCR hospital Dataset\Train\meningioma\m2 (15).jpg,meningioma
data\raw\Epic and CSCR hospital Dataset\Train\pituitary\P_803_RO_.jpg,pituitary
data\raw\Epic and CSCR hospital Dataset\Train\pituitary\Tr-pi_1146.jpg,pituitary
data\raw\Epic and CSCR hospital Dataset\Train\glioma\Tr-gl_0272.jpg,glioma
data\raw\Epic and CSCR hospital Dataset\Train\pituitary\P_809.jpg,pituitary
data\raw\Epic and CSCR hospital Dataset\Train\glioma\G_877_VF_.jpg,glioma
data\raw\Epic and CSCR hospital Dataset\Train\glioma\gg (564).jpg,glioma
data\raw\Epic and CSCR hospital Dataset\Train\notumor\N_401_HF_.jpg,notumor
data\raw\Epic and CSCR hospital Dataset\Train\meningioma\1430.jpg,meningioma
data\raw\Epic and CSCR hospital Dataset\Train\glioma\gg (618).jpg,glioma
data\raw\Epic and CSCR hospital Dataset\Train\meningioma\m1(92).jpg,meningioma
data\raw\Epic and CSCR hospital Dataset\Train\meningioma\Tr-me_0322.jpg,meningioma
data\raw\Epic and CSCR hospital Dataset\Train\pituitary\Tr-pi_0135.jpg,pituitary
data\raw\Epic and CSCR hospital Dataset\Train\glioma\G_796_VF_.jpg,glioma
data\raw\Epic and CSCR hospital Dataset\Train\glioma\G_875.jpg,glioma
data\raw\Epic and CSCR hospital Dataset\Train\pituitary\Te-pi_0069.jpg,pituitary
data\raw\Epic and CSCR hospital Dataset\Train\meningioma\M_874_HF_.jpg,meningioma
data\raw\Epic and CSCR hospital Dataset\Train\pituitary\Tr-pi_1121.jpg,pituitary
data\raw\Epic and CSCR hospital Dataset\Train\notumor\Tr-no_0609.jpg,notumor
data\raw\Epic and CSCR hospital Dataset\Train\glioma\Tr-gl_0551.jpg,glioma
data\raw\Epic and CSCR hospital Dataset\Train\glioma\G_792.jpg,glioma
data\raw\Epic and CSCR hospital Dataset\Train\pituitary\Tr-pi_1171.jpg,pituitary
data\raw\Epic and CSCR hospital Dataset\Train\meningioma\Tr-me_0831.jpg,meningioma
data\raw\Epic and CSCR hospital Dataset\Train\meningioma\Tr-me_0246.jpg,meningioma
data\raw\Epic and CSCR hospital Dataset\Train\notumor\1719.jpg,notumor
data\raw\Epic and CSCR hospital Dataset\Train\pituitary\P_747_VF_.jpg,pituitary
data\raw\Epic and CSCR hospital Dataset\Train\glioma\Tr-gl_0351.jpg,glioma
data\raw\Epic and CSCR hospital Dataset\Train\meningioma\M_852_VF_.jpg,meningioma
data\raw\Epic and CSCR hospital Dataset\Train\glioma\Tr-gl_0856.jpg,glioma
data\raw\Epic and CSCR hospital Dataset\Train\glioma\Te-gl_0091.jpg,glioma
data\raw\Epic and CSCR hospital Dataset\Train\notumor\N_418_DA_.jpg,notumor
data\raw\Epic and CSCR hospital Dataset\Train\pituitary\Te-pi_0047.jpg,pituitary
data\raw\Epic and CSCR hospital Dataset\Train\glioma\G_840_RO_.jpg,glioma
data\raw\Epic and CSCR hospital Dataset\Train\meningioma\1381.jpg,meningioma
data\raw\Epic and CSCR hospital Dataset\Train\notumor\Tr-no_0209.jpg,notumor
data\raw\Epic and CSCR hospital Dataset\Train\notumor\Tr-no_0459.jpg,notumor
data\raw\Epic and CSCR hospital Dataset\Train\pituitary\Te-pi_0193.jpg,pituitary
data\raw\Epic and CSCR hospital Dataset\Train\notumor\Tr-no_0535.jpg,notumor
data\raw\Epic and CSCR hospital Dataset\Train\notumor\Tr-no_0297.jpg,notumor
data\raw\Epic and CSCR hospital Dataset\Train\glioma\gg (506).jpg,glioma
data\raw\Epic and CSCR hospital Dataset\Train\glioma\G_889_RO_.jpg,glioma
data\raw\Epic and CSCR hospital Dataset\Train\glioma\Tr-gl_0801.jpg,glioma
data\raw\Epic and CSCR hospital Dataset\Train\glioma\Tr-gl_0210.jpg,glioma
data\raw\Epic and CSCR hospital Dataset\Train\meningioma\1392.jpg,meningioma
data\raw\Epic and CSCR hospital Dataset\Train\notumor\1668.jpg,notumor
data\raw\Epic and CSCR hospital Dataset\Train\notumor\Te-no_0148.jpg,notumor
data\raw\Epic and CSCR hospital Dataset\Train\pituitary\Tr-pi_1074.jpg,pituitary
data\raw\Epic and CSCR hospital Dataset\Train\meningioma\Tr-me_0812.jpg,meningioma
data\raw\Epic and CSCR hospital Dataset\Train\glioma\G_858_SP_.jpg,glioma
data\raw\Epic and CSCR hospital Dataset\Train\pituitary\P_70_SP_.jpg,pituitary
data\raw\Epic and CSCR hospital Dataset\Train\pituitary\Tr-pi_0639.jpg,pituitary
data\raw\Epic and CSCR hospital Dataset\Train\meningioma\M_853_BR_.jpg,meningioma
data\raw\Epic and CSCR hospital Dataset\Train\glioma\G_769_RO_.jpg,glioma
data\raw\Epic and CSCR hospital Dataset\Train\pituitary\P_79_SP_.jpg,pituitary
data\raw\Epic and CSCR hospital Dataset\Train\meningioma\M_865.jpg,meningioma
data\raw\Epic and CSCR hospital Dataset\Train\meningioma\Tr-me_1182.jpg,meningioma
data\raw\Epic and CSCR hospital Dataset\Train\notumor\Tr-no_0458.jpg,notumor
data\raw\Epic and CSCR hospital Dataset\Train\glioma\G_884.jpg,glioma
data\raw\Epic and CSCR hospital Dataset\Train\glioma\gg (385).jpg,glioma
data\raw\Epic and CSCR hospital Dataset\Train\glioma\Tr-gl_0320.jpg,glioma
data\raw\Epic and CSCR hospital Dataset\Train\pituitary\Te-pi_0025.jpg,pituitary
data\raw\Epic and CSCR hospital Dataset\Train\meningioma\M_887_BR_.jpg,meningioma
data\raw\Epic and CSCR hospital Dataset\Train\glioma\G_776_VF_.jpg,glioma
data\raw\Epic and CSCR hospital Dataset\Train\meningioma\M_878_VF_.jpg,meningioma
data\raw\Epic and CSCR hospital Dataset\Train\glioma\Tr-gl_0416.jpg,glioma
data\raw\Epic and CSCR hospital Dataset\Train\glioma\G_722_BR_.jpg,glioma
data\raw\Epic and CSCR hospital Dataset\Train\meningioma\m2 (56).jpg,meningioma
data\raw\Epic and CSCR hospital Dataset\Train\pituitary\Tr-pi_0234.jpg,pituitary
data\raw\Epic and CSCR hospital Dataset\Train\meningioma\Tr-me_1335.jpg,meningioma
data\raw\Epic and CSCR hospital Dataset\Train\pituitary\P_782_RO_.jpg,pituitary
data\raw\Epic and CSCR hospital Dataset\Train\notumor\N_432_SP_.jpg,notumor
data\raw\Epic and CSCR hospital Dataset\Train\notumor\33 no.jpg,notumor
data\raw\Epic and CSCR hospital Dataset\Train\notumor\N_3_VF_.jpg,notumor
data\raw\Epic and CSCR hospital Dataset\Train\glioma\Tr-gl_0359.jpg,glioma
data\raw\Epic and CSCR hospital Dataset\Train\glioma\G_843.jpg,glioma
data\raw\Epic and CSCR hospital Dataset\Train\glioma\G_734_SP_.jpg,glioma
data\raw\Epic and CSCR hospital Dataset\Train\meningioma\Tr-me_0943.jpg,meningioma
data\raw\Epic and CSCR hospital Dataset\Train\pituitary\Tr-pi_0616.jpg,pituitary
data\raw\Epic and CSCR hospital Dataset\Train\glioma\Tr-gl_1262.jpg,glioma
data\raw\Epic and CSCR hospital Dataset\Train\glioma\Te-gl_0182.jpg,glioma
data\raw\Epic and CSCR hospital Dataset\Train\meningioma\M_839_DA_.jpg,meningioma
data\raw\Epic and CSCR hospital Dataset\Train\pituitary\p (522).jpg,pituitary
data\raw\Epic and CSCR hospital Dataset\Train\meningioma\Tr-me_1197.jpg,meningioma
data\raw\Epic and CSCR hospital Dataset\Train\glioma\image(66).jpg,glioma
data\raw\Epic and CSCR hospital Dataset\Train\pituitary\Tr-pi_1261.jpg,pituitary
data\raw\Epic and CSCR hospital Dataset\Train\notumor\1735.jpg,notumor
data\raw\Epic and CSCR hospital Dataset\Train\glioma\Te-gl_0254.jpg,glioma
data\raw\Epic and CSCR hospital Dataset\Train\pituitary\P_743_DA_.jpg,pituitary
data\raw\Epic and CSCR hospital Dataset\Train\notumor\N_424_DA_.jpg,notumor
data\raw\Epic and CSCR hospital Dataset\Train\glioma\Tr-gl_0346.jpg,glioma
data\raw\Epic and CSCR hospital Dataset\Train\pituitary\Tr-pi_0606.jpg,pituitary
data\raw\Epic and CSCR hospital Dataset\Train\notumor\N_37_BR_.jpg,notumor
data\raw\Epic and CSCR hospital Dataset\Train\notumor\Te-no_0362.jpg,notumor
data\raw\Epic and CSCR hospital Dataset\Train\pituitary\P_712.jpg,pituitary
data\raw\Epic and CSCR hospital Dataset\Train\meningioma\Tr-me_0838.jpg,meningioma
data\raw\Epic and CSCR hospital Dataset\Train\notumor\Te-no_0230.jpg,notumor
data\raw\Epic and CSCR hospital Dataset\Train\glioma\G_828_DA_.jpg,glioma
data\raw\Epic and CSCR hospital Dataset\Train\glioma\G_791_HF_.jpg,glioma
data\raw\Epic and CSCR hospital Dataset\Train\glioma\Tr-gl_1261.jpg,glioma
data\raw\Epic and CSCR hospital Dataset\Train\glioma\gg (625).jpg,glioma
data\raw\Epic and CSCR hospital Dataset\Train\pituitary\P_721_BR_.jpg,pituitary
data\raw\Epic and CSCR hospital Dataset\Train\glioma\Te-gl_0210.jpg,glioma
data\raw\Epic and CSCR hospital Dataset\Train\pituitary\1194.jpg,pituitary
data\raw\Epic and CSCR hospital Dataset\Train\glioma\gg (369).jpg,glioma
data\raw\Epic and CSCR hospital Dataset\Train\glioma\Tr-gl_1217.jpg,glioma
data\raw\Epic and CSCR hospital Dataset\Train\meningioma\M_842_BR_.jpg,meningioma
data\raw\Epic and CSCR hospital Dataset\Train\pituitary\Tr-pi_1093.jpg,pituitary
data\raw\Epic and CSCR hospital Dataset\Train\meningioma\Tr-me_0073.jpg,meningioma
data\raw\Epic and CSCR hospital Dataset\Train\meningioma\M_876_RO_.jpg,meningioma
data\raw\Epic and CSCR hospital Dataset\Train\meningioma\M_859_SP_.jpg,meningioma
data\raw\Epic and CSCR hospital Dataset\Train\glioma\Tr-gl_0258.jpg,glioma
data\raw\Epic and CSCR hospital Dataset\Train\notumor\Tr-no_0406.jpg,notumor
data\raw\Epic and CSCR hospital Dataset\Train\glioma\G_743_VF_.jpg,glioma
data\raw\Epic and CSCR hospital Dataset\Train\pituitary\Te-pi_0121.jpg,pituitary
data\raw\Epic and CSCR hospital Dataset\Train\meningioma\M_883_SP_.jpg,meningioma
data\raw\Epic and CSCR hospital Dataset\Train\meningioma\M_861.jpg,meningioma
data\raw\Epic and CSCR hospital Dataset\Train\notumor\N_435_SP_.jpg,notumor
data\raw\Epic and CSCR hospital Dataset\Train\glioma\gg (44).jpg,glioma
data\raw\Epic and CSCR hospital Dataset\Train\glioma\G_791_DA_.jpg,glioma
data\raw\Epic and CSCR hospital Dataset\Train\glioma\G_852_BR_.jpg,glioma
data\raw\Epic and CSCR hospital Dataset\Train\notumor\Te-no_0172.jpg,notumor
data\raw\Epic and CSCR hospital Dataset\Train\pituitary\Tr-pi_0118.jpg,pituitary
data\raw\Epic and CSCR hospital Dataset\Train\pituitary\P_834_RO_.jpg,pituitary
data\raw\Epic and CSCR hospital Dataset\Train\meningioma\M_833_DA_.jpg,meningioma
data\raw\Epic and CSCR hospital Dataset\Train\glioma\G_823.jpg,glioma
data\raw\Epic and CSCR hospital Dataset\Train\meningioma\Tr-me_0839.jpg,meningioma
data\raw\Epic and CSCR hospital Dataset\Train\pituitary\P_727_DA_.jpg,pituitary
data\raw\Epic and CSCR hospital Dataset\Train\glioma\Tr-gl_0922.jpg,glioma
data\raw\Epic and CSCR hospital Dataset\Train\glioma\G_865_HF_.jpg,glioma
data\raw\Epic and CSCR hospital Dataset\Train\glioma\Tr-gl_0209.jpg,glioma
data\raw\Epic and CSCR hospital Dataset\Train\meningioma\Tr-me_0909.jpg,meningioma
data\raw\Epic and CSCR hospital Dataset\Train\notumor\Te-no_0090.jpg,notumor
data\raw\Epic and CSCR hospital Dataset\Train\glioma\Tr-gl_0311.jpg,glioma
data\raw\Epic and CSCR hospital Dataset\Train\glioma\G_835_DA_.jpg,glioma
data\raw\Epic and CSCR hospital Dataset\Train\pituitary\P_769_VF_.jpg,pituitary
data\raw\Epic and CSCR hospital Dataset\Train\glioma\G_795_BR_.jpg,glioma
data\raw\Epic and CSCR hospital Dataset\Train\notumor\N_394_HF_.jpg,notumor
data\raw\Epic and CSCR hospital Dataset\Train\meningioma\M_825_DA_.jpg,meningioma
data\raw\Epic and CSCR hospital Dataset\Train\glioma\G_847_HF_.jpg,glioma
data\raw\Epic and CSCR hospital Dataset\Train\glioma\Tr-gl_0257.jpg,glioma
data\raw\Epic and CSCR hospital Dataset\Train\notumor\Tr-no_0554.jpg,notumor
data\raw\Epic and CSCR hospital Dataset\Train\pituitary\P_733_BR_.jpg,pituitary
data\raw\Epic and CSCR hospital Dataset\Train\pituitary\p (499).jpg,pituitary
data\raw\Epic and CSCR hospital Dataset\Train\pituitary\Te-pi_0036.jpg,pituitary
data\raw\Epic and CSCR hospital Dataset\Train\pituitary\Tr-pi_0625.jpg,pituitary
data\raw\Epic and CSCR hospital Dataset\Train\glioma\Tr-gl_0148.jpg,glioma
data\raw\Epic and CSCR hospital Dataset\Train\meningioma\m2 (160).jpg,meningioma
data\raw\Epic and CSCR hospital Dataset\Train\glioma\Tr-gl_0511.jpg,glioma
data\raw\Epic and CSCR hospital Dataset\Train\pituitary\Tr-pi_1011.jpg,pituitary
data\raw\Epic and CSCR hospital Dataset\Train\notumor\1590.jpg,notumor
data\raw\Epic and CSCR hospital Dataset\Train\glioma\G_837_VF_.jpg,glioma
data\raw\Epic and CSCR hospital Dataset\Train\meningioma\Tr-me_0222.jpg,meningioma
data\raw\Epic and CSCR hospital Dataset\Train\notumor\Te-no_0282.jpg,notumor
data\raw\Epic and CSCR hospital Dataset\Train\meningioma\m2 (83).jpg,meningioma
data\raw\Epic and CSCR hospital Dataset\Train\glioma\G_820.jpg,glioma
data\raw\Epic and CSCR hospital Dataset\Train\meningioma\m2 (176).jpg,meningioma
data\raw\Epic and CSCR hospital Dataset\Train\notumor\N_395_RO_.jpg,notumor
data\raw\Epic and CSCR hospital Dataset\Train\glioma\Tr-gl_0439.jpg,glioma
data\raw\Epic and CSCR hospital Dataset\Train\pituitary\P_775_HF_.jpg,pituitary
data\raw\Epic and CSCR hospital Dataset\Train\notumor\image(180).jpg,notumor
data\raw\Epic and CSCR hospital Dataset\Train\pituitary\P_809_VF_.jpg,pituitary
data\raw\Epic and CSCR hospital Dataset\Train\glioma\G_740_HF_.jpg,glioma
data\raw\Epic and CSCR hospital Dataset\Train\pituitary\Tr-pi_0238.jpg,pituitary
data\raw\Epic and CSCR hospital Dataset\Train\glioma\gg (611).jpg,glioma
data\raw\Epic and CSCR hospital Dataset\Train\meningioma\m3 (107).jpg,meningioma
data\raw\Epic and CSCR hospital Dataset\Train\glioma\Tr-gl_0598.jpg,glioma
data\raw\Epic and CSCR hospital Dataset\Train\pituitary\Tr-pi_1056.jpg,pituitary
data\raw\Epic and CSCR hospital Dataset\Train\glioma\G_887_DA_.jpg,glioma
data\raw\Epic and CSCR hospital Dataset\Train\glioma\G_757.jpg,glioma
data\raw\Epic and CSCR hospital Dataset\Train\meningioma\m2 (81).jpg,meningioma
data\raw\Epic and CSCR hospital Dataset\Train\glioma\G_792_HF_.jpg,glioma
data\raw\Epic and CSCR hospital Dataset\Train\notumor\image(193).jpg,notumor
data\raw\Epic and CSCR hospital Dataset\Train\glioma\G_887_VF_.jpg,glioma
data\raw\Epic and CSCR hospital Dataset\Train\glioma\G_868_DA_.jpg,glioma
data\raw\Epic and CSCR hospital Dataset\Train\glioma\G_710_VF_.jpg,glioma
data\raw\Epic and CSCR hospital Dataset\Train\glioma\G_890_BR_.jpg,glioma
data\raw\Epic and CSCR hospital Dataset\Train\glioma\Te-gl_0074.jpg,glioma
data\raw\Epic and CSCR hospital Dataset\Train\pituitary\Tr-pi_0772.jpg,pituitary
data\raw\Epic and CSCR hospital Dataset\Train\glioma\Tr-gl_1266.jpg,glioma
data\raw\Epic and CSCR hospital Dataset\Train\pituitary\1199.jpg,pituitary
data\raw\Epic and CSCR hospital Dataset\Train\glioma\Tr-gl_0471.jpg,glioma
data\raw\Epic and CSCR hospital Dataset\Train\pituitary\P_817_VF_.jpg,pituitary
data\raw\Epic and CSCR hospital Dataset\Train\pituitary\p (564).jpg,pituitary
data\raw\Epic and CSCR hospital Dataset\Train\pituitary\Tr-pi_0682.jpg,pituitary
data\raw\Epic and CSCR hospital Dataset\Train\pituitary\P_791_SP_.jpg,pituitary
data\raw\Epic and CSCR hospital Dataset\Train\glioma\G_722_SP_.jpg,glioma
data\raw\Epic and CSCR hospital Dataset\Train\meningioma\Te-me_0091.jpg,meningioma
data\raw\Epic and CSCR hospital Dataset\Train\meningioma\M_863_BR_.jpg,meningioma
data\raw\Epic and CSCR hospital Dataset\Train\glioma\G_809.jpg,glioma
data\raw\Epic and CSCR hospital Dataset\Train\glioma\G_800.jpg,glioma
data\raw\Epic and CSCR hospital Dataset\Train\meningioma\m2 (101).jpg,meningioma
data\raw\Epic and CSCR hospital Dataset\Train\notumor\1860.jpg,notumor
data\raw\Epic and CSCR hospital Dataset\Train\pituitary\P_814_VF_.jpg,pituitary
data\raw\Epic and CSCR hospital Dataset\Train\pituitary\Tr-pi_1090.jpg,pituitary
data\raw\Epic and CSCR hospital Dataset\Train\glioma\image(69).jpg,glioma
data\raw\Epic and CSCR hospital Dataset\Train\notumor\Tr-no_0651.jpg,notumor
data\raw\Epic and CSCR hospital Dataset\Train\meningioma\m2 (118).jpg,meningioma
data\raw\Epic and CSCR hospital Dataset\Train\glioma\G_877_SP_.jpg,glioma
data\raw\Epic and CSCR hospital Dataset\Train\pituitary\Tr-pi_0954.jpg,pituitary
data\raw\Epic and CSCR hospital Dataset\Train\glioma\G_711_DA_.jpg,glioma
data\raw\Epic and CSCR hospital Dataset\Train\notumor\N_399_RO_.jpg,notumor
data\raw\Epic and CSCR hospital Dataset\Train\meningioma\Tr-me_1022.jpg,meningioma
data\raw\Epic and CSCR hospital Dataset\Train\glioma\G_709.jpg,glioma
data\raw\Epic and CSCR hospital Dataset\Train\notumor\1785.jpg,notumor
data\raw\Epic and CSCR hospital Dataset\Train\glioma\G_766.jpg,glioma
data\raw\Epic and CSCR hospital Dataset\Train\glioma\gg (461).jpg,glioma
data\raw\Epic and CSCR hospital Dataset\Train\glioma\G_879_RO_.jpg,glioma
data\raw\Epic and CSCR hospital Dataset\Train\pituitary\P_75_VF_.jpg,pituitary
data\raw\Epic and CSCR hospital Dataset\Train\meningioma\M_872_BR_.jpg,meningioma
data\raw\Epic and CSCR hospital Dataset\Train\glioma\Tr-gl_0513.jpg,glioma
data\raw\Epic and CSCR hospital Dataset\Train\glioma\G_733_DA_.jpg,glioma
data\raw\Epic and CSCR hospital Dataset\Train\notumor\N_410_RO_.jpg,notumor
data\raw\Epic and CSCR hospital Dataset\Train\pituitary\Tr-pi_1034.jpg,pituitary
data\raw\Epic and CSCR hospital Dataset\Train\meningioma\Te-me_0096.jpg,meningioma
data\raw\Epic and CSCR hospital Dataset\Train\glioma\G_816_DA_.jpg,glioma
data\raw\Epic and CSCR hospital Dataset\Train\pituitary\P_832_HF_.jpg,pituitary
data\raw\Epic and CSCR hospital Dataset\Train\pituitary\1192.jpg,pituitary
data\raw\Epic and CSCR hospital Dataset\Train\glioma\G_842_HF_.jpg,glioma
data\raw\Epic and CSCR hospital Dataset\Train\notumor\1725.jpg,notumor
data\raw\Epic and CSCR hospital Dataset\Train\glioma\G_857_RO_.jpg,glioma
data\raw\Epic and CSCR hospital Dataset\Train\glioma\G_720_RO_.jpg,glioma
data\raw\Epic and CSCR hospital Dataset\Train\glioma\Tr-gl_1208.jpg,glioma
data\raw\Epic and CSCR hospital Dataset\Train\pituitary\p (526).jpg,pituitary
data\raw\Epic and CSCR hospital Dataset\Train\notumor\Tr-no_0669.jpg,notumor
data\raw\Epic and CSCR hospital Dataset\Train\pituitary\P_766_BR_.jpg,pituitary
data\raw\Epic and CSCR hospital Dataset\Train\glioma\G_876_VF_.jpg,glioma
data\raw\Epic and CSCR hospital Dataset\Train\pituitary\Tr-pi_0139.jpg,pituitary
data\raw\Epic and CSCR hospital Dataset\Train\meningioma\m1(95).jpg,meningioma
data\raw\Epic and CSCR hospital Dataset\Train\pituitary\P_717_VF_.jpg,pituitary
data\raw\Epic and CSCR hospital Dataset\Train\meningioma\M_854_RO_.jpg,meningioma
data\raw\Epic and CSCR hospital Dataset\Train\glioma\G_846.jpg,glioma
data\raw\Epic and CSCR hospital Dataset\Train\meningioma\M_882_VF_.jpg,meningioma
data\raw\Epic and CSCR hospital Dataset\Train\pituitary\P_764_RO_.jpg,pituitary
data\raw\Epic and CSCR hospital Dataset\Train\pituitary\P_815_VF_.jpg,pituitary
data\raw\Epic and CSCR hospital Dataset\Train\glioma\Tr-gl_0828.jpg,glioma
data\raw\Epic and CSCR hospital Dataset\Train\meningioma\1335.jpg,meningioma
data\raw\Epic and CSCR hospital Dataset\Train\glioma\G_841_VF_.jpg,glioma
data\raw\Epic and CSCR hospital Dataset\Train\glioma\Tr-gl_0239.jpg,glioma
data\raw\Epic and CSCR hospital Dataset\Train\meningioma\Te-me_0254.jpg,meningioma
data\raw\Epic and CSCR hospital Dataset\Train\glioma\G_758_SP_.jpg,glioma
data\raw\Epic and CSCR hospital Dataset\Train\pituitary\Tr-pi_1178.jpg,pituitary
data\raw\Epic and CSCR hospital Dataset\Train\glioma\Tr-gl_1053.jpg,glioma
data\raw\Epic and CSCR hospital Dataset\Train\pituitary\Te-pi_0175.jpg,pituitary
data\raw\Epic and CSCR hospital Dataset\Train\glioma\G_804.jpg,glioma
data\raw\Epic and CSCR hospital Dataset\Train\notumor\N_403_DA_.jpg,notumor
data\raw\Epic and CSCR hospital Dataset\Train\meningioma\Tr-me_0826.jpg,meningioma
data\raw\Epic and CSCR hospital Dataset\Train\pituitary\Tr-pi_0691.jpg,pituitary
data\raw\Epic and CSCR hospital Dataset\Train\meningioma\M_840_BR_.jpg,meningioma
data\raw\Epic and CSCR hospital Dataset\Train\glioma\Tr-gl_0984.jpg,glioma
data\raw\Epic and CSCR hospital Dataset\Train\meningioma\Tr-me_0934.jpg,meningioma
data\raw\Epic and CSCR hospital Dataset\Train\notumor\Tr-no_0286.jpg,notumor
data\raw\Epic and CSCR hospital Dataset\Train\glioma\G_851_HF_.jpg,glioma
data\raw\Epic and CSCR hospital Dataset\Train\meningioma\Te-me_0201.jpg,meningioma
data\raw\Epic and CSCR hospital Dataset\Train\meningioma\m2 (18).jpg,meningioma
data\raw\Epic and CSCR hospital Dataset\Train\glioma\G_740_DA_.jpg,glioma
data\raw\Epic and CSCR hospital Dataset\Train\glioma\Tr-gl_0635.jpg,glioma
data\raw\Epic and CSCR hospital Dataset\Train\notumor\Tr-no_0329.jpg,notumor
data\raw\Epic and CSCR hospital Dataset\Train\glioma\Tr-gl_0615.jpg,glioma
data\raw\Epic and CSCR hospital Dataset\Train\pituitary\P_807_RO_.jpg,pituitary
data\raw\Epic and CSCR hospital Dataset\Train\pituitary\P_710.jpg,pituitary
data\raw\Epic and CSCR hospital Dataset\Train\pituitary\Tr-pi_1232.jpg,pituitary
data\raw\Epic and CSCR hospital Dataset\Train\pituitary\Tr-pi_1097.jpg,pituitary
data\raw\Epic and CSCR hospital Dataset\Train\notumor\N_386_HF_.jpg,notumor
data\raw\Epic and CSCR hospital Dataset\Train\notumor\1776.jpg,notumor
data\raw\Epic and CSCR hospital Dataset\Train\glioma\G_875_VF_.jpg,glioma
data\raw\Epic and CSCR hospital Dataset\Train\glioma\G_732_DA_.jpg,glioma
data\raw\Epic and CSCR hospital Dataset\Train\meningioma\Te-me_0198.jpg,meningioma
data\raw\Epic and CSCR hospital Dataset\Train\pituitary\P_725.jpg,pituitary
data\raw\Epic and CSCR hospital Dataset\Train\meningioma\M_825_RO_.jpg,meningioma
data\raw\Epic and CSCR hospital Dataset\Train\meningioma\Tr-me_0876.jpg,meningioma
data\raw\Epic and CSCR hospital Dataset\Train\glioma\Tr-gl_0482.jpg,glioma
data\raw\Epic and CSCR hospital Dataset\Train\pituitary\Tr-pi_0647.jpg,pituitary
data\raw\Epic and CSCR hospital Dataset\Train\glioma\Tr-gl_0873.jpg,glioma
data\raw\Epic and CSCR hospital Dataset\Train\glioma\Tr-gl_0800.jpg,glioma
data\raw\Epic and CSCR hospital Dataset\Train\glioma\Tr-gl_0829.jpg,glioma
data\raw\Epic and CSCR hospital Dataset\Train\pituitary\Tr-pi_0193.jpg,pituitary
data\raw\Epic and CSCR hospital Dataset\Train\glioma\gg (436).jpg,glioma
data\raw\Epic and CSCR hospital Dataset\Train\glioma\Te-gl_0170.jpg,glioma
data\raw\Epic and CSCR hospital Dataset\Train\notumor\N_411_RO_.jpg,notumor
data\raw\Epic and CSCR hospital Dataset\Train\pituitary\Tr-pi_0648.jpg,pituitary
data\raw\Epic and CSCR hospital Dataset\Train\glioma\Tr-gl_0139.jpg,glioma
data\raw\Epic and CSCR hospital Dataset\Train\meningioma\Tr-me_0166.jpg,meningioma
data\raw\Epic and CSCR hospital Dataset\Train\glioma\G_782_SP_.jpg,glioma
data\raw\Epic and CSCR hospital Dataset\Train\glioma\Tr-gl_0863.jpg,glioma
data\raw\Epic and CSCR hospital Dataset\Train\glioma\Tr-gl_1155.jpg,glioma
data\raw\Epic and CSCR hospital Dataset\Train\glioma\G_750_SP_.jpg,glioma
data\raw\Epic and CSCR hospital Dataset\Train\pituitary\Te-pi_0080.jpg,pituitary
data\raw\Epic and CSCR hospital Dataset\Train\pituitary\P_745_HF_.jpg,pituitary
data\raw\Epic and CSCR hospital Dataset\Train\glioma\Tr-gl_0403.jpg,glioma
data\raw\Epic and CSCR hospital Dataset\Train\glioma\Tr-gl_1073.jpg,glioma
data\raw\Epic and CSCR hospital Dataset\Train\glioma\G_706.jpg,glioma
data\raw\Epic and CSCR hospital Dataset\Train\glioma\G_719_SP_.jpg,glioma
data\raw\Epic and CSCR hospital Dataset\Train\pituitary\Tr-pi_1394.jpg,pituitary
data\raw\Epic and CSCR hospital Dataset\Train\notumor\N_386_VF_.jpg,notumor
data\raw\Epic and CSCR hospital Dataset\Train\pituitary\P_726_RO_.jpg,pituitary
data\raw\Epic and CSCR hospital Dataset\Train\glioma\G_762.jpg,glioma
data\raw\Epic and CSCR hospital Dataset\Train\glioma\G_737_HF_.jpg,glioma
data\raw\Epic and CSCR hospital Dataset\Train\notumor\Tr-no_0363.jpg,notumor
data\raw\Epic and CSCR hospital Dataset\Train\glioma\Tr-gl_0349.jpg,glioma
data\raw\Epic and CSCR hospital Dataset\Train\glioma\G_739.jpg,glioma
data\raw\Epic and CSCR hospital Dataset\Train\pituitary\P_799_DA_.jpg,pituitary
data\raw\Epic and CSCR hospital Dataset\Train\notumor\1882.jpg,notumor
data\raw\Epic and CSCR hospital Dataset\Train\meningioma\Tr-me_1168.jpg,meningioma
data\raw\Epic and CSCR hospital Dataset\Train\notumor\Tr-no_0534.jpg,notumor
data\raw\Epic and CSCR hospital Dataset\Train\pituitary\P_723_SP_.jpg,pituitary
data\raw\Epic and CSCR hospital Dataset\Train\glioma\G_713_SP_.jpg,glioma
data\raw\Epic and CSCR hospital Dataset\Train\meningioma\Tr-me_1338.jpg,meningioma
data\raw\Epic and CSCR hospital Dataset\Train\pituitary\P_804_VF_.jpg,pituitary
data\raw\Epic and CSCR hospital Dataset\Train\pituitary\P_780_DA_.jpg,pituitary
data\raw\Epic and CSCR hospital Dataset\Train\notumor\Tr-no_0695.jpg,notumor
data\raw\Epic and CSCR hospital Dataset\Train\meningioma\M_879_DA_.jpg,meningioma
data\raw\Epic and CSCR hospital Dataset\Train\meningioma\Tr-me_0976.jpg,meningioma
data\raw\Epic and CSCR hospital Dataset\Train\pituitary\Tr-pi_1325.jpg,pituitary
data\raw\Epic and CSCR hospital Dataset\Train\meningioma\Tr-me_0240.jpg,meningioma
data\raw\Epic and CSCR hospital Dataset\Train\glioma\gg (372).jpg,glioma
data\raw\Epic and CSCR hospital Dataset\Train\notumor\Te-no_0240.jpg,notumor
data\raw\Epic and CSCR hospital Dataset\Train\pituitary\P_712_HF_.jpg,pituitary
data\raw\Epic and CSCR hospital Dataset\Train\notumor\1809.jpg,notumor
data\raw\Epic and CSCR hospital Dataset\Train\meningioma\M_886_DA_.jpg,meningioma
data\raw\Epic and CSCR hospital Dataset\Train\glioma\G_855_SP_.jpg,glioma
data\raw\Epic and CSCR hospital Dataset\Train\notumor\1649.jpg,notumor
data\raw\Epic and CSCR hospital Dataset\Train\glioma\G_796.jpg,glioma
data\raw\Epic and CSCR hospital Dataset\Train\glioma\G_762_BR_.jpg,glioma
data\raw\Epic and CSCR hospital Dataset\Train\glioma\Tr-gl_0340.jpg,glioma
data\raw\Epic and CSCR hospital Dataset\Train\glioma\G_751_SP_.jpg,glioma
data\raw\Epic and CSCR hospital Dataset\Train\meningioma\Te-me_0116.jpg,meningioma
data\raw\Epic and CSCR hospital Dataset\Train\pituitary\Tr-pi_0629.jpg,pituitary
data\raw\Epic and CSCR hospital Dataset\Train\notumor\N_412_SP_.jpg,notumor
data\raw\Epic and CSCR hospital Dataset\Train\glioma\G_726_BR_.jpg,glioma
data\raw\Epic and CSCR hospital Dataset\Train\glioma\Tr-gl_1004.jpg,glioma
data\raw\Epic and CSCR hospital Dataset\Train\pituitary\P_77_DA_.jpg,pituitary
data\raw\Epic and CSCR hospital Dataset\Train\glioma\Tr-gl_0410.jpg,glioma
data\raw\Epic and CSCR hospital Dataset\Train\glioma\Tr-gl_0435.jpg,glioma
data\raw\Epic and CSCR hospital Dataset\Train\meningioma\M_822_SP_.jpg,meningioma
data\raw\Epic and CSCR hospital Dataset\Train\notumor\Tr-no_0095.jpg,notumor
data\raw\Epic and CSCR hospital Dataset\Train\glioma\G_883_HF_.jpg,glioma
data\raw\Epic and CSCR hospital Dataset\Train\meningioma\Te-me_0143.jpg,meningioma
data\raw\Epic and CSCR hospital Dataset\Train\glioma\Te-gl_0200.jpg,glioma
data\raw\Epic and CSCR hospital Dataset\Train\glioma\Tr-gl_0477.jpg,glioma
data\raw\Epic and CSCR hospital Dataset\Train\glioma\G_844_DA_.jpg,glioma
data\raw\Epic and CSCR hospital Dataset\Train\meningioma\Tr-me_0108.jpg,meningioma
data\raw\Epic and CSCR hospital Dataset\Train\notumor\1775.jpg,notumor
data\raw\Epic and CSCR hospital Dataset\Train\pituitary\P_784_BR_.jpg,pituitary
data\raw\Epic and CSCR hospital Dataset\Train\glioma\G_746.jpg,glioma
data\raw\Epic and CSCR hospital Dataset\Train\glioma\G_829_BR_.jpg,glioma
data\raw\Epic and CSCR hospital Dataset\Train\meningioma\Tr-me_0834.jpg,meningioma
data\raw\Epic and CSCR hospital Dataset\Train\meningioma\Tr-me_0825.jpg,meningioma
data\raw\Epic and CSCR hospital Dataset\Train\pituitary\Tr-pi_0696.jpg,pituitary
data\raw\Epic and CSCR hospital Dataset\Train\pituitary\P_792_RO_.jpg,pituitary
data\raw\Epic and CSCR hospital Dataset\Train\meningioma\1397.jpg,meningioma
data\raw\Epic and CSCR hospital Dataset\Train\glioma\G_818_RO_.jpg,glioma
data\raw\Epic and CSCR hospital Dataset\Train\meningioma\M_854_SP_.jpg,meningioma
data\raw\Epic and CSCR hospital Dataset\Train\notumor\Te-no_0135.jpg,notumor
data\raw\Epic and CSCR hospital Dataset\Train\meningioma\Tr-me_1044.jpg,meningioma
data\raw\Epic and CSCR hospital Dataset\Train\meningioma\Tr-me_0119.jpg,meningioma
data\raw\Epic and CSCR hospital Dataset\Train\pituitary\P_773.jpg,pituitary
data\raw\Epic and CSCR hospital Dataset\Train\pituitary\P_76_SP_.jpg,pituitary
data\raw\Epic and CSCR hospital Dataset\Train\glioma\G_729_VF_.jpg,glioma
data\raw\Epic and CSCR hospital Dataset\Train\pituitary\Tr-pi_0563.jpg,pituitary
data\raw\Epic and CSCR hospital Dataset\Train\glioma\G_774_SP_.jpg,glioma
data\raw\Epic and CSCR hospital Dataset\Train\glioma\G_764_BR_.jpg,glioma
data\raw\Epic and CSCR hospital Dataset\Train\meningioma\M_822_HF_.jpg,meningioma
data\raw\Epic and CSCR hospital Dataset\Train\meningioma\Tr-me_0846.jpg,meningioma
data\raw\Epic and CSCR hospital Dataset\Train\glioma\Tr-gl_0220.jpg,glioma
data\raw\Epic and CSCR hospital Dataset\Train\glioma\Tr-gl_0574.jpg,glioma
data\raw\Epic and CSCR hospital Dataset\Train\notumor\Tr-no_0479.jpg,notumor
data\raw\Epic and CSCR hospital Dataset\Train\pituitary\Tr-pi_1160.jpg,pituitary
data\raw\Epic and CSCR hospital Dataset\Train\pituitary\Tr-pi_1040.jpg,pituitary
data\raw\Epic and CSCR hospital Dataset\Train\glioma\G_809_DA_.jpg,glioma
data\raw\Epic and CSCR hospital Dataset\Train\notumor\N_418_RO_.jpg,notumor
data\raw\Epic and CSCR hospital Dataset\Train\notumor\N_403_SP_.jpg,notumor
data\raw\Epic and CSCR hospital Dataset\Train\glioma\Tr-gl_1010.jpg,glioma
data\raw\Epic and CSCR hospital Dataset\Train\pituitary\P_842_RO_.jpg,pituitary
data\raw\Epic and CSCR hospital Dataset\Train\glioma\gg (367).jpg,glioma
data\raw\Epic and CSCR hospital Dataset\Train\meningioma\Tr-me_0994.jpg,meningioma
data\raw\Epic and CSCR hospital Dataset\Train\glioma\Tr-gl_1042.jpg,glioma
data\raw\Epic and CSCR hospital Dataset\Train\notumor\Te-no_0260.jpg,notumor
data\raw\Epic and CSCR hospital Dataset\Train\meningioma\Te-me_0239.jpg,meningioma
data\raw\Epic and CSCR hospital Dataset\Train\pituitary\p (505).jpg,pituitary
data\raw\Epic and CSCR hospital Dataset\Train\notumor\no 99.jpg,notumor
data\raw\Epic and CSCR hospital Dataset\Train\pituitary\P_810_SP_.jpg,pituitary
data\raw\Epic and CSCR hospital Dataset\Train\pituitary\Tr-pi_1239.jpg,pituitary
data\raw\Epic and CSCR hospital Dataset\Train\glioma\Tr-gl_0536.jpg,glioma
data\raw\Epic and CSCR hospital Dataset\Train\notumor\Tr-no_0564.jpg,notumor
data\raw\Epic and CSCR hospital Dataset\Train\notumor\N_388_SP_.jpg,notumor
data\raw\Epic and CSCR hospital Dataset\Train\pituitary\P_783_VF_.jpg,pituitary
data\raw\Epic and CSCR hospital Dataset\Train\glioma\G_821_VF_.jpg,glioma
data\raw\Epic and CSCR hospital Dataset\Train\meningioma\Tr-me_0156.jpg,meningioma
data\raw\Epic and CSCR hospital Dataset\Train\glioma\Tr-gl_0336.jpg,glioma
data\raw\Epic and CSCR hospital Dataset\Train\notumor\N_413_RO_.jpg,notumor
data\raw\Epic and CSCR hospital Dataset\Train\meningioma\Tr-me_1337.jpg,meningioma
data\raw\Epic and CSCR hospital Dataset\Train\glioma\gg (33).jpg,glioma
data\raw\Epic and CSCR hospital Dataset\Train\meningioma\1375.jpg,meningioma
data\raw\Epic and CSCR hospital Dataset\Train\pituitary\Tr-pi_0241.jpg,pituitary
data\raw\Epic and CSCR hospital Dataset\Train\notumor\Tr-no_0395.jpg,notumor
data\raw\Epic and CSCR hospital Dataset\Train\pituitary\P_829.jpg,pituitary
data\raw\Epic and CSCR hospital Dataset\Train\pituitary\Tr-pi_0651.jpg,pituitary
data\raw\Epic and CSCR hospital Dataset\Train\pituitary\P_728_SP_.jpg,pituitary
data\raw\Epic and CSCR hospital Dataset\Train\meningioma\Tr-me_0951.jpg,meningioma
data\raw\Epic and CSCR hospital Dataset\Train\glioma\Tr-gl_1226.jpg,glioma
data\raw\Epic and CSCR hospital Dataset\Train\notumor\Tr-no_0671.jpg,notumor
data\raw\Epic and CSCR hospital Dataset\Train\glioma\Tr-gl_0920.jpg,glioma
data\raw\Epic and CSCR hospital Dataset\Train\glioma\Tr-gl_0287.jpg,glioma
data\raw\Epic and CSCR hospital Dataset\Train\glioma\Tr-gl_0689.jpg,glioma
data\raw\Epic and CSCR hospital Dataset\Train\meningioma\1356.jpg,meningioma
data\raw\Epic and CSCR hospital Dataset\Train\notumor\Tr-no_0463.jpg,notumor
data\raw\Epic and CSCR hospital Dataset\Train\glioma\Tr-gl_0547.jpg,glioma
data\raw\Epic and CSCR hospital Dataset\Train\pituitary\Tr-pi_0657.jpg,pituitary
data\raw\Epic and CSCR hospital Dataset\Train\glioma\Tr-gl_1063.jpg,glioma
data\raw\Epic and CSCR hospital Dataset\Train\meningioma\Tr-me_0990.jpg,meningioma
data\raw\Epic and CSCR hospital Dataset\Train\meningioma\M_868_SP_.jpg,meningioma
data\raw\Epic and CSCR hospital Dataset\Train\notumor\N_4_HF_.jpg,notumor
data\raw\Epic and CSCR hospital Dataset\Train\glioma\Tr-gl_0150.jpg,glioma
data\raw\Epic and CSCR hospital Dataset\Train\pituitary\Tr-pi_1331.jpg,pituitary
data\raw\Epic and CSCR hospital Dataset\Train\pituitary\Tr-pi_0242.jpg,pituitary
data\raw\Epic and CSCR hospital Dataset\Train\notumor\Tr-no_0481.jpg,notumor
data\raw\Epic and CSCR hospital Dataset\Train\glioma\G_779_RO_.jpg,glioma
data\raw\Epic and CSCR hospital Dataset\Train\notumor\N_44_DA_.jpg,notumor
data\raw\Epic and CSCR hospital Dataset\Train\glioma\G_758_RO_.jpg,glioma
data\raw\Epic and CSCR hospital Dataset\Train\glioma\G_776_BR_.jpg,glioma
data\raw\Epic and CSCR hospital Dataset\Train\glioma\G_857_BR_.jpg,glioma
data\raw\Epic and CSCR hospital Dataset\Train\notumor\Te-no_0255.jpg,notumor
data\raw\Epic and CSCR hospital Dataset\Train\glioma\Te-gl_0141.jpg,glioma
data\raw\Epic and CSCR hospital Dataset\Train\pituitary\1186.jpg,pituitary
data\raw\Epic and CSCR hospital Dataset\Train\glioma\G_718_RO_.jpg,glioma
data\raw\Epic and CSCR hospital Dataset\Train\notumor\Tr-no_0488.jpg,notumor
data\raw\Epic and CSCR hospital Dataset\Train\pituitary\Te-pi_0130.jpg,pituitary
data\raw\Epic and CSCR hospital Dataset\Train\meningioma\M_878_RO_.jpg,meningioma
data\raw\Epic and CSCR hospital Dataset\Train\notumor\N_381_HF_.jpg,notumor
data\raw\Epic and CSCR hospital Dataset\Train\meningioma\Tr-me_1017.jpg,meningioma
data\raw\Epic and CSCR hospital Dataset\Train\glioma\G_843_BR_.jpg,glioma
data\raw\Epic and CSCR hospital Dataset\Train\pituitary\P_751_RO_.jpg,pituitary
data\raw\Epic and CSCR hospital Dataset\Train\pituitary\P_774_VF_.jpg,pituitary
data\raw\Epic and CSCR hospital Dataset\Train\meningioma\Tr-me_0892.jpg,meningioma
data\raw\Epic and CSCR hospital Dataset\Train\meningioma\M_883_DA_.jpg,meningioma
data\raw\Epic and CSCR hospital Dataset\Train\glioma\G_789.jpg,glioma
data\raw\Epic and CSCR hospital Dataset\Train\meningioma\Te-me_0150.jpg,meningioma
data\raw\Epic and CSCR hospital Dataset\Train\meningioma\1391.jpg,meningioma
data\raw\Epic and CSCR hospital Dataset\Train\pituitary\P_832.jpg,pituitary
data\raw\Epic and CSCR hospital Dataset\Train\glioma\G_780_RO_.jpg,glioma
data\raw\Epic and CSCR hospital Dataset\Train\meningioma\M_837_BR_.jpg,meningioma
data\raw\Epic and CSCR hospital Dataset\Train\notumor\1656.jpg,notumor
data\raw\Epic and CSCR hospital Dataset\Train\glioma\G_837_RO_.jpg,glioma
data\raw\Epic and CSCR hospital Dataset\Train\glioma\gg (676).jpg,glioma
data\raw\Epic and CSCR hospital Dataset\Train\meningioma\m3 (153).jpg,meningioma
data\raw\Epic and CSCR hospital Dataset\Train\glioma\Tr-gl_1093.jpg,glioma
data\raw\Epic and CSCR hospital Dataset\Train\meningioma\M_843_SP_.jpg,meningioma
data\raw\Epic and CSCR hospital Dataset\Train\notumor\1738.jpg,notumor
data\raw\Epic and CSCR hospital Dataset\Train\meningioma\M_851_SP_.jpg,meningioma
data\raw\Epic and CSCR hospital Dataset\Train\pituitary\P_755_HF_.jpg,pituitary
data\raw\Epic and CSCR hospital Dataset\Train\meningioma\Tr-me_0186.jpg,meningioma
data\raw\Epic and CSCR hospital Dataset\Train\pituitary\Tr-pi_1022.jpg,pituitary
data\raw\Epic and CSCR hospital Dataset\Train\notumor\image(159) - Copy.jpg,notumor
data\raw\Epic and CSCR hospital Dataset\Train\glioma\G_750.jpg,glioma
data\raw\Epic and CSCR hospital Dataset\Train\glioma\Tr-gl_0350.jpg,glioma
data\raw\Epic and CSCR hospital Dataset\Train\glioma\Tr-gl_0618.jpg,glioma
data\raw\Epic and CSCR hospital Dataset\Train\pituitary\Tr-pi_0102.jpg,pituitary
data\raw\Epic and CSCR hospital Dataset\Train\notumor\image(144) - Copy.jpg,notumor
data\raw\Epic and CSCR hospital Dataset\Train\pituitary\P_784_SP_.jpg,pituitary
data\raw\Epic and CSCR hospital Dataset\Train\pituitary\Te-pi_0181.jpg,pituitary
data\raw\Epic and CSCR hospital Dataset\Train\glioma\Tr-gl_0998.jpg,glioma
data\raw\Epic and CSCR hospital Dataset\Train\meningioma\Te-me_0184.jpg,meningioma
data\raw\Epic and CSCR hospital Dataset\Train\glioma\Tr-gl_0568.jpg,glioma
data\raw\Epic and CSCR hospital Dataset\Train\pituitary\P_814_DA_.jpg,pituitary
data\raw\Epic and CSCR hospital Dataset\Train\notumor\N_3_DA_.jpg,notumor
data\raw\Epic and CSCR hospital Dataset\Train\glioma\G_835_SP_.jpg,glioma
data\raw\Epic and CSCR hospital Dataset\Train\meningioma\M_857_RO_.jpg,meningioma
data\raw\Epic and CSCR hospital Dataset\Train\meningioma\1383.jpg,meningioma
data\raw\Epic and CSCR hospital Dataset\Train\pituitary\Tr-pi_1162.jpg,pituitary
data\raw\Epic and CSCR hospital Dataset\Train\glioma\G_834.jpg,glioma
data\raw\Epic and CSCR hospital Dataset\Train\notumor\Te-no_0243.jpg,notumor
data\raw\Epic and CSCR hospital Dataset\Train\glioma\Tr-gl_1242.jpg,glioma
data\raw\Epic and CSCR hospital Dataset\Train\glioma\G_800_RO_.jpg,glioma
data\raw\Epic and CSCR hospital Dataset\Train\meningioma\m2 (61).jpg,meningioma
data\raw\Epic and CSCR hospital Dataset\Train\notumor\Tr-no_0271.jpg,notumor
data\raw\Epic and CSCR hospital Dataset\Train\notumor\50 no.jpg,notumor
data\raw\Epic and CSCR hospital Dataset\Train\glioma\Tr-gl_0802.jpg,glioma
data\raw\Epic and CSCR hospital Dataset\Train\notumor\Tr-no_0471.jpg,notumor
data\raw\Epic and CSCR hospital Dataset\Train\glioma\G_738_DA_.jpg,glioma
data\raw\Epic and CSCR hospital Dataset\Train\pituitary\P_736_HF_.jpg,pituitary
data\raw\Epic and CSCR hospital Dataset\Train\pituitary\P_824_DA_.jpg,pituitary
data\raw\Epic and CSCR hospital Dataset\Train\notumor\N_431_BR_.jpg,notumor
data\raw\Epic and CSCR hospital Dataset\Train\notumor\Tr-no_0434.jpg,notumor
data\raw\Epic and CSCR hospital Dataset\Train\glioma\G_733_RO_.jpg,glioma
data\raw\Epic and CSCR hospital Dataset\Train\pituitary\P_80_VF_.jpg,pituitary
data\raw\Epic and CSCR hospital Dataset\Train\glioma\G_891_VF_.jpg,glioma
data\raw\Epic and CSCR hospital Dataset\Train\meningioma\m2 (67).jpg,meningioma
data\raw\Epic and CSCR hospital Dataset\Train\pituitary\Tr-pi_1266.jpg,pituitary
data\raw\Epic and CSCR hospital Dataset\Train\pituitary\P_806_HF_.jpg,pituitary
data\raw\Epic and CSCR hospital Dataset\Train\notumor\no 96.jpg,notumor
data\raw\Epic and CSCR hospital Dataset\Train\glioma\G_728.jpg,glioma
data\raw\Epic and CSCR hospital Dataset\Train\notumor\N_382_DA_.jpg,notumor
data\raw\Epic and CSCR hospital Dataset\Train\notumor\Tr-no_0420.jpg,notumor
data\raw\Epic and CSCR hospital Dataset\Train\notumor\Tr-no_0300.jpg,notumor
data\raw\Epic and CSCR hospital Dataset\Train\meningioma\M_846_RO_.jpg,meningioma
data\raw\Epic and CSCR hospital Dataset\Train\meningioma\M_872_HF_.jpg,meningioma
data\raw\Epic and CSCR hospital Dataset\Train\glioma\G_806_SP_.jpg,glioma
data\raw\Epic and CSCR hospital Dataset\Train\meningioma\m2 (55).jpg,meningioma
data\raw\Epic and CSCR hospital Dataset\Train\meningioma\Tr-me_0924.jpg,meningioma
data\raw\Epic and CSCR hospital Dataset\Train\notumor\Te-no_0133.jpg,notumor
data\raw\Epic and CSCR hospital Dataset\Train\meningioma\Tr-me_0110.jpg,meningioma
data\raw\Epic and CSCR hospital Dataset\Train\glioma\Tr-gl_0138.jpg,glioma
data\raw\Epic and CSCR hospital Dataset\Train\glioma\G_767_DA_.jpg,glioma
data\raw\Epic and CSCR hospital Dataset\Train\glioma\Tr-gl_0525.jpg,glioma
data\raw\Epic and CSCR hospital Dataset\Train\meningioma\Tr-me_0270.jpg,meningioma
data\raw\Epic and CSCR hospital Dataset\Train\glioma\Tr-gl_0352.jpg,glioma
data\raw\Epic and CSCR hospital Dataset\Train\notumor\N_4.jpg,notumor
data\raw\Epic and CSCR hospital Dataset\Train\meningioma\Tr-me_1170.jpg,meningioma
data\raw\Epic and CSCR hospital Dataset\Train\meningioma\Tr-me_0333.jpg,meningioma
data\raw\Epic and CSCR hospital Dataset\Train\meningioma\M_862_SP_.jpg,meningioma
data\raw\Epic and CSCR hospital Dataset\Train\pituitary\p (491).jpg,pituitary
data\raw\Epic and CSCR hospital Dataset\Train\glioma\Tr-gl_0246.jpg,glioma
data\raw\Epic and CSCR hospital Dataset\Train\glioma\G_814_HF_.jpg,glioma
data\raw\Epic and CSCR hospital Dataset\Train\meningioma\M_849_HF_.jpg,meningioma
data\raw\Epic and CSCR hospital Dataset\Train\notumor\N_411_SP_.jpg,notumor
data\raw\Epic and CSCR hospital Dataset\Train\glioma\G_754.jpg,glioma
data\raw\Epic and CSCR hospital Dataset\Train\notumor\Te-no_0283.jpg,notumor
data\raw\Epic and CSCR hospital Dataset\Train\glioma\Tr-gl_1189.jpg,glioma
data\raw\Epic and CSCR hospital Dataset\Train\meningioma\Tr-me_1132.jpg,meningioma
data\raw\Epic and CSCR hospital Dataset\Train\notumor\N_396_RO_.jpg,notumor
data\raw\Epic and CSCR hospital Dataset\Train\meningioma\1388.jpg,meningioma
data\raw\Epic and CSCR hospital Dataset\Train\notumor\N_418_SP_.jpg,notumor
data\raw\Epic and CSCR hospital Dataset\Train\notumor\N_383_RO_.jpg,notumor
data\raw\Epic and CSCR hospital Dataset\Train\glioma\Tr-gl_0134.jpg,glioma
data\raw\Epic and CSCR hospital Dataset\Train\notumor\Tr-no_0507.jpg,notumor
data\raw\Epic and CSCR hospital Dataset\Train\notumor\N_389_BR_.jpg,notumor
data\raw\Epic and CSCR hospital Dataset\Train\glioma\G_865_RO_.jpg,glioma
data\raw\Epic and CSCR hospital Dataset\Train\meningioma\Tr-me_1085.jpg,meningioma
data\raw\Epic and CSCR hospital Dataset\Train\notumor\Tr-no_0423.jpg,notumor
data\raw\Epic and CSCR hospital Dataset\Train\glioma\G_797_SP_.jpg,glioma
data\raw\Epic and CSCR hospital Dataset\Train\meningioma\Tr-me_1099.jpg,meningioma
data\raw\Epic and CSCR hospital Dataset\Train\notumor\Te-no_0190.jpg,notumor
data\raw\Epic and CSCR hospital Dataset\Train\glioma\G_801_HF_.jpg,glioma
data\raw\Epic and CSCR hospital Dataset\Train\pituitary\P_713_HF_.jpg,pituitary
data\raw\Epic and CSCR hospital Dataset\Train\meningioma\Tr-me_0956.jpg,meningioma
data\raw\Epic and CSCR hospital Dataset\Train\glioma\Tr-gl_0361.jpg,glioma
data\raw\Epic and CSCR hospital Dataset\Train\meningioma\m2 (64).jpg,meningioma
data\raw\Epic and CSCR hospital Dataset\Train\glioma\G_826_BR_.jpg,glioma
data\raw\Epic and CSCR hospital Dataset\Train\glioma\Tr-gl_1011.jpg,glioma
data\raw\Epic and CSCR hospital Dataset\Train\pituitary\P_711_SP_.jpg,pituitary
data\raw\Epic and CSCR hospital Dataset\Train\meningioma\Tr-me_0162.jpg,meningioma
data\raw\Epic and CSCR hospital Dataset\Train\meningioma\Tr-me_1072.jpg,meningioma
data\raw\Epic and CSCR hospital Dataset\Train\pituitary\Te-pi_0045.jpg,pituitary
data\raw\Epic and CSCR hospital Dataset\Train\notumor\Tr-no_0253.jpg,notumor
data\raw\Epic and CSCR hospital Dataset\Train\notumor\1682.jpg,notumor
data\raw\Epic and CSCR hospital Dataset\Train\notumor\1722.jpg,notumor
data\raw\Epic and CSCR hospital Dataset\Train\meningioma\Tr-me_0207.jpg,meningioma
data\raw\Epic and CSCR hospital Dataset\Train\pituitary\P_762_SP_.jpg,pituitary
data\raw\Epic and CSCR hospital Dataset\Train\notumor\no 100.jpg,notumor
data\raw\Epic and CSCR hospital Dataset\Train\glioma\G_715_VF_.jpg,glioma
data\raw\Epic and CSCR hospital Dataset\Train\notumor\Tr-no_0060.jpg,notumor
data\raw\Epic and CSCR hospital Dataset\Train\meningioma\M_853_VF_.jpg,meningioma
data\raw\Epic and CSCR hospital Dataset\Train\glioma\Tr-gl_0489.jpg,glioma
data\raw\Epic and CSCR hospital Dataset\Train\pituitary\Tr-pi_0554.jpg,pituitary
data\raw\Epic and CSCR hospital Dataset\Train\meningioma\M_829_VF_.jpg,meningioma
data\raw\Epic and CSCR hospital Dataset\Train\glioma\Tr-gl_0913.jpg,glioma
data\raw\Epic and CSCR hospital Dataset\Train\pituitary\Tr-pi_0802.jpg,pituitary
data\raw\Epic and CSCR hospital Dataset\Train\glioma\G_719_RO_.jpg,glioma
data\raw\Epic and CSCR hospital Dataset\Train\glioma\Tr-gl_1124.jpg,glioma
data\raw\Epic and CSCR hospital Dataset\Train\meningioma\Te-me_0090.jpg,meningioma
data\raw\Epic and CSCR hospital Dataset\Train\glioma\Tr-gl_1020.jpg,glioma
data\raw\Epic and CSCR hospital Dataset\Train\meningioma\Tr-me_0869.jpg,meningioma
data\raw\Epic and CSCR hospital Dataset\Train\glioma\gg (450).jpg,glioma
data\raw\Epic and CSCR hospital Dataset\Train\pituitary\Tr-pi_0269.jpg,pituitary
data\raw\Epic and CSCR hospital Dataset\Train\meningioma\M_885_BR_.jpg,meningioma
data\raw\Epic and CSCR hospital Dataset\Train\glioma\Tr-gl_0375.jpg,glioma
data\raw\Epic and CSCR hospital Dataset\Train\notumor\N_434_DA_.jpg,notumor
data\raw\Epic and CSCR hospital Dataset\Train\glioma\G_803_SP_.jpg,glioma
data\raw\Epic and CSCR hospital Dataset\Train\pituitary\Te-pi_0089.jpg,pituitary
data\raw\Epic and CSCR hospital Dataset\Train\pituitary\Tr-pi_1211.jpg,pituitary
data\raw\Epic and CSCR hospital Dataset\Train\notumor\N_411_DA_.jpg,notumor
data\raw\Epic and CSCR hospital Dataset\Train\meningioma\Tr-me_1137.jpg,meningioma
data\raw\Epic and CSCR hospital Dataset\Train\notumor\Tr-no_0232.jpg,notumor
data\raw\Epic and CSCR hospital Dataset\Train\glioma\G_863_BR_.jpg,glioma
data\raw\Epic and CSCR hospital Dataset\Train\meningioma\Te-me_0178.jpg,meningioma
data\raw\Epic and CSCR hospital Dataset\Train\glioma\G_754_VF_.jpg,glioma
data\raw\Epic and CSCR hospital Dataset\Train\pituitary\Te-pi_0116.jpg,pituitary
data\raw\Epic and CSCR hospital Dataset\Train\notumor\Tr-no_0302.jpg,notumor
data\raw\Epic and CSCR hospital Dataset\Train\glioma\G_844.jpg,glioma
data\raw\Epic and CSCR hospital Dataset\Train\glioma\Tr-gl_1141.jpg,glioma
data\raw\Epic and CSCR hospital Dataset\Train\notumor\N_400_RO_.jpg,notumor
data\raw\Epic and CSCR hospital Dataset\Train\meningioma\m2 (167).jpg,meningioma
data\raw\Epic and CSCR hospital Dataset\Train\pituitary\P_837_RO_.jpg,pituitary
data\raw\Epic and CSCR hospital Dataset\Train\meningioma\Tr-me_0984.jpg,meningioma
data\raw\Epic and CSCR hospital Dataset\Train\meningioma\Tr-me_1174.jpg,meningioma
data\raw\Epic and CSCR hospital Dataset\Train\meningioma\1395.jpg,meningioma
data\raw\Epic and CSCR hospital Dataset\Train\meningioma\Tr-me_0858.jpg,meningioma
data\raw\Epic and CSCR hospital Dataset\Train\glioma\G_720.jpg,glioma
data\raw\Epic and CSCR hospital Dataset\Train\meningioma\Tr-me_0921.jpg,meningioma
data\raw\Epic and CSCR hospital Dataset\Train\notumor\Te-no_0284.jpg,notumor
data\raw\Epic and CSCR hospital Dataset\Train\notumor\1850.jpg,notumor
data\raw\Epic and CSCR hospital Dataset\Train\glioma\G_811_HF_.jpg,glioma
data\raw\Epic and CSCR hospital Dataset\Train\pituitary\Tr-pi_0767.jpg,pituitary
data\raw\Epic and CSCR hospital Dataset\Train\pituitary\Tr-pi_1242.jpg,pituitary
data\raw\Epic and CSCR hospital Dataset\Train\meningioma\Tr-me_1015.jpg,meningioma
data\raw\Epic and CSCR hospital Dataset\Train\pituitary\P_827.jpg,pituitary
data\raw\Epic and CSCR hospital Dataset\Train\glioma\Te-gl_0109.jpg,glioma
data\raw\Epic and CSCR hospital Dataset\Train\notumor\Te-no_0118.jpg,notumor
data\raw\Epic and CSCR hospital Dataset\Train\pituitary\P_72_VF_.jpg,pituitary
data\raw\Epic and CSCR hospital Dataset\Train\pituitary\P_748_HF_.jpg,pituitary
data\raw\Epic and CSCR hospital Dataset\Train\pituitary\Te-pi_0079.jpg,pituitary
data\raw\Epic and CSCR hospital Dataset\Train\meningioma\Te-me_0089.jpg,meningioma
data\raw\Epic and CSCR hospital Dataset\Train\glioma\G_716_SP_.jpg,glioma
data\raw\Epic and CSCR hospital Dataset\Train\meningioma\Tr-me_0084.jpg,meningioma
data\raw\Epic and CSCR hospital Dataset\Train\meningioma\m1(86).jpg,meningioma
data\raw\Epic and CSCR hospital Dataset\Train\pituitary\P_771_BR_.jpg,pituitary
data\raw\Epic and CSCR hospital Dataset\Train\pituitary\Te-pi_0186.jpg,pituitary
data\raw\Epic and CSCR hospital Dataset\Train\glioma\Tr-gl_0296.jpg,glioma
data\raw\Epic and CSCR hospital Dataset\Train\glioma\Te-gl_0115.jpg,glioma
data\raw\Epic and CSCR hospital Dataset\Train\meningioma\Te-me_0154.jpg,meningioma
data\raw\Epic and CSCR hospital Dataset\Train\glioma\gg (405).jpg,glioma
data\raw\Epic and CSCR hospital Dataset\Train\meningioma\Tr-me_0256.jpg,meningioma
data\raw\Epic and CSCR hospital Dataset\Train\pituitary\P_778_SP_.jpg,pituitary
data\raw\Epic and CSCR hospital Dataset\Train\pituitary\P_742_SP_.jpg,pituitary
data\raw\Epic and CSCR hospital Dataset\Train\meningioma\Tr-me_0208.jpg,meningioma
data\raw\Epic and CSCR hospital Dataset\Train\pituitary\Tr-pi_0607.jpg,pituitary
data\raw\Epic and CSCR hospital Dataset\Train\meningioma\Tr-me_0326.jpg,meningioma
data\raw\Epic and CSCR hospital Dataset\Train\glioma\gg (370).jpg,glioma
data\raw\Epic and CSCR hospital Dataset\Train\meningioma\M_884_RO_.jpg,meningioma
data\raw\Epic and CSCR hospital Dataset\Train\glioma\image(68).jpg,glioma
data\raw\Epic and CSCR hospital Dataset\Train\glioma\G_742_RO_.jpg,glioma
data\raw\Epic and CSCR hospital Dataset\Train\pituitary\Te-pi_0142.jpg,pituitary
data\raw\Epic and CSCR hospital Dataset\Train\glioma\Tr-gl_1120.jpg,glioma
data\raw\Epic and CSCR hospital Dataset\Train\pituitary\Tr-pi_0771.jpg,pituitary
data\raw\Epic and CSCR hospital Dataset\Train\notumor\Tr-no_0649.jpg,notumor
data\raw\Epic and CSCR hospital Dataset\Train\notumor\Te-no_0272.jpg,notumor
data\raw\Epic and CSCR hospital Dataset\Train\pituitary\P_720_RO_.jpg,pituitary
data\raw\Epic and CSCR hospital Dataset\Train\glioma\G_811_BR_.jpg,glioma
data\raw\Epic and CSCR hospital Dataset\Train\pituitary\P_740_BR_.jpg,pituitary
data\raw\Epic and CSCR hospital Dataset\Train\glioma\Tr-gl_1177.jpg,glioma
data\raw\Epic and CSCR hospital Dataset\Train\pituitary\1198.jpg,pituitary
data\raw\Epic and CSCR hospital Dataset\Train\glioma\G_755_BR_.jpg,glioma
data\raw\Epic and CSCR hospital Dataset\Train\notumor\N_437_BR_.jpg,notumor
data\raw\Epic and CSCR hospital Dataset\Train\meningioma\Te-me_0264.jpg,meningioma
data\raw\Epic and CSCR hospital Dataset\Train\glioma\gg (585).jpg,glioma
data\raw\Epic and CSCR hospital Dataset\Train\pituitary\P_734_BR_.jpg,pituitary
data\raw\Epic and CSCR hospital Dataset\Train\pituitary\Tr-pi_1053.jpg,pituitary
data\raw\Epic and CSCR hospital Dataset\Train\glioma\G_802_BR_.jpg,glioma
data\raw\Epic and CSCR hospital Dataset\Train\glioma\Tr-gl_1123.jpg,glioma
data\raw\Epic and CSCR hospital Dataset\Train\glioma\G_885.jpg,glioma
data\raw\Epic and CSCR hospital Dataset\Train\notumor\N_407_VF_.jpg,notumor
data\raw\Epic and CSCR hospital Dataset\Train\meningioma\Te-me_0246.jpg,meningioma
data\raw\Epic and CSCR hospital Dataset\Train\meningioma\M_852_BR_.jpg,meningioma
data\raw\Epic and CSCR hospital Dataset\Train\meningioma\Tr-me_0031.jpg,meningioma
data\raw\Epic and CSCR hospital Dataset\Train\pituitary\1193.jpg,pituitary
data\raw\Epic and CSCR hospital Dataset\Train\glioma\G_832_BR_.jpg,glioma
data\raw\Epic and CSCR hospital Dataset\Train\pituitary\P_797_HF_.jpg,pituitary
data\raw\Epic and CSCR hospital Dataset\Train\notumor\Tr-no_0215.jpg,notumor
data\raw\Epic and CSCR hospital Dataset\Train\glioma\Tr-gl_0256.jpg,glioma
data\raw\Epic and CSCR hospital Dataset\Train\pituitary\P_82_VF_.jpg,pituitary
data\raw\Epic and CSCR hospital Dataset\Train\meningioma\Te-me_0172.jpg,meningioma
data\raw\Epic and CSCR hospital Dataset\Train\glioma\G_816.jpg,glioma
data\raw\Epic and CSCR hospital Dataset\Train\notumor\N2.JPG,notumor
data\raw\Epic and CSCR hospital Dataset\Train\pituitary\P_821_RO_.jpg,pituitary
data\raw\Epic and CSCR hospital Dataset\Train\glioma\Te-gl_0196.jpg,glioma
data\raw\Epic and CSCR hospital Dataset\Train\glioma\G_774_HF_.jpg,glioma
data\raw\Epic and CSCR hospital Dataset\Train\pituitary\P_831_RO_.jpg,pituitary
data\raw\Epic and CSCR hospital Dataset\Train\pituitary\P_800_SP_.jpg,pituitary
data\raw\Epic and CSCR hospital Dataset\Train\glioma\Tr-gl_0195.jpg,glioma
data\raw\Epic and CSCR hospital Dataset\Train\glioma\Tr-gl_0278.jpg,glioma
data\raw\Epic and CSCR hospital Dataset\Train\pituitary\P_820_VF_.jpg,pituitary
data\raw\Epic and CSCR hospital Dataset\Train\glioma\Tr-gl_0527.jpg,glioma
data\raw\Epic and CSCR hospital Dataset\Train\pituitary\Tr-pi_0654.jpg,pituitary
data\raw\Epic and CSCR hospital Dataset\Train\glioma\Te-gl_0296.jpg,glioma
data\raw\Epic and CSCR hospital Dataset\Train\meningioma\Tr-me_0152.jpg,meningioma
data\raw\Epic and CSCR hospital Dataset\Train\glioma\Te-gl_0203.jpg,glioma
data\raw\Epic and CSCR hospital Dataset\Train\pituitary\Tr-pi_0596.jpg,pituitary
data\raw\Epic and CSCR hospital Dataset\Train\pituitary\Tr-pi_1137.jpg,pituitary
data\raw\Epic and CSCR hospital Dataset\Train\meningioma\M_838_HF_.jpg,meningioma
data\raw\Epic and CSCR hospital Dataset\Train\pituitary\Te-pi_0102.jpg,pituitary
data\raw\Epic and CSCR hospital Dataset\Train\pituitary\P_790_HF_.jpg,pituitary
data\raw\Epic and CSCR hospital Dataset\Train\glioma\G_781_HF_.jpg,glioma
data\raw\Epic and CSCR hospital Dataset\Train\pituitary\P_801_DA_.jpg,pituitary
data\raw\Epic and CSCR hospital Dataset\Train\notumor\N_425_DA_.jpg,notumor
data\raw\Epic and CSCR hospital Dataset\Train\pituitary\Te-pi_0122.jpg,pituitary
data\raw\Epic and CSCR hospital Dataset\Train\pituitary\P_790_VF_.jpg,pituitary
data\raw\Epic and CSCR hospital Dataset\Train\glioma\G_733_HF_.jpg,glioma
data\raw\Epic and CSCR hospital Dataset\Train\meningioma\M_869_DA_.jpg,meningioma
data\raw\Epic and CSCR hospital Dataset\Train\pituitary\P_705_SP_.jpg,pituitary
data\raw\Epic and CSCR hospital Dataset\Train\meningioma\m2 (161).jpg,meningioma
data\raw\Epic and CSCR hospital Dataset\Train\pituitary\Tr-pi_0194.jpg,pituitary
data\raw\Epic and CSCR hospital Dataset\Train\pituitary\P_761_SP_.jpg,pituitary
data\raw\Epic and CSCR hospital Dataset\Train\glioma\G_726_SP_.jpg,glioma
data\raw\Epic and CSCR hospital Dataset\Train\pituitary\P_730_RO_.jpg,pituitary
data\raw\Epic and CSCR hospital Dataset\Train\glioma\G_810_HF_.jpg,glioma
data\raw\Epic and CSCR hospital Dataset\Train\notumor\N15.jpg,notumor
data\raw\Epic and CSCR hospital Dataset\Train\notumor\21 no.jpg,notumor
data\raw\Epic and CSCR hospital Dataset\Train\glioma\G_781_DA_.jpg,glioma
data\raw\Epic and CSCR hospital Dataset\Train\glioma\G_713_HF_.jpg,glioma
data\raw\Epic and CSCR hospital Dataset\Train\meningioma\M_869.jpg,meningioma
data\raw\Epic and CSCR hospital Dataset\Train\notumor\Tr-no_0379.jpg,notumor
data\raw\Epic and CSCR hospital Dataset\Train\meningioma\M_892_DA_.jpg,meningioma
data\raw\Epic and CSCR hospital Dataset\Train\meningioma\m3 (183).jpg,meningioma
data\raw\Epic and CSCR hospital Dataset\Train\glioma\Tr-gl_0556.jpg,glioma
data\raw\Epic and CSCR hospital Dataset\Train\glioma\G_722_DA_.jpg,glioma
data\raw\Epic and CSCR hospital Dataset\Train\pituitary\Tr-pi_1205.jpg,pituitary
data\raw\Epic and CSCR hospital Dataset\Train\glioma\G_862_DA_.jpg,glioma
data\raw\Epic and CSCR hospital Dataset\Train\glioma\image(27).jpg,glioma
data\raw\Epic and CSCR hospital Dataset\Train\pituitary\Tr-pi_1228.jpg,pituitary
data\raw\Epic and CSCR hospital Dataset\Train\meningioma\m2 (62).jpg,meningioma
data\raw\Epic and CSCR hospital Dataset\Train\notumor\Tr-no_0400.jpg,notumor
data\raw\Epic and CSCR hospital Dataset\Train\notumor\1762.jpg,notumor
data\raw\Epic and CSCR hospital Dataset\Train\meningioma\Tr-me_0949.jpg,meningioma
data\raw\Epic and CSCR hospital Dataset\Train\glioma\Tr-gl_0400.jpg,glioma
data\raw\Epic and CSCR hospital Dataset\Train\pituitary\P_755.jpg,pituitary
data\raw\Epic and CSCR hospital Dataset\Train\meningioma\1443.jpg,meningioma
data\raw\Epic and CSCR hospital Dataset\Train\glioma\G_857_VF_.jpg,glioma
data\raw\Epic and CSCR hospital Dataset\Train\glioma\G_747_DA_.jpg,glioma
data\raw\Epic and CSCR hospital Dataset\Train\glioma\G_757_SP_.jpg,glioma
data\raw\Epic and CSCR hospital Dataset\Train\glioma\G_847.jpg,glioma
data\raw\Epic and CSCR hospital Dataset\Train\notumor\image(154) - Copy.jpg,notumor
data\raw\Epic and CSCR hospital Dataset\Train\notumor\No16.jpg,notumor
data\raw\Epic and CSCR hospital Dataset\Train\pituitary\P_721_RO_.jpg,pituitary
data\raw\Epic and CSCR hospital Dataset\Train\glioma\Tr-gl_0445.jpg,glioma
data\raw\Epic and CSCR hospital Dataset\Train\pituitary\Tr-pi_0247.jpg,pituitary
data\raw\Epic and CSCR hospital Dataset\Train\pituitary\P_748_SP_.jpg,pituitary
data\raw\Epic and CSCR hospital Dataset\Train\glioma\G_764.jpg,glioma
data\raw\Epic and CSCR hospital Dataset\Train\glioma\Tr-gl_0959.jpg,glioma
data\raw\Epic and CSCR hospital Dataset\Train\pituitary\Tr-pi_1302.jpg,pituitary
data\raw\Epic and CSCR hospital Dataset\Train\glioma\Tr-gl_0587.jpg,glioma
data\raw\Epic and CSCR hospital Dataset\Train\glioma\G_763_RO_.jpg,glioma
data\raw\Epic and CSCR hospital Dataset\Train\meningioma\Tr-me_0937.jpg,meningioma
data\raw\Epic and CSCR hospital Dataset\Train\notumor\N_394_RO_.jpg,notumor
data\raw\Epic and CSCR hospital Dataset\Train\pituitary\Te-pi_0132.jpg,pituitary
data\raw\Epic and CSCR hospital Dataset\Train\glioma\G_795_HF_.jpg,glioma
data\raw\Epic and CSCR hospital Dataset\Train\glioma\gg (591).jpg,glioma
data\raw\Epic and CSCR hospital Dataset\Train\glioma\gg (417).jpg,glioma
data\raw\Epic and CSCR hospital Dataset\Train\meningioma\Tr-me_0986.jpg,meningioma
data\raw\Epic and CSCR hospital Dataset\Train\glioma\Tr-gl_1045.jpg,glioma
data\raw\Epic and CSCR hospital Dataset\Train\glioma\G_814_SP_.jpg,glioma
data\raw\Epic and CSCR hospital Dataset\Train\pituitary\P_806_SP_.jpg,pituitary
data\raw\Epic and CSCR hospital Dataset\Train\meningioma\M_868_VF_.jpg,meningioma
data\raw\Epic and CSCR hospital Dataset\Train\glioma\G_853_DA_.jpg,glioma
data\raw\Epic and CSCR hospital Dataset\Train\pituitary\Tr-pi_0760.jpg,pituitary
data\raw\Epic and CSCR hospital Dataset\Train\pituitary\P_772_VF_.jpg,pituitary
data\raw\Epic and CSCR hospital Dataset\Train\glioma\image(58).jpg,glioma
data\raw\Epic and CSCR hospital Dataset\Train\meningioma\m2 (171).jpg,meningioma
data\raw\Epic and CSCR hospital Dataset\Train\glioma\G_859_DA_.jpg,glioma
data\raw\Epic and CSCR hospital Dataset\Train\pituitary\Tr-pi_1009.jpg,pituitary
data\raw\Epic and CSCR hospital Dataset\Train\notumor\Tr-no_0412.jpg,notumor
data\raw\Epic and CSCR hospital Dataset\Train\glioma\G_833_HF_.jpg,glioma
data\raw\Epic and CSCR hospital Dataset\Train\glioma\G_768.jpg,glioma
data\raw\Epic and CSCR hospital Dataset\Train\meningioma\m2 (110).jpg,meningioma
data\raw\Epic and CSCR hospital Dataset\Train\notumor\1763.jpg,notumor
data\raw\Epic and CSCR hospital Dataset\Train\glioma\G_786.jpg,glioma
data\raw\Epic and CSCR hospital Dataset\Train\pituitary\Tr-pi_0950.jpg,pituitary
data\raw\Epic and CSCR hospital Dataset\Train\pituitary\P_754_SP_.jpg,pituitary
data\raw\Epic and CSCR hospital Dataset\Train\meningioma\m3 (169).jpg,meningioma
data\raw\Epic and CSCR hospital Dataset\Train\notumor\Te-no_0130.jpg,notumor
data\raw\Epic and CSCR hospital Dataset\Train\glioma\Tr-gl_0271.jpg,glioma
data\raw\Epic and CSCR hospital Dataset\Train\glioma\image(82).jpg,glioma
data\raw\Epic and CSCR hospital Dataset\Train\notumor\1648.jpg,notumor
data\raw\Epic and CSCR hospital Dataset\Train\notumor\N_409_SP_.jpg,notumor
data\raw\Epic and CSCR hospital Dataset\Train\glioma\gg (383).jpg,glioma
data\raw\Epic and CSCR hospital Dataset\Train\pituitary\P_802.jpg,pituitary
data\raw\Epic and CSCR hospital Dataset\Train\meningioma\Tr-me_0904.jpg,meningioma
data\raw\Epic and CSCR hospital Dataset\Train\notumor\1759.jpg,notumor
data\raw\Epic and CSCR hospital Dataset\Train\glioma\gg (565).jpg,glioma
data\raw\Epic and CSCR hospital Dataset\Train\glioma\G_772_SP_.jpg,glioma
data\raw\Epic and CSCR hospital Dataset\Train\meningioma\M_827.jpg,meningioma
data\raw\Epic and CSCR hospital Dataset\Train\glioma\Te-gl_0191.jpg,glioma
data\raw\Epic and CSCR hospital Dataset\Train\pituitary\P_749_VF_.jpg,pituitary
data\raw\Epic and CSCR hospital Dataset\Train\meningioma\M_823_RO_.jpg,meningioma
data\raw\Epic and CSCR hospital Dataset\Train\glioma\Tr-gl_1015.jpg,glioma
data\raw\Epic and CSCR hospital Dataset\Train\pituitary\P_759_SP_.jpg,pituitary
data\raw\Epic and CSCR hospital Dataset\Train\glioma\G_773_SP_.jpg,glioma
data\raw\Epic and CSCR hospital Dataset\Train\glioma\Tr-gl_0420.jpg,glioma
data\raw\Epic and CSCR hospital Dataset\Train\pituitary\Tr-pi_1403.jpg,pituitary
data\raw\Epic and CSCR hospital Dataset\Train\glioma\Tr-gl_0216.jpg,glioma
data\raw\Epic and CSCR hospital Dataset\Train\glioma\Tr-gl_0537.jpg,glioma
data\raw\Epic and CSCR hospital Dataset\Train\glioma\Tr-gl_1017.jpg,glioma
data\raw\Epic and CSCR hospital Dataset\Train\glioma\G_740.jpg,glioma
data\raw\Epic and CSCR hospital Dataset\Train\meningioma\m2 (80).jpg,meningioma
data\raw\Epic and CSCR hospital Dataset\Train\meningioma\Tr-me_0854.jpg,meningioma
data\raw\Epic and CSCR hospital Dataset\Train\glioma\gg (325).jpg,glioma
data\raw\Epic and CSCR hospital Dataset\Train\glioma\G_706_BR_.jpg,glioma
data\raw\Epic and CSCR hospital Dataset\Train\meningioma\Te-me_0070.jpg,meningioma
data\raw\Epic and CSCR hospital Dataset\Train\notumor\1739.jpg,notumor
data\raw\Epic and CSCR hospital Dataset\Train\glioma\Tr-gl_0629.jpg,glioma
data\raw\Epic and CSCR hospital Dataset\Train\notumor\N_38_VF_.jpg,notumor
data\raw\Epic and CSCR hospital Dataset\Train\meningioma\m1(7).jpg,meningioma
data\raw\Epic and CSCR hospital Dataset\Train\notumor\N_397.jpg,notumor
data\raw\Epic and CSCR hospital Dataset\Train\pituitary\P_734_HF_.jpg,pituitary
data\raw\Epic and CSCR hospital Dataset\Train\glioma\gg (589).jpg,glioma
data\raw\Epic and CSCR hospital Dataset\Train\meningioma\M_821_SP_.jpg,meningioma
data\raw\Epic and CSCR hospital Dataset\Train\notumor\1710.jpg,notumor
data\raw\Epic and CSCR hospital Dataset\Train\glioma\Tr-gl_0925.jpg,glioma
data\raw\Epic and CSCR hospital Dataset\Train\glioma\Tr-gl_0458.jpg,glioma
data\raw\Epic and CSCR hospital Dataset\Train\notumor\N_391_SP_.jpg,notumor
data\raw\Epic and CSCR hospital Dataset\Train\pituitary\p (492).jpg,pituitary
data\raw\Epic and CSCR hospital Dataset\Train\meningioma\M_831_DA_.jpg,meningioma
data\raw\Epic and CSCR hospital Dataset\Train\pituitary\p (563).jpg,pituitary
data\raw\Epic and CSCR hospital Dataset\Train\meningioma\Tr-me_1288.jpg,meningioma
data\raw\Epic and CSCR hospital Dataset\Train\notumor\N_431.jpg,notumor
data\raw\Epic and CSCR hospital Dataset\Train\meningioma\Tr-me_1257.jpg,meningioma
data\raw\Epic and CSCR hospital Dataset\Train\notumor\N_411_HF_.jpg,notumor
data\raw\Epic and CSCR hospital Dataset\Train\glioma\Tr-gl_0096.jpg,glioma
data\raw\Epic and CSCR hospital Dataset\Train\pituitary\P_714_DA_.jpg,pituitary
data\raw\Epic and CSCR hospital Dataset\Train\notumor\N_373_VF_.jpg,notumor
data\raw\Epic and CSCR hospital Dataset\Train\meningioma\Tr-me_1120.jpg,meningioma
data\raw\Epic and CSCR hospital Dataset\Train\glioma\G_761_HF_.jpg,glioma
data\raw\Epic and CSCR hospital Dataset\Train\meningioma\1436.jpg,meningioma
data\raw\Epic and CSCR hospital Dataset\Train\notumor\18 no.jpg,notumor
data\raw\Epic and CSCR hospital Dataset\Train\meningioma\M_847_HF_.jpg,meningioma
data\raw\Epic and CSCR hospital Dataset\Train\glioma\Tr-gl_0468.jpg,glioma
data\raw\Epic and CSCR hospital Dataset\Train\meningioma\Tr-me_0234.jpg,meningioma
data\raw\Epic and CSCR hospital Dataset\Train\meningioma\Tr-me_0808.jpg,meningioma
data\raw\Epic and CSCR hospital Dataset\Train\pituitary\P_74_VF_.jpg,pituitary
data\raw\Epic and CSCR hospital Dataset\Train\glioma\Te-gl_0233.jpg,glioma
data\raw\Epic and CSCR hospital Dataset\Train\notumor\Tr-no_0025.jpg,notumor
data\raw\Epic and CSCR hospital Dataset\Train\notumor\Tr-no_0146.jpg,notumor
data\raw\Epic and CSCR hospital Dataset\Train\notumor\Te-no_0067.jpg,notumor
data\raw\Epic and CSCR hospital Dataset\Train\meningioma\Tr-me_0197.jpg,meningioma
data\raw\Epic and CSCR hospital Dataset\Train\glioma\G_705_BR_.jpg,glioma
data\raw\Epic and CSCR hospital Dataset\Train\glioma\Tr-gl_0908.jpg,glioma
data\raw\Epic and CSCR hospital Dataset\Train\meningioma\m2 (27).jpg,meningioma
data\raw\Epic and CSCR hospital Dataset\Train\pituitary\p (577).jpg,pituitary
data\raw\Epic and CSCR hospital Dataset\Train\glioma\G_855_BR_.jpg,glioma
data\raw\Epic and CSCR hospital Dataset\Train\glioma\G_849_DA_.jpg,glioma
data\raw\Epic and CSCR hospital Dataset\Train\glioma\G_729.jpg,glioma
data\raw\Epic and CSCR hospital Dataset\Train\meningioma\M_875_DA_.jpg,meningioma
data\raw\Epic and CSCR hospital Dataset\Train\meningioma\1315.jpg,meningioma
data\raw\Epic and CSCR hospital Dataset\Train\pituitary\Tr-pi_1271.jpg,pituitary
data\raw\Epic and CSCR hospital Dataset\Train\notumor\Te-no_0199.jpg,notumor
data\raw\Epic and CSCR hospital Dataset\Train\notumor\1703.jpg,notumor
data\raw\Epic and CSCR hospital Dataset\Train\meningioma\Te-me_0140.jpg,meningioma
data\raw\Epic and CSCR hospital Dataset\Train\glioma\image(16).jpg,glioma
data\raw\Epic and CSCR hospital Dataset\Train\pituitary\Tr-pi_0231.jpg,pituitary
data\raw\Epic and CSCR hospital Dataset\Train\glioma\Tr-gl_0324.jpg,glioma
data\raw\Epic and CSCR hospital Dataset\Train\meningioma\M_839_RO_.jpg,meningioma
data\raw\Epic and CSCR hospital Dataset\Train\glioma\Te-gl_0256.jpg,glioma
data\raw\Epic and CSCR hospital Dataset\Train\meningioma\M_876_VF_.jpg,meningioma
data\raw\Epic and CSCR hospital Dataset\Train\glioma\gg (335).jpg,glioma
data\raw\Epic and CSCR hospital Dataset\Train\meningioma\Tr-me_0254.jpg,meningioma
data\raw\Epic and CSCR hospital Dataset\Train\pituitary\P_768_DA_.jpg,pituitary
data\raw\Epic and CSCR hospital Dataset\Train\notumor\N_401_SP_.jpg,notumor
data\raw\Epic and CSCR hospital Dataset\Train\glioma\G_853_RO_.jpg,glioma
data\raw\Epic and CSCR hospital Dataset\Train\notumor\Tr-no_0467.jpg,notumor
data\raw\Epic and CSCR hospital Dataset\Train\notumor\1736.jpg,notumor
data\raw\Epic and CSCR hospital Dataset\Train\glioma\Tr-gl_0827.jpg,glioma
data\raw\Epic and CSCR hospital Dataset\Train\pituitary\Tr-pi_0197.jpg,pituitary
data\raw\Epic and CSCR hospital Dataset\Train\meningioma\Te-me_0171.jpg,meningioma
data\raw\Epic and CSCR hospital Dataset\Train\glioma\Tr-gl_1230.jpg,glioma
data\raw\Epic and CSCR hospital Dataset\Train\pituitary\P_74_DA_.jpg,pituitary
data\raw\Epic and CSCR hospital Dataset\Train\pituitary\Tr-pi_0605.jpg,pituitary
data\raw\Epic and CSCR hospital Dataset\Train\notumor\image(151) - Copy.jpg,notumor
data\raw\Epic and CSCR hospital Dataset\Train\notumor\Tr-no_0198.jpg,notumor
data\raw\Epic and CSCR hospital Dataset\Train\notumor\1820.jpg,notumor
data\raw\Epic and CSCR hospital Dataset\Train\pituitary\P_843_VF_.jpg,pituitary
data\raw\Epic and CSCR hospital Dataset\Train\pituitary\Tr-pi_1252.jpg,pituitary
data\raw\Epic and CSCR hospital Dataset\Train\meningioma\Tr-me_0148.jpg,meningioma
data\raw\Epic and CSCR hospital Dataset\Train\pituitary\Te-pi_0120.jpg,pituitary
data\raw\Epic and CSCR hospital Dataset\Train\pituitary\Tr-pi_0847.jpg,pituitary
data\raw\Epic and CSCR hospital Dataset\Train\pituitary\Tr-pi_0240.jpg,pituitary
data\raw\Epic and CSCR hospital Dataset\Train\notumor\N_437_HF_.jpg,notumor
data\raw\Epic and CSCR hospital Dataset\Train\pituitary\P_807_DA_.jpg,pituitary
data\raw\Epic and CSCR hospital Dataset\Train\glioma\gg (371).jpg,glioma
data\raw\Epic and CSCR hospital Dataset\Train\glioma\Tr-gl_1181.jpg,glioma
data\raw\Epic and CSCR hospital Dataset\Train\notumor\Te-no_0069.jpg,notumor
data\raw\Epic and CSCR hospital Dataset\Train\notumor\N_430_DA_.jpg,notumor
data\raw\Epic and CSCR hospital Dataset\Train\glioma\Tr-gl_0951.jpg,glioma
data\raw\Epic and CSCR hospital Dataset\Train\glioma\Tr-gl_0603.jpg,glioma
data\raw\Epic and CSCR hospital Dataset\Train\glioma\G_866_VF_.jpg,glioma
data\raw\Epic and CSCR hospital Dataset\Train\glioma\G_845_SP_.jpg,glioma
data\raw\Epic and CSCR hospital Dataset\Train\glioma\Tr-gl_0188.jpg,glioma
data\raw\Epic and CSCR hospital Dataset\Train\glioma\Tr-gl_0198.jpg,glioma
data\raw\Epic and CSCR hospital Dataset\Train\pituitary\P_756_BR_.jpg,pituitary
data\raw\Epic and CSCR hospital Dataset\Train\pituitary\P_841_VF_.jpg,pituitary
data\raw\Epic and CSCR hospital Dataset\Train\notumor\N_38_BR_.jpg,notumor
data\raw\Epic and CSCR hospital Dataset\Train\meningioma\M_824_SP_.jpg,meningioma
data\raw\Epic and CSCR hospital Dataset\Train\meningioma\Tr-me_1067.jpg,meningioma
data\raw\Epic and CSCR hospital Dataset\Train\pituitary\P_72_DA_.jpg,pituitary
data\raw\Epic and CSCR hospital Dataset\Train\pituitary\P_752_HF_.jpg,pituitary
data\raw\Epic and CSCR hospital Dataset\Train\pituitary\P_805_DA_.jpg,pituitary
data\raw\Epic and CSCR hospital Dataset\Train\pituitary\Te-pi_0153.jpg,pituitary
data\raw\Epic and CSCR hospital Dataset\Train\notumor\N1.JPG,notumor
data\raw\Epic and CSCR hospital Dataset\Train\notumor\1813.jpg,notumor
data\raw\Epic and CSCR hospital Dataset\Train\pituitary\Te-pi_0043.jpg,pituitary
data\raw\Epic and CSCR hospital Dataset\Train\glioma\gg (675).jpg,glioma
data\raw\Epic and CSCR hospital Dataset\Train\notumor\1865.jpg,notumor
data\raw\Epic and CSCR hospital Dataset\Train\pituitary\p (530).jpg,pituitary
data\raw\Epic and CSCR hospital Dataset\Train\pituitary\P_843_DA_.jpg,pituitary
data\raw\Epic and CSCR hospital Dataset\Train\glioma\G_725_RO_.jpg,glioma
data\raw\Epic and CSCR hospital Dataset\Train\glioma\G_834_RO_.jpg,glioma
data\raw\Epic and CSCR hospital Dataset\Train\glioma\G_717_DA_.jpg,glioma
data\raw\Epic and CSCR hospital Dataset\Train\notumor\Tr-no_0548.jpg,notumor
data\raw\Epic and CSCR hospital Dataset\Train\meningioma\M_878_SP_.jpg,meningioma
data\raw\Epic and CSCR hospital Dataset\Train\meningioma\Tr-me_1097.jpg,meningioma
data\raw\Epic and CSCR hospital Dataset\Train\meningioma\1361.jpg,meningioma
data\raw\Epic and CSCR hospital Dataset\Train\glioma\Tr-gl_1034.jpg,glioma
data\raw\Epic and CSCR hospital Dataset\Train\notumor\Tr-no_0063.jpg,notumor
data\raw\Epic and CSCR hospital Dataset\Train\meningioma\Te-me_0187.jpg,meningioma
data\raw\Epic and CSCR hospital Dataset\Train\meningioma\Tr-me_0883.jpg,meningioma
data\raw\Epic and CSCR hospital Dataset\Train\notumor\N_386_RO_.jpg,notumor
data\raw\Epic and CSCR hospital Dataset\Train\glioma\Tr-gl_0178.jpg,glioma
data\raw\Epic and CSCR hospital Dataset\Train\meningioma\M_842_RO_.jpg,meningioma
data\raw\Epic and CSCR hospital Dataset\Train\meningioma\Tr-me_1301.jpg,meningioma
data\raw\Epic and CSCR hospital Dataset\Train\glioma\gg (64).jpg,glioma
data\raw\Epic and CSCR hospital Dataset\Train\meningioma\Tr-me_0315.jpg,meningioma
data\raw\Epic and CSCR hospital Dataset\Train\notumor\N_404_BR_.jpg,notumor
data\raw\Epic and CSCR hospital Dataset\Train\notumor\Tr-no_0361.jpg,notumor
data\raw\Epic and CSCR hospital Dataset\Train\notumor\Tr-no_0475.jpg,notumor
data\raw\Epic and CSCR hospital Dataset\Train\meningioma\m2 (103).jpg,meningioma
data\raw\Epic and CSCR hospital Dataset\Train\notumor\N_406_DA_.jpg,notumor
data\raw\Epic and CSCR hospital Dataset\Train\pituitary\Tr-pi_0994.jpg,pituitary
data\raw\Epic and CSCR hospital Dataset\Train\glioma\Tr-gl_0563.jpg,glioma
data\raw\Epic and CSCR hospital Dataset\Train\pituitary\P_816_BR_.jpg,pituitary
data\raw\Epic and CSCR hospital Dataset\Train\glioma\gg (61).jpg,glioma
data\raw\Epic and CSCR hospital Dataset\Train\notumor\Te-no_0095.jpg,notumor
data\raw\Epic and CSCR hospital Dataset\Train\meningioma\Tr-me_1009.jpg,meningioma
data\raw\Epic and CSCR hospital Dataset\Train\meningioma\1415.jpg,meningioma
data\raw\Epic and CSCR hospital Dataset\Train\glioma\G_770_DA_.jpg,glioma
data\raw\Epic and CSCR hospital Dataset\Train\glioma\G_764_RO_.jpg,glioma
data\raw\Epic and CSCR hospital Dataset\Train\glioma\G_817_VF_.jpg,glioma
data\raw\Epic and CSCR hospital Dataset\Train\pituitary\P_822_BR_.jpg,pituitary
data\raw\Epic and CSCR hospital Dataset\Train\pituitary\P_768_VF_.jpg,pituitary
data\raw\Epic and CSCR hospital Dataset\Train\pituitary\P_739_DA_.jpg,pituitary
data\raw\Epic and CSCR hospital Dataset\Train\glioma\G_751_VF_.jpg,glioma
data\raw\Epic and CSCR hospital Dataset\Train\meningioma\Tr-me_0806.jpg,meningioma
data\raw\Epic and CSCR hospital Dataset\Train\notumor\N_402_DA_.jpg,notumor
data\raw\Epic and CSCR hospital Dataset\Train\pituitary\p (597).jpg,pituitary
data\raw\Epic and CSCR hospital Dataset\Train\glioma\G_878.jpg,glioma
data\raw\Epic and CSCR hospital Dataset\Train\notumor\Te-no_0310.jpg,notumor
data\raw\Epic and CSCR hospital Dataset\Train\pituitary\Tr-pi_1246.jpg,pituitary
data\raw\Epic and CSCR hospital Dataset\Train\glioma\G_874_HF_.jpg,glioma
data\raw\Epic and CSCR hospital Dataset\Train\meningioma\M_866.jpg,meningioma
data\raw\Epic and CSCR hospital Dataset\Train\notumor\Te-no_0299.jpg,notumor
data\raw\Epic and CSCR hospital Dataset\Train\meningioma\m2 (149).jpg,meningioma
data\raw\Epic and CSCR hospital Dataset\Train\meningioma\1316.jpg,meningioma
data\raw\Epic and CSCR hospital Dataset\Train\pituitary\Tr-pi_1294.jpg,pituitary
data\raw\Epic and CSCR hospital Dataset\Train\meningioma\Tr-me_0837.jpg,meningioma
data\raw\Epic and CSCR hospital Dataset\Train\glioma\gg (410).jpg,glioma
data\raw\Epic and CSCR hospital Dataset\Train\notumor\N_410_VF_.jpg,notumor
data\raw\Epic and CSCR hospital Dataset\Train\meningioma\m2 (50).jpg,meningioma
data\raw\Epic and CSCR hospital Dataset\Train\pituitary\P_815_SP_.jpg,pituitary
data\raw\Epic and CSCR hospital Dataset\Train\glioma\G_879_DA_.jpg,glioma
data\raw\Epic and CSCR hospital Dataset\Train\notumor\N_429_RO_.jpg,notumor
data\raw\Epic and CSCR hospital Dataset\Train\meningioma\M_879_VF_.jpg,meningioma
data\raw\Epic and CSCR hospital Dataset\Train\pituitary\Tr-pi_0244.jpg,pituitary
data\raw\Epic and CSCR hospital Dataset\Train\glioma\Te-gl_0176.jpg,glioma
data\raw\Epic and CSCR hospital Dataset\Train\pituitary\Tr-pi_0564.jpg,pituitary
data\raw\Epic and CSCR hospital Dataset\Train\meningioma\m2 (31).jpg,meningioma
data\raw\Epic and CSCR hospital Dataset\Train\pituitary\Tr-pi_0213.jpg,pituitary
data\raw\Epic and CSCR hospital Dataset\Train\notumor\N_437_DA_.jpg,notumor
data\raw\Epic and CSCR hospital Dataset\Train\notumor\Tr-no_0483.jpg,notumor
data\raw\Epic and CSCR hospital Dataset\Train\pituitary\Tr-pi_0613.jpg,pituitary
data\raw\Epic and CSCR hospital Dataset\Train\pituitary\Tr-pi_1368.jpg,pituitary
data\raw\Epic and CSCR hospital Dataset\Train\meningioma\M_852_RO_.jpg,meningioma
data\raw\Epic and CSCR hospital Dataset\Train\meningioma\Tr-me_1253.jpg,meningioma
data\raw\Epic and CSCR hospital Dataset\Train\pituitary\P_809_SP_.jpg,pituitary
data\raw\Epic and CSCR hospital Dataset\Train\meningioma\Tr-me_0232.jpg,meningioma
data\raw\Epic and CSCR hospital Dataset\Train\pituitary\Tr-pi_0159.jpg,pituitary
data\raw\Epic and CSCR hospital Dataset\Train\meningioma\1334.jpg,meningioma
data\raw\Epic and CSCR hospital Dataset\Train\notumor\Tr-no_0248.jpg,notumor
data\raw\Epic and CSCR hospital Dataset\Train\glioma\Tr-gl_0496.jpg,glioma
data\raw\Epic and CSCR hospital Dataset\Train\pituitary\p (511).jpg,pituitary
data\raw\Epic and CSCR hospital Dataset\Train\notumor\Te-no_0316.jpg,notumor
data\raw\Epic and CSCR hospital Dataset\Train\pituitary\Tr-pi_1030.jpg,pituitary
data\raw\Epic and CSCR hospital Dataset\Train\notumor\Te-no_0185.jpg,notumor
data\raw\Epic and CSCR hospital Dataset\Train\pituitary\Te-pi_0086.jpg,pituitary
data\raw\Epic and CSCR hospital Dataset\Train\meningioma\1324.jpg,meningioma
data\raw\Epic and CSCR hospital Dataset\Train\glioma\Te-gl_0179.jpg,glioma
data\raw\Epic and CSCR hospital Dataset\Train\pituitary\P_770.jpg,pituitary
data\raw\Epic and CSCR hospital Dataset\Train\pituitary\P_767_HF_.jpg,pituitary
data\raw\Epic and CSCR hospital Dataset\Train\meningioma\Te-me_0212.jpg,meningioma
data\raw\Epic and CSCR hospital Dataset\Train\glioma\Tr-gl_0972.jpg,glioma
data\raw\Epic and CSCR hospital Dataset\Train\meningioma\Te-me_0256.jpg,meningioma
data\raw\Epic and CSCR hospital Dataset\Train\pituitary\P_750_VF_.jpg,pituitary
data\raw\Epic and CSCR hospital Dataset\Train\glioma\Tr-gl_0427.jpg,glioma
data\raw\Epic and CSCR hospital Dataset\Train\notumor\N_44_BR_.jpg,notumor
data\raw\Epic and CSCR hospital Dataset\Train\notumor\Tr-no_0636.jpg,notumor
data\raw\Epic and CSCR hospital Dataset\Train\glioma\G_745_HF_.jpg,glioma
data\raw\Epic and CSCR hospital Dataset\Train\pituitary\P_816_VF_.jpg,pituitary
data\raw\Epic and CSCR hospital Dataset\Train\glioma\gg (587).jpg,glioma
data\raw\Epic and CSCR hospital Dataset\Train\glioma\Tr-gl_0452.jpg,glioma
data\raw\Epic and CSCR hospital Dataset\Train\meningioma\1310.jpg,meningioma
data\raw\Epic and CSCR hospital Dataset\Train\meningioma\M_864_RO_.jpg,meningioma
data\raw\Epic and CSCR hospital Dataset\Train\pituitary\P_710_BR_.jpg,pituitary
data\raw\Epic and CSCR hospital Dataset\Train\glioma\Tr-gl_0956.jpg,glioma
data\raw\Epic and CSCR hospital Dataset\Train\glioma\Tr-gl_0293.jpg,glioma
data\raw\Epic and CSCR hospital Dataset\Train\notumor\1674.jpg,notumor
data\raw\Epic and CSCR hospital Dataset\Train\glioma\Tr-gl_0508.jpg,glioma
data\raw\Epic and CSCR hospital Dataset\Train\meningioma\M_828_DA_.jpg,meningioma
data\raw\Epic and CSCR hospital Dataset\Train\glioma\Tr-gl_0425.jpg,glioma
data\raw\Epic and CSCR hospital Dataset\Train\glioma\image(22).jpg,glioma
data\raw\Epic and CSCR hospital Dataset\Train\pituitary\Tr-pi_1185.jpg,pituitary
data\raw\Epic and CSCR hospital Dataset\Train\pituitary\p (558).jpg,pituitary
data\raw\Epic and CSCR hospital Dataset\Train\notumor\Tr-no_0204.jpg,notumor
data\raw\Epic and CSCR hospital Dataset\Train\glioma\Te-gl_0095.jpg,glioma
data\raw\Epic and CSCR hospital Dataset\Train\glioma\G_751_DA_.jpg,glioma
data\raw\Epic and CSCR hospital Dataset\Train\notumor\N_383_VF_.jpg,notumor
data\raw\Epic and CSCR hospital Dataset\Train\glioma\G_816_VF_.jpg,glioma
data\raw\Epic and CSCR hospital Dataset\Train\glioma\G_800_DA_.jpg,glioma
data\raw\Epic and CSCR hospital Dataset\Train\glioma\gg (446).jpg,glioma
data\raw\Epic and CSCR hospital Dataset\Train\notumor\Tr-no_0387.jpg,notumor
data\raw\Epic and CSCR hospital Dataset\Train\pituitary\P_775_DA_.jpg,pituitary
data\raw\Epic and CSCR hospital Dataset\Train\pituitary\Tr-pi_1278.jpg,pituitary
data\raw\Epic and CSCR hospital Dataset\Train\notumor\N_372_SP_.jpg,notumor
data\raw\Epic and CSCR hospital Dataset\Train\glioma\G_738_VF_.jpg,glioma
data\raw\Epic and CSCR hospital Dataset\Train\glioma\Tr-gl_0236.jpg,glioma
data\raw\Epic and CSCR hospital Dataset\Train\notumor\N_384_HF_.jpg,notumor
data\raw\Epic and CSCR hospital Dataset\Train\meningioma\M_848.jpg,meningioma
data\raw\Epic and CSCR hospital Dataset\Train\notumor\no 923.jpg,notumor
data\raw\Epic and CSCR hospital Dataset\Train\glioma\G_882.jpg,glioma
data\raw\Epic and CSCR hospital Dataset\Train\glioma\G_882_DA_.jpg,glioma
data\raw\Epic and CSCR hospital Dataset\Train\meningioma\Tr-me_0252.jpg,meningioma
data\raw\Epic and CSCR hospital Dataset\Train\notumor\1754.jpg,notumor
data\raw\Epic and CSCR hospital Dataset\Train\pituitary\P_823_SP_.jpg,pituitary
data\raw\Epic and CSCR hospital Dataset\Train\glioma\G_832.jpg,glioma
data\raw\Epic and CSCR hospital Dataset\Train\glioma\gg (49).jpg,glioma
data\raw\Epic and CSCR hospital Dataset\Train\glioma\G_801_RO_.jpg,glioma
data\raw\Epic and CSCR hospital Dataset\Train\glioma\Tr-gl_0927.jpg,glioma
data\raw\Epic and CSCR hospital Dataset\Train\pituitary\P_830_SP_.jpg,pituitary
data\raw\Epic and CSCR hospital Dataset\Train\glioma\gg (449).jpg,glioma
data\raw\Epic and CSCR hospital Dataset\Train\meningioma\Tr-me_1106.jpg,meningioma
data\raw\Epic and CSCR hospital Dataset\Train\glioma\G_757_HF_.jpg,glioma
data\raw\Epic and CSCR hospital Dataset\Train\glioma\gg (615).jpg,glioma
data\raw\Epic and CSCR hospital Dataset\Train\glioma\G_880.jpg,glioma
data\raw\Epic and CSCR hospital Dataset\Train\glioma\G_729_HF_.jpg,glioma
data\raw\Epic and CSCR hospital Dataset\Train\glioma\Tr-gl_0371.jpg,glioma
data\raw\Epic and CSCR hospital Dataset\Train\glioma\G_709_HF_.jpg,glioma
data\raw\Epic and CSCR hospital Dataset\Train\glioma\gg (586).jpg,glioma
data\raw\Epic and CSCR hospital Dataset\Train\pituitary\P_769.jpg,pituitary
data\raw\Epic and CSCR hospital Dataset\Train\pituitary\Tr-pi_0595.jpg,pituitary
data\raw\Epic and CSCR hospital Dataset\Train\pituitary\P_776_BR_.jpg,pituitary
data\raw\Epic and CSCR hospital Dataset\Train\glioma\gg (648).jpg,glioma
data\raw\Epic and CSCR hospital Dataset\Train\glioma\Tr-gl_1136.jpg,glioma
data\raw\Epic and CSCR hospital Dataset\Train\glioma\gg (407).jpg,glioma
data\raw\Epic and CSCR hospital Dataset\Train\pituitary\P_790.jpg,pituitary
data\raw\Epic and CSCR hospital Dataset\Train\notumor\Te-no_0318.jpg,notumor
data\raw\Epic and CSCR hospital Dataset\Train\meningioma\Tr-me_1020.jpg,meningioma
data\raw\Epic and CSCR hospital Dataset\Train\notumor\1652.jpg,notumor
data\raw\Epic and CSCR hospital Dataset\Train\pituitary\Te-pi_0017.jpg,pituitary
data\raw\Epic and CSCR hospital Dataset\Train\meningioma\M_869_VF_.jpg,meningioma
data\raw\Epic and CSCR hospital Dataset\Train\glioma\G_756_RO_.jpg,glioma
data\raw\Epic and CSCR hospital Dataset\Train\glioma\gg (419).jpg,glioma
data\raw\Epic and CSCR hospital Dataset\Train\pituitary\Tr-pi_0645.jpg,pituitary
data\raw\Epic and CSCR hospital Dataset\Train\pituitary\P_785_SP_.jpg,pituitary
data\raw\Epic and CSCR hospital Dataset\Train\meningioma\1319.jpg,meningioma
data\raw\Epic and CSCR hospital Dataset\Train\pituitary\Te-pi_0129.jpg,pituitary
data\raw\Epic and CSCR hospital Dataset\Train\glioma\gg (59).jpg,glioma
data\raw\Epic and CSCR hospital Dataset\Train\meningioma\M_852.jpg,meningioma
data\raw\Epic and CSCR hospital Dataset\Train\meningioma\m1(45).jpg,meningioma
data\raw\Epic and CSCR hospital Dataset\Train\glioma\G_874_SP_.jpg,glioma
data\raw\Epic and CSCR hospital Dataset\Train\meningioma\M_825.jpg,meningioma
data\raw\Epic and CSCR hospital Dataset\Train\pituitary\P_760_VF_.jpg,pituitary
data\raw\Epic and CSCR hospital Dataset\Train\pituitary\P_706_DA_.jpg,pituitary
data\raw\Epic and CSCR hospital Dataset\Train\glioma\Tr-gl_0999.jpg,glioma
data\raw\Epic and CSCR hospital Dataset\Train\pituitary\1189.jpg,pituitary
data\raw\Epic and CSCR hospital Dataset\Train\pituitary\Te-pi_0020.jpg,pituitary
data\raw\Epic and CSCR hospital Dataset\Train\pituitary\Tr-pi_0761.jpg,pituitary
data\raw\Epic and CSCR hospital Dataset\Train\notumor\N_432_BR_.jpg,notumor
data\raw\Epic and CSCR hospital Dataset\Train\notumor\1696.jpg,notumor
data\raw\Epic and CSCR hospital Dataset\Train\meningioma\M_859_BR_.jpg,meningioma
data\raw\Epic and CSCR hospital Dataset\Train\meningioma\m2 (76).jpg,meningioma
data\raw\Epic and CSCR hospital Dataset\Train\glioma\G_891_BR_.jpg,glioma
data\raw\Epic and CSCR hospital Dataset\Train\glioma\G_727_BR_.jpg,glioma
data\raw\Epic and CSCR hospital Dataset\Train\glioma\G_794_BR_.jpg,glioma
data\raw\Epic and CSCR hospital Dataset\Train\notumor\N_421_VF_.jpg,notumor
data\raw\Epic and CSCR hospital Dataset\Train\pituitary\P_724.jpg,pituitary
data\raw\Epic and CSCR hospital Dataset\Train\glioma\Tr-gl_0124.jpg,glioma
data\raw\Epic and CSCR hospital Dataset\Train\glioma\Tr-gl_0259.jpg,glioma
data\raw\Epic and CSCR hospital Dataset\Train\pituitary\P_784_VF_.jpg,pituitary
data\raw\Epic and CSCR hospital Dataset\Train\pituitary\P_766_HF_.jpg,pituitary
data\raw\Epic and CSCR hospital Dataset\Train\glioma\Tr-gl_1083.jpg,glioma
data\raw\Epic and CSCR hospital Dataset\Train\glioma\G_848.jpg,glioma
data\raw\Epic and CSCR hospital Dataset\Train\pituitary\Tr-pi_0260.jpg,pituitary
data\raw\Epic and CSCR hospital Dataset\Train\glioma\G_859_VF_.jpg,glioma
data\raw\Epic and CSCR hospital Dataset\Train\glioma\Tr-gl_0932.jpg,glioma
data\raw\Epic and CSCR hospital Dataset\Train\pituitary\P_758_RO_.jpg,pituitary
data\raw\Epic and CSCR hospital Dataset\Train\meningioma\m1(96).jpg,meningioma
data\raw\Epic and CSCR hospital Dataset\Train\notumor\N_391_BR_.jpg,notumor
data\raw\Epic and CSCR hospital Dataset\Train\glioma\Te-gl_0240.jpg,glioma
data\raw\Epic and CSCR hospital Dataset\Train\meningioma\m2 (88).jpg,meningioma
data\raw\Epic and CSCR hospital Dataset\Train\meningioma\Tr-me_1038.jpg,meningioma
data\raw\Epic and CSCR hospital Dataset\Train\pituitary\Tr-pi_1221.jpg,pituitary
data\raw\Epic and CSCR hospital Dataset\Train\glioma\G_886.jpg,glioma
data\raw\Epic and CSCR hospital Dataset\Train\pituitary\P_717_SP_.jpg,pituitary
data\raw\Epic and CSCR hospital Dataset\Train\meningioma\M_870.jpg,meningioma
data\raw\Epic and CSCR hospital Dataset\Train\pituitary\P_727_SP_.jpg,pituitary
data\raw\Epic and CSCR hospital Dataset\Train\notumor\N_42_SP_.jpg,notumor
data\raw\Epic and CSCR hospital Dataset\Train\glioma\Te-gl_0157.jpg,glioma
data\raw\Epic and CSCR hospital Dataset\Train\pituitary\Te-pi_0127.jpg,pituitary
data\raw\Epic and CSCR hospital Dataset\Train\glioma\Tr-gl_0295.jpg,glioma
data\raw\Epic and CSCR hospital Dataset\Train\pituitary\P_781_BR_.jpg,pituitary
data\raw\Epic and CSCR hospital Dataset\Train\glioma\G_850_BR_.jpg,glioma
data\raw\Epic and CSCR hospital Dataset\Train\glioma\Tr-gl_0383.jpg,glioma
data\raw\Epic and CSCR hospital Dataset\Train\pituitary\P_839_HF_.jpg,pituitary
data\raw\Epic and CSCR hospital Dataset\Train\glioma\G_773.jpg,glioma
data\raw\Epic and CSCR hospital Dataset\Train\pituitary\Tr-pi_0149.jpg,pituitary
data\raw\Epic and CSCR hospital Dataset\Train\notumor\Tr-no_0628.jpg,notumor
data\raw\Epic and CSCR hospital Dataset\Train\glioma\G_865_BR_.jpg,glioma
data\raw\Epic and CSCR hospital Dataset\Train\pituitary\P_811_RO_.jpg,pituitary
data\raw\Epic and CSCR hospital Dataset\Train\meningioma\M_842_DA_.jpg,meningioma
data\raw\Epic and CSCR hospital Dataset\Train\glioma\G_852_HF_.jpg,glioma
data\raw\Epic and CSCR hospital Dataset\Train\glioma\Tr-gl_0461.jpg,glioma
data\raw\Epic and CSCR hospital Dataset\Train\glioma\gg (333).jpg,glioma
data\raw\Epic and CSCR hospital Dataset\Train\notumor\Tr-no_0623.jpg,notumor
data\raw\Epic and CSCR hospital Dataset\Train\meningioma\M_838_RO_.jpg,meningioma
data\raw\Epic and CSCR hospital Dataset\Train\meningioma\Te-me_0235.jpg,meningioma
data\raw\Epic and CSCR hospital Dataset\Train\glioma\Tr-gl_1225.jpg,glioma
data\raw\Epic and CSCR hospital Dataset\Train\glioma\gg (50).jpg,glioma
data\raw\Epic and CSCR hospital Dataset\Train\glioma\Te-gl_0197.jpg,glioma
data\raw\Epic and CSCR hospital Dataset\Train\glioma\G_890_VF_.jpg,glioma
data\raw\Epic and CSCR hospital Dataset\Train\glioma\G_791_BR_.jpg,glioma
data\raw\Epic and CSCR hospital Dataset\Train\glioma\Tr-gl_0377.jpg,glioma
data\raw\Epic and CSCR hospital Dataset\Train\glioma\Tr-gl_0165.jpg,glioma
data\raw\Epic and CSCR hospital Dataset\Train\pituitary\Tr-pi_1371.jpg,pituitary
data\raw\Epic and CSCR hospital Dataset\Train\notumor\1774.jpg,notumor
data\raw\Epic and CSCR hospital Dataset\Train\pituitary\P_743_BR_.jpg,pituitary
data\raw\Epic and CSCR hospital Dataset\Train\meningioma\m2 (6).jpg,meningioma
data\raw\Epic and CSCR hospital Dataset\Train\notumor\N_50_SP_.jpg,notumor
data\raw\Epic and CSCR hospital Dataset\Train\glioma\Tr-gl_0926.jpg,glioma
data\raw\Epic and CSCR hospital Dataset\Train\glioma\G_743.jpg,glioma
data\raw\Epic and CSCR hospital Dataset\Train\glioma\G_839.jpg,glioma
data\raw\Epic and CSCR hospital Dataset\Train\glioma\G_727_SP_.jpg,glioma
data\raw\Epic and CSCR hospital Dataset\Train\glioma\Tr-gl_0157.jpg,glioma
data\raw\Epic and CSCR hospital Dataset\Train\glioma\Tr-gl_0891.jpg,glioma
data\raw\Epic and CSCR hospital Dataset\Train\pituitary\Tr-pi_0796.jpg,pituitary
data\raw\Epic and CSCR hospital Dataset\Train\notumor\Tr-no_0607.jpg,notumor
data\raw\Epic and CSCR hospital Dataset\Train\meningioma\m1(94).jpg,meningioma
data\raw\Epic and CSCR hospital Dataset\Train\meningioma\Tr-me_1050.jpg,meningioma
data\raw\Epic and CSCR hospital Dataset\Train\glioma\G_833_BR_.jpg,glioma
data\raw\Epic and CSCR hospital Dataset\Train\glioma\gg (624).jpg,glioma
data\raw\Epic and CSCR hospital Dataset\Train\glioma\Te-gl_0083.jpg,glioma
data\raw\Epic and CSCR hospital Dataset\Train\pituitary\Tr-pi_0100.jpg,pituitary
data\raw\Epic and CSCR hospital Dataset\Train\pituitary\Te-pi_0078.jpg,pituitary
data\raw\Epic and CSCR hospital Dataset\Train\meningioma\Tr-me_1151.jpg,meningioma
data\raw\Epic and CSCR hospital Dataset\Train\glioma\Tr-gl_1133.jpg,glioma
data\raw\Epic and CSCR hospital Dataset\Train\pituitary\P_718_BR_.jpg,pituitary
data\raw\Epic and CSCR hospital Dataset\Train\pituitary\Tr-pi_0246.jpg,pituitary
data\raw\Epic and CSCR hospital Dataset\Train\pituitary\P_753_HF_.jpg,pituitary
data\raw\Epic and CSCR hospital Dataset\Train\glioma\G_790_HF_.jpg,glioma
data\raw\Epic and CSCR hospital Dataset\Train\meningioma\Tr-me_0261.jpg,meningioma
data\raw\Epic and CSCR hospital Dataset\Train\pituitary\Te-pi_0201.jpg,pituitary
data\raw\Epic and CSCR hospital Dataset\Train\meningioma\M_869_BR_.jpg,meningioma
data\raw\Epic and CSCR hospital Dataset\Train\pituitary\P_730_BR_.jpg,pituitary
data\raw\Epic and CSCR hospital Dataset\Train\glioma\Tr-gl_0264.jpg,glioma
data\raw\Epic and CSCR hospital Dataset\Train\meningioma\m2 (94).jpg,meningioma
data\raw\Epic and CSCR hospital Dataset\Train\notumor\N_38_SP_.jpg,notumor
data\raw\Epic and CSCR hospital Dataset\Train\glioma\Tr-gl_0898.jpg,glioma
data\raw\Epic and CSCR hospital Dataset\Train\pituitary\P_770_RO_.jpg,pituitary
data\raw\Epic and CSCR hospital Dataset\Train\pituitary\Tr-pi_0612.jpg,pituitary
data\raw\Epic and CSCR hospital Dataset\Train\notumor\Tr-no_0205.jpg,notumor
data\raw\Epic and CSCR hospital Dataset\Train\glioma\G_729_SP_.jpg,glioma
data\raw\Epic and CSCR hospital Dataset\Train\meningioma\Tr-me_0109.jpg,meningioma
data\raw\Epic and CSCR hospital Dataset\Train\glioma\G_706_HF_.jpg,glioma
data\raw\Epic and CSCR hospital Dataset\Train\glioma\G_787_BR_.jpg,glioma
data\raw\Epic and CSCR hospital Dataset\Train\glioma\Tr-gl_1150.jpg,glioma
data\raw\Epic and CSCR hospital Dataset\Train\meningioma\m2 (75).jpg,meningioma
data\raw\Epic and CSCR hospital Dataset\Train\glioma\gg (663).jpg,glioma
data\raw\Epic and CSCR hospital Dataset\Train\notumor\N_425.jpg,notumor
data\raw\Epic and CSCR hospital Dataset\Train\notumor\Tr-no_0527.jpg,notumor
data\raw\Epic and CSCR hospital Dataset\Train\glioma\G_812_SP_.jpg,glioma
data\raw\Epic and CSCR hospital Dataset\Train\glioma\G_826_RO_.jpg,glioma
data\raw\Epic and CSCR hospital Dataset\Train\glioma\G_881_SP_.jpg,glioma
data\raw\Epic and CSCR hospital Dataset\Train\pituitary\Tr-pi_0051.jpg,pituitary
data\raw\Epic and CSCR hospital Dataset\Train\pituitary\p (517).jpg,pituitary
data\raw\Epic and CSCR hospital Dataset\Train\glioma\G_799.jpg,glioma
data\raw\Epic and CSCR hospital Dataset\Train\glioma\G_715_DA_.jpg,glioma
data\raw\Epic and CSCR hospital Dataset\Train\glioma\Tr-gl_0594.jpg,glioma
data\raw\Epic and CSCR hospital Dataset\Train\pituitary\Tr-pi_1152.jpg,pituitary
data\raw\Epic and CSCR hospital Dataset\Train\pituitary\Tr-pi_1195.jpg,pituitary
data\raw\Epic and CSCR hospital Dataset\Train\notumor\N_429_VF_.jpg,notumor
data\raw\Epic and CSCR hospital Dataset\Train\glioma\G_796_HF_.jpg,glioma
data\raw\Epic and CSCR hospital Dataset\Train\glioma\G_879_VF_.jpg,glioma
data\raw\Epic and CSCR hospital Dataset\Train\pituitary\Tr-pi_0632.jpg,pituitary
data\raw\Epic and CSCR hospital Dataset\Train\glioma\Tr-gl_0223.jpg,glioma
data\raw\Epic and CSCR hospital Dataset\Train\glioma\G_766_VF_.jpg,glioma
data\raw\Epic and CSCR hospital Dataset\Train\meningioma\M_856_DA_.jpg,meningioma
data\raw\Epic and CSCR hospital Dataset\Train\glioma\image(85).jpg,glioma
data\raw\Epic and CSCR hospital Dataset\Train\pituitary\Tr-pi_1390.jpg,pituitary
data\raw\Epic and CSCR hospital Dataset\Train\notumor\1817.jpg,notumor
data\raw\Epic and CSCR hospital Dataset\Train\glioma\G_849.jpg,glioma
data\raw\Epic and CSCR hospital Dataset\Train\glioma\image(10).jpg,glioma
data\raw\Epic and CSCR hospital Dataset\Train\pituitary\p (502).jpg,pituitary
data\raw\Epic and CSCR hospital Dataset\Train\notumor\N_5.jpg,notumor
data\raw\Epic and CSCR hospital Dataset\Train\glioma\gg (477).jpg,glioma
data\raw\Epic and CSCR hospital Dataset\Train\notumor\N_377_DA_.jpg,notumor
data\raw\Epic and CSCR hospital Dataset\Train\notumor\N_37_HF_.jpg,notumor
data\raw\Epic and CSCR hospital Dataset\Train\notumor\Tr-no_0207.jpg,notumor
data\raw\Epic and CSCR hospital Dataset\Train\glioma\Te-gl_0199.jpg,glioma
data\raw\Epic and CSCR hospital Dataset\Train\glioma\G_790_DA_.jpg,glioma
data\raw\Epic and CSCR hospital Dataset\Train\notumor\Tr-no_0293.jpg,notumor
data\raw\Epic and CSCR hospital Dataset\Train\pituitary\Tr-pi_0109.jpg,pituitary
data\raw\Epic and CSCR hospital Dataset\Train\glioma\Tr-gl_0183.jpg,glioma
data\raw\Epic and CSCR hospital Dataset\Train\meningioma\1351.jpg,meningioma
data\raw\Epic and CSCR hospital Dataset\Train\notumor\Tr-no_0413.jpg,notumor
data\raw\Epic and CSCR hospital Dataset\Train\pituitary\Te-pi_0046.jpg,pituitary
data\raw\Epic and CSCR hospital Dataset\Train\pituitary\Te-pi_0071.jpg,pituitary
data\raw\Epic and CSCR hospital Dataset\Train\notumor\image(181).jpg,notumor
data\raw\Epic and CSCR hospital Dataset\Train\glioma\G_890_RO_.jpg,glioma
data\raw\Epic and CSCR hospital Dataset\Train\meningioma\1405.jpg,meningioma
data\raw\Epic and CSCR hospital Dataset\Train\glioma\Tr-gl_0992.jpg,glioma
data\raw\Epic and CSCR hospital Dataset\Train\meningioma\m2 (156).jpg,meningioma
data\raw\Epic and CSCR hospital Dataset\Train\meningioma\m3 (102).jpg,meningioma
data\raw\Epic and CSCR hospital Dataset\Train\glioma\Tr-gl_0562.jpg,glioma
data\raw\Epic and CSCR hospital Dataset\Train\meningioma\M_847_RO_.jpg,meningioma
data\raw\Epic and CSCR hospital Dataset\Train\glioma\Te-gl_0193.jpg,glioma
data\raw\Epic and CSCR hospital Dataset\Train\notumor\Tr-no_0216.jpg,notumor
data\raw\Epic and CSCR hospital Dataset\Train\glioma\Tr-gl_1106.jpg,glioma
data\raw\Epic and CSCR hospital Dataset\Train\glioma\G_706_DA_.jpg,glioma
data\raw\Epic and CSCR hospital Dataset\Train\pituitary\P_821_VF_.jpg,pituitary
data\raw\Epic and CSCR hospital Dataset\Train\pituitary\Tr-pi_1396.jpg,pituitary
data\raw\Epic and CSCR hospital Dataset\Train\notumor\Te-no_0221.jpg,notumor
data\raw\Epic and CSCR hospital Dataset\Train\notumor\Tr-no_0696.jpg,notumor
data\raw\Epic and CSCR hospital Dataset\Train\pituitary\P_822_VF_.jpg,pituitary
data\raw\Epic and CSCR hospital Dataset\Train\meningioma\m1(90).jpg,meningioma
data\raw\Epic and CSCR hospital Dataset\Train\pituitary\P_804.jpg,pituitary
data\raw\Epic and CSCR hospital Dataset\Train\pituitary\Tr-pi_0106.jpg,pituitary
data\raw\Epic and CSCR hospital Dataset\Train\meningioma\M_864_VF_.jpg,meningioma
data\raw\Epic and CSCR hospital Dataset\Train\pituitary\P_727.jpg,pituitary
data\raw\Epic and CSCR hospital Dataset\Train\meningioma\Tr-me_0824.jpg,meningioma
data\raw\Epic and CSCR hospital Dataset\Train\meningioma\1369.jpg,meningioma
data\raw\Epic and CSCR hospital Dataset\Train\glioma\G_849_RO_.jpg,glioma
data\raw\Epic and CSCR hospital Dataset\Train\meningioma\m3 (128).jpg,meningioma
data\raw\Epic and CSCR hospital Dataset\Train\meningioma\Tr-me_0997.jpg,meningioma
data\raw\Epic and CSCR hospital Dataset\Train\glioma\G_794.jpg,glioma
data\raw\Epic and CSCR hospital Dataset\Train\notumor\1877.jpg,notumor
data\raw\Epic and CSCR hospital Dataset\Train\meningioma\m2 (112).jpg,meningioma
data\raw\Epic and CSCR hospital Dataset\Train\pituitary\Te-pi_0117.jpg,pituitary
data\raw\Epic and CSCR hospital Dataset\Train\notumor\Te-no_0180.jpg,notumor
data\raw\Epic and CSCR hospital Dataset\Train\notumor\N_420_VF_.jpg,notumor
data\raw\Epic and CSCR hospital Dataset\Train\glioma\gg (559).jpg,glioma
data\raw\Epic and CSCR hospital Dataset\Train\pituitary\Tr-pi_0638.jpg,pituitary
data\raw\Epic and CSCR hospital Dataset\Train\glioma\gg (566).jpg,glioma
data\raw\Epic and CSCR hospital Dataset\Train\notumor\1851.jpg,notumor
data\raw\Epic and CSCR hospital Dataset\Train\meningioma\Te-me_0182.jpg,meningioma
data\raw\Epic and CSCR hospital Dataset\Train\notumor\Te-no_0192.jpg,notumor
data\raw\Epic and CSCR hospital Dataset\Train\notumor\N_421_DA_.jpg,notumor
data\raw\Epic and CSCR hospital Dataset\Train\pituitary\Tr-pi_0528.jpg,pituitary
data\raw\Epic and CSCR hospital Dataset\Train\notumor\1822.jpg,notumor
data\raw\Epic and CSCR hospital Dataset\Train\pituitary\P_757_SP_.jpg,pituitary
data\raw\Epic and CSCR hospital Dataset\Train\notumor\Tr-no_0517.jpg,notumor
data\raw\Epic and CSCR hospital Dataset\Train\glioma\G_711_HF_.jpg,glioma
data\raw\Epic and CSCR hospital Dataset\Train\meningioma\M_885.jpg,meningioma
data\raw\Epic and CSCR hospital Dataset\Train\glioma\G_847_RO_.jpg,glioma
data\raw\Epic and CSCR hospital Dataset\Train\glioma\G_725_SP_.jpg,glioma
data\raw\Epic and CSCR hospital Dataset\Train\glioma\Tr-gl_0931.jpg,glioma
data\raw\Epic and CSCR hospital Dataset\Train\meningioma\M_871_BR_.jpg,meningioma
data\raw\Epic and CSCR hospital Dataset\Train\glioma\G_86_BR_.jpg,glioma
data\raw\Epic and CSCR hospital Dataset\Train\pituitary\P_743_HF_.jpg,pituitary
data\raw\Epic and CSCR hospital Dataset\Train\glioma\Tr-gl_0473.jpg,glioma
data\raw\Epic and CSCR hospital Dataset\Train\glioma\Tr-gl_0485.jpg,glioma
data\raw\Epic and CSCR hospital Dataset\Train\glioma\G_789_DA_.jpg,glioma
data\raw\Epic and CSCR hospital Dataset\Train\pituitary\p (546).jpg,pituitary
data\raw\Epic and CSCR hospital Dataset\Train\glioma\G_827_VF_.jpg,glioma
data\raw\Epic and CSCR hospital Dataset\Train\glioma\Tr-gl_0221.jpg,glioma
data\raw\Epic and CSCR hospital Dataset\Train\pituitary\P_81_RO_.jpg,pituitary
data\raw\Epic and CSCR hospital Dataset\Train\meningioma\m2 (92).jpg,meningioma
data\raw\Epic and CSCR hospital Dataset\Train\notumor\N_435_VF_.jpg,notumor
data\raw\Epic and CSCR hospital Dataset\Train\glioma\Tr-gl_0133.jpg,glioma
data\raw\Epic and CSCR hospital Dataset\Train\glioma\G_737_VF_.jpg,glioma
data\raw\Epic and CSCR hospital Dataset\Train\notumor\Tr-no_0071.jpg,notumor
data\raw\Epic and CSCR hospital Dataset\Train\pituitary\P_824_BR_.jpg,pituitary
data\raw\Epic and CSCR hospital Dataset\Train\glioma\Tr-gl_1092.jpg,glioma
data\raw\Epic and CSCR hospital Dataset\Train\meningioma\M_880_DA_.jpg,meningioma
data\raw\Epic and CSCR hospital Dataset\Train\meningioma\Te-me_0237.jpg,meningioma
data\raw\Epic and CSCR hospital Dataset\Train\pituitary\P_809_RO_.jpg,pituitary
data\raw\Epic and CSCR hospital Dataset\Train\pituitary\P_73_BR_.jpg,pituitary
data\raw\Epic and CSCR hospital Dataset\Train\glioma\gg (472).jpg,glioma
data\raw\Epic and CSCR hospital Dataset\Train\glioma\G_740_SP_.jpg,glioma
data\raw\Epic and CSCR hospital Dataset\Train\meningioma\m2 (51).jpg,meningioma
data\raw\Epic and CSCR hospital Dataset\Train\meningioma\m1(74).jpg,meningioma
data\raw\Epic and CSCR hospital Dataset\Train\pituitary\Te-pi_0207.jpg,pituitary
data\raw\Epic and CSCR hospital Dataset\Train\glioma\G_724_DA_.jpg,glioma
data\raw\Epic and CSCR hospital Dataset\Train\glioma\G_786_SP_.jpg,glioma
data\raw\Epic and CSCR hospital Dataset\Train\glioma\G_707_BR_.jpg,glioma
data\raw\Epic and CSCR hospital Dataset\Train\glioma\gg (667).jpg,glioma
data\raw\Epic and CSCR hospital Dataset\Train\glioma\Te-gl_0174.jpg,glioma
data\raw\Epic and CSCR hospital Dataset\Train\meningioma\Tr-me_0288.jpg,meningioma
data\raw\Epic and CSCR hospital Dataset\Train\pituitary\P_817_BR_.jpg,pituitary
data\raw\Epic and CSCR hospital Dataset\Train\meningioma\Te-me_0218.jpg,meningioma
data\raw\Epic and CSCR hospital Dataset\Train\glioma\image(14).jpg,glioma
data\raw\Epic and CSCR hospital Dataset\Train\glioma\Tr-gl_0544.jpg,glioma
data\raw\Epic and CSCR hospital Dataset\Train\meningioma\Tr-me_0285.jpg,meningioma
data\raw\Epic and CSCR hospital Dataset\Train\pituitary\Tr-pi_1126.jpg,pituitary
data\raw\Epic and CSCR hospital Dataset\Train\pituitary\Tr-pi_1351.jpg,pituitary
data\raw\Epic and CSCR hospital Dataset\Train\notumor\Tr-no_0220.jpg,notumor
data\raw\Epic and CSCR hospital Dataset\Train\meningioma\m2 (121).jpg,meningioma
data\raw\Epic and CSCR hospital Dataset\Train\notumor\N_402_RO_.jpg,notumor
data\raw\Epic and CSCR hospital Dataset\Train\glioma\G_864_RO_.jpg,glioma
data\raw\Epic and CSCR hospital Dataset\Train\meningioma\M_853_HF_.jpg,meningioma
data\raw\Epic and CSCR hospital Dataset\Train\pituitary\P_736.jpg,pituitary
data\raw\Epic and CSCR hospital Dataset\Train\meningioma\Tr-me_0167.jpg,meningioma
data\raw\Epic and CSCR hospital Dataset\Train\meningioma\m3 (103).jpg,meningioma
data\raw\Epic and CSCR hospital Dataset\Train\glioma\G_708_DA_.jpg,glioma
data\raw\Epic and CSCR hospital Dataset\Train\meningioma\M_836_RO_.jpg,meningioma
data\raw\Epic and CSCR hospital Dataset\Train\meningioma\1393.jpg,meningioma
data\raw\Epic and CSCR hospital Dataset\Train\pituitary\P_814_RO_.jpg,pituitary
data\raw\Epic and CSCR hospital Dataset\Train\notumor\Te-no_0276.jpg,notumor
data\raw\Epic and CSCR hospital Dataset\Train\notumor\Tr-no_0225.jpg,notumor
data\raw\Epic and CSCR hospital Dataset\Train\notumor\1708.jpg,notumor
data\raw\Epic and CSCR hospital Dataset\Train\pituitary\P_727_RO_.jpg,pituitary
data\raw\Epic and CSCR hospital Dataset\Train\glioma\Tr-gl_0909.jpg,glioma
data\raw\Epic and CSCR hospital Dataset\Train\glioma\G_831_HF_.jpg,glioma
data\raw\Epic and CSCR hospital Dataset\Train\meningioma\Tr-me_1003.jpg,meningioma
data\raw\Epic and CSCR hospital Dataset\Train\glioma\Tr-gl_1172.jpg,glioma
data\raw\Epic and CSCR hospital Dataset\Train\pituitary\Tr-pi_1405.jpg,pituitary
data\raw\Epic and CSCR hospital Dataset\Train\notumor\1836.jpg,notumor
data\raw\Epic and CSCR hospital Dataset\Train\meningioma\M_845_DA_.jpg,meningioma
data\raw\Epic and CSCR hospital Dataset\Train\pituitary\P_826_DA_.jpg,pituitary
data\raw\Epic and CSCR hospital Dataset\Train\meningioma\Tr-me_1172.jpg,meningioma
data\raw\Epic and CSCR hospital Dataset\Train\pituitary\P_723_DA_.jpg,pituitary
data\raw\Epic and CSCR hospital Dataset\Train\glioma\Te-gl_0128.jpg,glioma
data\raw\Epic and CSCR hospital Dataset\Train\pituitary\P_795_VF_.jpg,pituitary
data\raw\Epic and CSCR hospital Dataset\Train\glioma\G_823_BR_.jpg,glioma
data\raw\Epic and CSCR hospital Dataset\Train\meningioma\Te-me_0162.jpg,meningioma
data\raw\Epic and CSCR hospital Dataset\Train\pituitary\Tr-pi_1002.jpg,pituitary
data\raw\Epic and CSCR hospital Dataset\Train\pituitary\p (538).jpg,pituitary
data\raw\Epic and CSCR hospital Dataset\Train\notumor\N17.jpg,notumor
data\raw\Epic and CSCR hospital Dataset\Train\pituitary\P_719_RO_.jpg,pituitary
data\raw\Epic and CSCR hospital Dataset\Train\pituitary\Tr-pi_0123.jpg,pituitary
data\raw\Epic and CSCR hospital Dataset\Train\pituitary\P_826_HF_.jpg,pituitary
data\raw\Epic and CSCR hospital Dataset\Train\pituitary\P_74_SP_.jpg,pituitary
data\raw\Epic and CSCR hospital Dataset\Train\pituitary\Tr-pi_1157.jpg,pituitary
data\raw\Epic and CSCR hospital Dataset\Train\glioma\Tr-gl_0240.jpg,glioma
data\raw\Epic and CSCR hospital Dataset\Train\pituitary\P_839_RO_.jpg,pituitary
data\raw\Epic and CSCR hospital Dataset\Train\meningioma\1313.jpg,meningioma
data\raw\Epic and CSCR hospital Dataset\Train\glioma\Tr-gl_0343.jpg,glioma
data\raw\Epic and CSCR hospital Dataset\Train\meningioma\m2 (68).jpg,meningioma
data\raw\Epic and CSCR hospital Dataset\Train\pituitary\Tr-pi_1448.jpg,pituitary
data\raw\Epic and CSCR hospital Dataset\Train\notumor\Tr-no_0437.jpg,notumor
data\raw\Epic and CSCR hospital Dataset\Train\pituitary\Te-pi_0149.jpg,pituitary
data\raw\Epic and CSCR hospital Dataset\Train\notumor\Te-no_0219.jpg,notumor
data\raw\Epic and CSCR hospital Dataset\Train\notumor\N_378_HF_.jpg,notumor
data\raw\Epic and CSCR hospital Dataset\Train\notumor\N_386_SP_.jpg,notumor
data\raw\Epic and CSCR hospital Dataset\Train\glioma\G_850.jpg,glioma
data\raw\Epic and CSCR hospital Dataset\Train\glioma\G_795_VF_.jpg,glioma
data\raw\Epic and CSCR hospital Dataset\Train\pituitary\P_81_HF_.jpg,pituitary
data\raw\Epic and CSCR hospital Dataset\Train\glioma\gg (428).jpg,glioma
data\raw\Epic and CSCR hospital Dataset\Train\meningioma\Tr-me_0165.jpg,meningioma
data\raw\Epic and CSCR hospital Dataset\Train\notumor\image(187).jpg,notumor
data\raw\Epic and CSCR hospital Dataset\Train\glioma\G_868_RO_.jpg,glioma
data\raw\Epic and CSCR hospital Dataset\Train\meningioma\Tr-me_1144.jpg,meningioma
data\raw\Epic and CSCR hospital Dataset\Train\notumor\N_369_DA_.jpg,notumor
data\raw\Epic and CSCR hospital Dataset\Train\pituitary\P_775_BR_.jpg,pituitary
data\raw\Epic and CSCR hospital Dataset\Train\pituitary\Tr-pi_1080.jpg,pituitary
data\raw\Epic and CSCR hospital Dataset\Train\pituitary\p (531).jpg,pituitary
data\raw\Epic and CSCR hospital Dataset\Train\glioma\Tr-gl_1130.jpg,glioma
data\raw\Epic and CSCR hospital Dataset\Train\glioma\Tr-gl_0423.jpg,glioma
data\raw\Epic and CSCR hospital Dataset\Train\glioma\Tr-gl_0328.jpg,glioma
data\raw\Epic and CSCR hospital Dataset\Train\notumor\Tr-no_0263.jpg,notumor
data\raw\Epic and CSCR hospital Dataset\Train\glioma\G_795_DA_.jpg,glioma
data\raw\Epic and CSCR hospital Dataset\Train\pituitary\Tr-pi_0642.jpg,pituitary
data\raw\Epic and CSCR hospital Dataset\Train\notumor\Tr-no_0212.jpg,notumor
data\raw\Epic and CSCR hospital Dataset\Train\notumor\Tr-no_0595.jpg,notumor
data\raw\Epic and CSCR hospital Dataset\Train\pituitary\P_81_SP_.jpg,pituitary
data\raw\Epic and CSCR hospital Dataset\Train\glioma\Tr-gl_0941.jpg,glioma
data\raw\Epic and CSCR hospital Dataset\Train\pituitary\P_843_BR_.jpg,pituitary
data\raw\Epic and CSCR hospital Dataset\Train\glioma\G_836_RO_.jpg,glioma
data\raw\Epic and CSCR hospital Dataset\Train\pituitary\Tr-pi_0791.jpg,pituitary
data\raw\Epic and CSCR hospital Dataset\Train\pituitary\P_818_BR_.jpg,pituitary
data\raw\Epic and CSCR hospital Dataset\Train\pituitary\P_794_DA_.jpg,pituitary
data\raw\Epic and CSCR hospital Dataset\Train\meningioma\Tr-me_0127.jpg,meningioma
data\raw\Epic and CSCR hospital Dataset\Train\glioma\Tr-gl_1144.jpg,glioma
data\raw\Epic and CSCR hospital Dataset\Train\glioma\gg (433).jpg,glioma
data\raw\Epic and CSCR hospital Dataset\Train\notumor\N_4_BR_.jpg,notumor
data\raw\Epic and CSCR hospital Dataset\Train\notumor\1609.jpg,notumor
data\raw\Epic and CSCR hospital Dataset\Train\notumor\Tr-no_0070.jpg,notumor
data\raw\Epic and CSCR hospital Dataset\Train\glioma\gg (529).jpg,glioma
data\raw\Epic and CSCR hospital Dataset\Train\glioma\G_712_RO_.jpg,glioma
data\raw\Epic and CSCR hospital Dataset\Train\glioma\G_704_HF_.jpg,glioma
data\raw\Epic and CSCR hospital Dataset\Train\meningioma\Tr-me_1258.jpg,meningioma
data\raw\Epic and CSCR hospital Dataset\Train\meningioma\Tr-me_0041.jpg,meningioma
data\raw\Epic and CSCR hospital Dataset\Train\pituitary\P_801_BR_.jpg,pituitary
data\raw\Epic and CSCR hospital Dataset\Train\notumor\N_4_SP_.jpg,notumor
data\raw\Epic and CSCR hospital Dataset\Train\glioma\gg (633).jpg,glioma
data\raw\Epic and CSCR hospital Dataset\Train\pituitary\P_84_BR_.jpg,pituitary
data\raw\Epic and CSCR hospital Dataset\Train\meningioma\Tr-me_0328.jpg,meningioma
data\raw\Epic and CSCR hospital Dataset\Train\glioma\gg (534).jpg,glioma
data\raw\Epic and CSCR hospital Dataset\Train\meningioma\M_821_DA_.jpg,meningioma
data\raw\Epic and CSCR hospital Dataset\Train\pituitary\P_706_BR_.jpg,pituitary
data\raw\Epic and CSCR hospital Dataset\Train\meningioma\Te-me_0250.jpg,meningioma
data\raw\Epic and CSCR hospital Dataset\Train\glioma\Te-gl_0162.jpg,glioma
data\raw\Epic and CSCR hospital Dataset\Train\notumor\Te-no_0210.jpg,notumor
data\raw\Epic and CSCR hospital Dataset\Train\notumor\N_378_BR_.jpg,notumor
data\raw\Epic and CSCR hospital Dataset\Train\glioma\Te-gl_0206.jpg,glioma
data\raw\Epic and CSCR hospital Dataset\Train\notumor\N_414_BR_.jpg,notumor
data\raw\Epic and CSCR hospital Dataset\Train\pituitary\P_81_BR_.jpg,pituitary
data\raw\Epic and CSCR hospital Dataset\Train\notumor\1713.jpg,notumor
data\raw\Epic and CSCR hospital Dataset\Train\pituitary\Tr-pi_0777.jpg,pituitary
data\raw\Epic and CSCR hospital Dataset\Train\glioma\Tr-gl_0585.jpg,glioma
data\raw\Epic and CSCR hospital Dataset\Train\meningioma\M_860_HF_.jpg,meningioma
data\raw\Epic and CSCR hospital Dataset\Train\meningioma\Tr-me_0079.jpg,meningioma
data\raw\Epic and CSCR hospital Dataset\Train\pituitary\P_754_HF_.jpg,pituitary
data\raw\Epic and CSCR hospital Dataset\Train\glioma\Te-gl_0131.jpg,glioma
data\raw\Epic and CSCR hospital Dataset\Train\pituitary\P_71_VF_.jpg,pituitary
data\raw\Epic and CSCR hospital Dataset\Train\glioma\Tr-gl_0914.jpg,glioma
data\raw\Epic and CSCR hospital Dataset\Train\notumor\N11.jpg,notumor
data\raw\Epic and CSCR hospital Dataset\Train\meningioma\Tr-me_1055.jpg,meningioma
data\raw\Epic and CSCR hospital Dataset\Train\pituitary\Tr-pi_1187.jpg,pituitary
data\raw\Epic and CSCR hospital Dataset\Train\notumor\Tr-no_0057.jpg,notumor
data\raw\Epic and CSCR hospital Dataset\Train\glioma\G_724_RO_.jpg,glioma
data\raw\Epic and CSCR hospital Dataset\Train\notumor\No12.jpg,notumor
data\raw\Epic and CSCR hospital Dataset\Train\notumor\N_370.jpg,notumor
data\raw\Epic and CSCR hospital Dataset\Train\pituitary\Tr-pi_1310.jpg,pituitary
data\raw\Epic and CSCR hospital Dataset\Train\meningioma\Tr-me_0861.jpg,meningioma
data\raw\Epic and CSCR hospital Dataset\Train\glioma\G_728_DA_.jpg,glioma
data\raw\Epic and CSCR hospital Dataset\Train\notumor\no 91.jpeg,notumor
data\raw\Epic and CSCR hospital Dataset\Train\pituitary\P_79_DA_.jpg,pituitary
data\raw\Epic and CSCR hospital Dataset\Train\meningioma\m2 (40).jpg,meningioma
data\raw\Epic and CSCR hospital Dataset\Train\meningioma\m2 (93).jpg,meningioma
data\raw\Epic and CSCR hospital Dataset\Train\pituitary\Tr-pi_0799.jpg,pituitary
data\raw\Epic and CSCR hospital Dataset\Train\meningioma\M_849_VF_.jpg,meningioma
data\raw\Epic and CSCR hospital Dataset\Train\pituitary\P_736_RO_.jpg,pituitary
data\raw\Epic and CSCR hospital Dataset\Train\notumor\N_373_DA_.jpg,notumor
data\raw\Epic and CSCR hospital Dataset\Train\notumor\1833.jpg,notumor
data\raw\Epic and CSCR hospital Dataset\Train\pituitary\P_88_RO_.jpg,pituitary
data\raw\Epic and CSCR hospital Dataset\Train\notumor\N_396_BR_.jpg,notumor
data\raw\Epic and CSCR hospital Dataset\Train\meningioma\Tr-me_0105.jpg,meningioma
data\raw\Epic and CSCR hospital Dataset\Train\meningioma\M_846_DA_.jpg,meningioma
data\raw\Epic and CSCR hospital Dataset\Train\meningioma\Tr-me_1119.jpg,meningioma
data\raw\Epic and CSCR hospital Dataset\Train\notumor\1699.jpg,notumor
data\raw\Epic and CSCR hospital Dataset\Train\notumor\Te-no_0365.jpg,notumor
data\raw\Epic and CSCR hospital Dataset\Train\meningioma\M_855_HF_.jpg,meningioma
data\raw\Epic and CSCR hospital Dataset\Train\glioma\Tr-gl_0244.jpg,glioma
data\raw\Epic and CSCR hospital Dataset\Train\notumor\Tr-no_0371.jpg,notumor
data\raw\Epic and CSCR hospital Dataset\Train\pituitary\Tr-pi_1292.jpg,pituitary
data\raw\Epic and CSCR hospital Dataset\Train\meningioma\Te-me_0259.jpg,meningioma
data\raw\Epic and CSCR hospital Dataset\Train\pituitary\Tr-pi_0117.jpg,pituitary
data\raw\Epic and CSCR hospital Dataset\Train\pituitary\Tr-pi_1020.jpg,pituitary
data\raw\Epic and CSCR hospital Dataset\Train\glioma\gg (504).jpg,glioma
data\raw\Epic and CSCR hospital Dataset\Train\notumor\Te-no_0075.jpg,notumor
data\raw\Epic and CSCR hospital Dataset\Train\pituitary\p (605).jpg,pituitary
data\raw\Epic and CSCR hospital Dataset\Train\pituitary\P_725_DA_.jpg,pituitary
data\raw\Epic and CSCR hospital Dataset\Train\glioma\Tr-gl_1156.jpg,glioma
data\raw\Epic and CSCR hospital Dataset\Train\meningioma\Tr-me_1255.jpg,meningioma
data\raw\Epic and CSCR hospital Dataset\Train\meningioma\Tr-me_1123.jpg,meningioma
data\raw\Epic and CSCR hospital Dataset\Train\pituitary\Tr-pi_1358.jpg,pituitary
data\raw\Epic and CSCR hospital Dataset\Train\glioma\Te-gl_0158.jpg,glioma
data\raw\Epic and CSCR hospital Dataset\Train\glioma\G_825_SP_.jpg,glioma
data\raw\Epic and CSCR hospital Dataset\Train\glioma\G_841_DA_.jpg,glioma
data\raw\Epic and CSCR hospital Dataset\Train\notumor\N_373.jpg,notumor
data\raw\Epic and CSCR hospital Dataset\Train\meningioma\M_877_RO_.jpg,meningioma
data\raw\Epic and CSCR hospital Dataset\Train\notumor\Tr-no_0292.jpg,notumor
data\raw\Epic and CSCR hospital Dataset\Train\glioma\Tr-gl_0879.jpg,glioma
data\raw\Epic and CSCR hospital Dataset\Train\pituitary\1178.jpg,pituitary
data\raw\Epic and CSCR hospital Dataset\Train\meningioma\Tr-me_0297.jpg,meningioma
data\raw\Epic and CSCR hospital Dataset\Train\notumor\N_368_RO_.jpg,notumor
data\raw\Epic and CSCR hospital Dataset\Train\notumor\Te-no_0211.jpg,notumor
data\raw\Epic and CSCR hospital Dataset\Train\pituitary\Tr-pi_0630.jpg,pituitary
data\raw\Epic and CSCR hospital Dataset\Train\notumor\N_394.jpg,notumor
data\raw\Epic and CSCR hospital Dataset\Train\notumor\N_417_RO_.jpg,notumor
data\raw\Epic and CSCR hospital Dataset\Train\meningioma\Tr-me_0153.jpg,meningioma
data\raw\Epic and CSCR hospital Dataset\Train\glioma\gg (672).jpg,glioma
data\raw\Epic and CSCR hospital Dataset\Train\notumor\Tr-no_0096.jpg,notumor
data\raw\Epic and CSCR hospital Dataset\Train\meningioma\m1(81).jpg,meningioma
data\raw\Epic and CSCR hospital Dataset\Train\glioma\G_723.jpg,glioma
data\raw\Epic and CSCR hospital Dataset\Train\pituitary\P_832_BR_.jpg,pituitary
data\raw\Epic and CSCR hospital Dataset\Train\glioma\G_854_HF_.jpg,glioma
data\raw\Epic and CSCR hospital Dataset\Train\glioma\G_847_DA_.jpg,glioma
data\raw\Epic and CSCR hospital Dataset\Train\glioma\image(56).jpg,glioma
data\raw\Epic and CSCR hospital Dataset\Train\notumor\N_380_DA_.jpg,notumor
data\raw\Epic and CSCR hospital Dataset\Train\glioma\image(64).jpg,glioma
data\raw\Epic and CSCR hospital Dataset\Train\glioma\Tr-gl_1072.jpg,glioma
data\raw\Epic and CSCR hospital Dataset\Train\glioma\Tr-gl_1064.jpg,glioma
data\raw\Epic and CSCR hospital Dataset\Train\pituitary\P_820_SP_.jpg,pituitary
data\raw\Epic and CSCR hospital Dataset\Train\notumor\Tr-no_0692.jpg,notumor
data\raw\Epic and CSCR hospital Dataset\Train\glioma\G_770_BR_.jpg,glioma
data\raw\Epic and CSCR hospital Dataset\Train\notumor\Tr-no_0626.jpg,notumor
data\raw\Epic and CSCR hospital Dataset\Train\pituitary\P_736_DA_.jpg,pituitary
data\raw\Epic and CSCR hospital Dataset\Train\glioma\G_888_DA_.jpg,glioma
data\raw\Epic and CSCR hospital Dataset\Train\glioma\G_704_VF_.jpg,glioma
data\raw\Epic and CSCR hospital Dataset\Train\glioma\G_864_SP_.jpg,glioma
data\raw\Epic and CSCR hospital Dataset\Train\notumor\Te-no_0360.jpg,notumor
data\raw\Epic and CSCR hospital Dataset\Train\meningioma\1399.jpg,meningioma
data\raw\Epic and CSCR hospital Dataset\Train\meningioma\M_833_RO_.jpg,meningioma
data\raw\Epic and CSCR hospital Dataset\Train\glioma\G_731_HF_.jpg,glioma
data\raw\Epic and CSCR hospital Dataset\Train\pituitary\P_715_DA_.jpg,pituitary
data\raw\Epic and CSCR hospital Dataset\Train\glioma\Tr-gl_0430.jpg,glioma
data\raw\Epic and CSCR hospital Dataset\Train\glioma\G_739_DA_.jpg,glioma
data\raw\Epic and CSCR hospital Dataset\Train\glioma\G_785_HF_.jpg,glioma
data\raw\Epic and CSCR hospital Dataset\Train\notumor\Tr-no_0290.jpg,notumor
data\raw\Epic and CSCR hospital Dataset\Train\notumor\Tr-no_0419.jpg,notumor
data\raw\Epic and CSCR hospital Dataset\Train\glioma\Tr-gl_0609.jpg,glioma
data\raw\Epic and CSCR hospital Dataset\Train\glioma\G_861_BR_.jpg,glioma
data\raw\Epic and CSCR hospital Dataset\Train\glioma\G_763.jpg,glioma
data\raw\Epic and CSCR hospital Dataset\Train\notumor\N_407_HF_.jpg,notumor
data\raw\Epic and CSCR hospital Dataset\Train\glioma\G_794_SP_.jpg,glioma
data\raw\Epic and CSCR hospital Dataset\Train\notumor\Te-no_0264.jpg,notumor
data\raw\Epic and CSCR hospital Dataset\Train\notumor\N_424_BR_.jpg,notumor
data\raw\Epic and CSCR hospital Dataset\Train\notumor\Te-no_0246.jpg,notumor
data\raw\Epic and CSCR hospital Dataset\Train\glioma\G_718_HF_.jpg,glioma
data\raw\Epic and CSCR hospital Dataset\Train\glioma\Tr-gl_1174.jpg,glioma
data\raw\Epic and CSCR hospital Dataset\Train\glioma\Tr-gl_0872.jpg,glioma
data\raw\Epic and CSCR hospital Dataset\Train\notumor\image(178).jpg,notumor
data\raw\Epic and CSCR hospital Dataset\Train\meningioma\M_858_VF_.jpg,meningioma
data\raw\Epic and CSCR hospital Dataset\Train\glioma\G_891_RO_.jpg,glioma
data\raw\Epic and CSCR hospital Dataset\Train\meningioma\Tr-me_0230.jpg,meningioma
data\raw\Epic and CSCR hospital Dataset\Train\pituitary\P_805.jpg,pituitary
data\raw\Epic and CSCR hospital Dataset\Train\glioma\G_769_HF_.jpg,glioma
data\raw\Epic and CSCR hospital Dataset\Train\glioma\Tr-gl_0211.jpg,glioma
data\raw\Epic and CSCR hospital Dataset\Train\pituitary\P_766_DA_.jpg,pituitary
data\raw\Epic and CSCR hospital Dataset\Train\glioma\G_724_BR_.jpg,glioma
data\raw\Epic and CSCR hospital Dataset\Train\notumor\N_433_HF_.jpg,notumor
data\raw\Epic and CSCR hospital Dataset\Train\glioma\Tr-gl_0816.jpg,glioma
data\raw\Epic and CSCR hospital Dataset\Train\meningioma\Te-me_0189.jpg,meningioma
data\raw\Epic and CSCR hospital Dataset\Train\pituitary\p (545).jpg,pituitary
data\raw\Epic and CSCR hospital Dataset\Train\meningioma\Tr-me_0161.jpg,meningioma
data\raw\Epic and CSCR hospital Dataset\Train\pituitary\Tr-pi_0216.jpg,pituitary
data\raw\Epic and CSCR hospital Dataset\Train\meningioma\m3 (118).jpg,meningioma
data\raw\Epic and CSCR hospital Dataset\Train\meningioma\Te-me_0156.jpg,meningioma
data\raw\Epic and CSCR hospital Dataset\Train\notumor\N_394_SP_.jpg,notumor
data\raw\Epic and CSCR hospital Dataset\Train\pituitary\p (573).jpg,pituitary
data\raw\Epic and CSCR hospital Dataset\Train\pituitary\P_80_RO_.jpg,pituitary
data\raw\Epic and CSCR hospital Dataset\Train\meningioma\M_869_RO_.jpg,meningioma
data\raw\Epic and CSCR hospital Dataset\Train\meningioma\M_845_VF_.jpg,meningioma
data\raw\Epic and CSCR hospital Dataset\Train\glioma\G_85_RO_.jpg,glioma
data\raw\Epic and CSCR hospital Dataset\Train\meningioma\Tr-me_1224.jpg,meningioma
data\raw\Epic and CSCR hospital Dataset\Train\notumor\Tr-no_0064.jpg,notumor
data\raw\Epic and CSCR hospital Dataset\Train\meningioma\1322.jpg,meningioma
data\raw\Epic and CSCR hospital Dataset\Train\notumor\Te-no_0242.jpg,notumor
data\raw\Epic and CSCR hospital Dataset\Train\notumor\image(189).jpg,notumor
data\raw\Epic and CSCR hospital Dataset\Train\meningioma\Tr-me_0329.jpg,meningioma
data\raw\Epic and CSCR hospital Dataset\Train\notumor\Tr-no_0314.jpg,notumor
data\raw\Epic and CSCR hospital Dataset\Train\pituitary\Tr-pi_1045.jpg,pituitary
data\raw\Epic and CSCR hospital Dataset\Train\meningioma\Te-me_0122.jpg,meningioma
data\raw\Epic and CSCR hospital Dataset\Train\pituitary\Tr-pi_0220.jpg,pituitary
data\raw\Epic and CSCR hospital Dataset\Train\glioma\G_738.jpg,glioma
data\raw\Epic and CSCR hospital Dataset\Train\pituitary\P_833_SP_.jpg,pituitary
data\raw\Epic and CSCR hospital Dataset\Train\glioma\G_853_VF_.jpg,glioma
data\raw\Epic and CSCR hospital Dataset\Train\notumor\Tr-no_0179.jpg,notumor
data\raw\Epic and CSCR hospital Dataset\Train\pituitary\P_78_BR_.jpg,pituitary
data\raw\Epic and CSCR hospital Dataset\Train\glioma\Tr-gl_0354.jpg,glioma
data\raw\Epic and CSCR hospital Dataset\Train\glioma\G_820_HF_.jpg,glioma
data\raw\Epic and CSCR hospital Dataset\Train\pituitary\P_828.jpg,pituitary
data\raw\Epic and CSCR hospital Dataset\Train\pituitary\P_7_DA_.jpg,pituitary
data\raw\Epic and CSCR hospital Dataset\Train\meningioma\Tr-me_0174.jpg,meningioma
data\raw\Epic and CSCR hospital Dataset\Train\notumor\1654.jpg,notumor
data\raw\Epic and CSCR hospital Dataset\Train\notumor\1834.jpg,notumor
data\raw\Epic and CSCR hospital Dataset\Train\pituitary\Tr-pi_1114.jpg,pituitary
data\raw\Epic and CSCR hospital Dataset\Train\glioma\Te-gl_0220.jpg,glioma
data\raw\Epic and CSCR hospital Dataset\Train\glioma\Tr-gl_0417.jpg,glioma
data\raw\Epic and CSCR hospital Dataset\Train\glioma\gg (497).jpg,glioma
data\raw\Epic and CSCR hospital Dataset\Train\glioma\Tr-gl_1240.jpg,glioma
data\raw\Epic and CSCR hospital Dataset\Train\meningioma\M_831.jpg,meningioma
data\raw\Epic and CSCR hospital Dataset\Train\pituitary\Tr-pi_0774.jpg,pituitary
data\raw\Epic and CSCR hospital Dataset\Train\notumor\Te-no_0121.jpg,notumor
data\raw\Epic and CSCR hospital Dataset\Train\meningioma\m2 (17).jpg,meningioma
data\raw\Epic and CSCR hospital Dataset\Train\pituitary\Tr-pi_1362.jpg,pituitary
data\raw\Epic and CSCR hospital Dataset\Train\meningioma\Tr-me_0879.jpg,meningioma
data\raw\Epic and CSCR hospital Dataset\Train\notumor\N_438_HF_.jpg,notumor
data\raw\Epic and CSCR hospital Dataset\Train\pituitary\P_831_BR_.jpg,pituitary
data\raw\Epic and CSCR hospital Dataset\Train\glioma\G_876_BR_.jpg,glioma
data\raw\Epic and CSCR hospital Dataset\Train\meningioma\Tr-me_1027.jpg,meningioma
data\raw\Epic and CSCR hospital Dataset\Train\notumor\Tr-no_0175.jpg,notumor
data\raw\Epic and CSCR hospital Dataset\Train\notumor\N_406_BR_.jpg,notumor
data\raw\Epic and CSCR hospital Dataset\Train\glioma\Te-gl_0194.jpg,glioma
data\raw\Epic and CSCR hospital Dataset\Train\glioma\G_797.jpg,glioma
data\raw\Epic and CSCR hospital Dataset\Train\pituitary\Tr-pi_0200.jpg,pituitary
data\raw\Epic and CSCR hospital Dataset\Train\pituitary\Tr-pi_1060.jpg,pituitary
data\raw\Epic and CSCR hospital Dataset\Train\glioma\gg (455).jpg,glioma
data\raw\Epic and CSCR hospital Dataset\Train\meningioma\Tr-me_1225.jpg,meningioma
data\raw\Epic and CSCR hospital Dataset\Train\meningioma\1440.jpg,meningioma
data\raw\Epic and CSCR hospital Dataset\Train\glioma\gg (641).jpg,glioma
data\raw\Epic and CSCR hospital Dataset\Train\notumor\37 no.jpg,notumor
data\raw\Epic and CSCR hospital Dataset\Train\pituitary\P_74_HF_.jpg,pituitary
data\raw\Epic and CSCR hospital Dataset\Train\meningioma\Te-me_0170.jpg,meningioma
data\raw\Epic and CSCR hospital Dataset\Train\glioma\G_868_HF_.jpg,glioma
data\raw\Epic and CSCR hospital Dataset\Train\glioma\Te-gl_0212.jpg,glioma
data\raw\Epic and CSCR hospital Dataset\Train\glioma\G_862_RO_.jpg,glioma
data\raw\Epic and CSCR hospital Dataset\Train\pituitary\Tr-pi_0293.jpg,pituitary
data\raw\Epic and CSCR hospital Dataset\Train\glioma\G_827_BR_.jpg,glioma
data\raw\Epic and CSCR hospital Dataset\Train\notumor\Tr-no_0477.jpg,notumor
data\raw\Epic and CSCR hospital Dataset\Train\meningioma\Te-me_0151.jpg,meningioma
data\raw\Epic and CSCR hospital Dataset\Train\glioma\Tr-gl_0135.jpg,glioma
data\raw\Epic and CSCR hospital Dataset\Train\glioma\Tr-gl_0342.jpg,glioma
data\raw\Epic and CSCR hospital Dataset\Train\glioma\G_842_DA_.jpg,glioma
data\raw\Epic and CSCR hospital Dataset\Train\glioma\gg (434).jpg,glioma
data\raw\Epic and CSCR hospital Dataset\Train\pituitary\Tr-pi_1190.jpg,pituitary
data\raw\Epic and CSCR hospital Dataset\Train\meningioma\Tr-me_0184.jpg,meningioma
data\raw\Epic and CSCR hospital Dataset\Train\meningioma\M_875_RO_.jpg,meningioma
data\raw\Epic and CSCR hospital Dataset\Train\glioma\gg (584).jpg,glioma
data\raw\Epic and CSCR hospital Dataset\Train\notumor\Tr-no_0589.jpg,notumor
data\raw\Epic and CSCR hospital Dataset\Train\notumor\No20.jpg,notumor
data\raw\Epic and CSCR hospital Dataset\Train\glioma\G_880_RO_.jpg,glioma
data\raw\Epic and CSCR hospital Dataset\Train\pituitary\Tr-pi_1158.jpg,pituitary
data\raw\Epic and CSCR hospital Dataset\Train\notumor\Te-no_0131.jpg,notumor
data\raw\Epic and CSCR hospital Dataset\Train\notumor\N_437_RO_.jpg,notumor
data\raw\Epic and CSCR hospital Dataset\Train\notumor\Tr-no_0533.jpg,notumor
data\raw\Epic and CSCR hospital Dataset\Train\notumor\N_373_RO_.jpg,notumor
data\raw\Epic and CSCR hospital Dataset\Train\notumor\Tr-no_0245.jpg,notumor
data\raw\Epic and CSCR hospital Dataset\Train\notumor\image(153) - Copy.jpg,notumor
data\raw\Epic and CSCR hospital Dataset\Train\meningioma\Tr-me_1186.jpg,meningioma
data\raw\Epic and CSCR hospital Dataset\Train\notumor\N_39_HF_.jpg,notumor
data\raw\Epic and CSCR hospital Dataset\Train\notumor\1857.jpg,notumor
data\raw\Epic and CSCR hospital Dataset\Train\glioma\Te-gl_0298.jpg,glioma
data\raw\Epic and CSCR hospital Dataset\Train\meningioma\M_846_BR_.jpg,meningioma
data\raw\Epic and CSCR hospital Dataset\Train\pituitary\P_785_BR_.jpg,pituitary
data\raw\Epic and CSCR hospital Dataset\Train\meningioma\M_873_RO_.jpg,meningioma
data\raw\Epic and CSCR hospital Dataset\Train\pituitary\Te-pi_0104.jpg,pituitary
data\raw\Epic and CSCR hospital Dataset\Train\glioma\Tr-gl_0283.jpg,glioma
data\raw\Epic and CSCR hospital Dataset\Train\meningioma\m2 (52).jpg,meningioma
data\raw\Epic and CSCR hospital Dataset\Train\meningioma\Tr-me_0271.jpg,meningioma
data\raw\Epic and CSCR hospital Dataset\Train\meningioma\M_841_BR_.jpg,meningioma
data\raw\Epic and CSCR hospital Dataset\Train\pituitary\Tr-pi_0603.jpg,pituitary
data\raw\Epic and CSCR hospital Dataset\Train\glioma\Tr-gl_1176.jpg,glioma
data\raw\Epic and CSCR hospital Dataset\Train\pituitary\P_773_DA_.jpg,pituitary
data\raw\Epic and CSCR hospital Dataset\Train\pituitary\p (532).jpg,pituitary
data\raw\Epic and CSCR hospital Dataset\Train\pituitary\Tr-pi_1248.jpg,pituitary
data\raw\Epic and CSCR hospital Dataset\Train\pituitary\Tr-pi_1186.jpg,pituitary
data\raw\Epic and CSCR hospital Dataset\Train\glioma\G_713_RO_.jpg,glioma
data\raw\Epic and CSCR hospital Dataset\Train\notumor\N_406_RO_.jpg,notumor
data\raw\Epic and CSCR hospital Dataset\Train\glioma\Te-gl_0086.jpg,glioma
data\raw\Epic and CSCR hospital Dataset\Train\pituitary\P_718_RO_.jpg,pituitary
data\raw\Epic and CSCR hospital Dataset\Train\glioma\G_861_RO_.jpg,glioma
data\raw\Epic and CSCR hospital Dataset\Train\meningioma\m3 (149).jpg,meningioma
data\raw\Epic and CSCR hospital Dataset\Train\glioma\G_714_RO_.jpg,glioma
data\raw\Epic and CSCR hospital Dataset\Train\glioma\G_868_VF_.jpg,glioma
data\raw\Epic and CSCR hospital Dataset\Train\glioma\G_840_VF_.jpg,glioma
data\raw\Epic and CSCR hospital Dataset\Train\meningioma\Tr-me_1116.jpg,meningioma
data\raw\Epic and CSCR hospital Dataset\Train\pituitary\P_743_SP_.jpg,pituitary
data\raw\Epic and CSCR hospital Dataset\Train\meningioma\Tr-me_0895.jpg,meningioma
data\raw\Epic and CSCR hospital Dataset\Train\glioma\Tr-gl_1028.jpg,glioma
data\raw\Epic and CSCR hospital Dataset\Train\notumor\Te-no_0298.jpg,notumor
data\raw\Epic and CSCR hospital Dataset\Train\notumor\N_423_HF_.jpg,notumor
data\raw\Epic and CSCR hospital Dataset\Train\notumor\N_430_RO_.jpg,notumor
data\raw\Epic and CSCR hospital Dataset\Train\notumor\1819.jpg,notumor
data\raw\Epic and CSCR hospital Dataset\Train\glioma\G_801_DA_.jpg,glioma
data\raw\Epic and CSCR hospital Dataset\Train\glioma\G_810_BR_.jpg,glioma
data\raw\Epic and CSCR hospital Dataset\Train\glioma\G_745_RO_.jpg,glioma
data\raw\Epic and CSCR hospital Dataset\Train\glioma\gg (468).jpg,glioma
data\raw\Epic and CSCR hospital Dataset\Train\pituitary\P_706_VF_.jpg,pituitary
data\raw\Epic and CSCR hospital Dataset\Train\meningioma\Tr-me_0196.jpg,meningioma
data\raw\Epic and CSCR hospital Dataset\Train\pituitary\Tr-pi_0233.jpg,pituitary
data\raw\Epic and CSCR hospital Dataset\Train\glioma\G_775_DA_.jpg,glioma
data\raw\Epic and CSCR hospital Dataset\Train\pituitary\P_723_HF_.jpg,pituitary
data\raw\Epic and CSCR hospital Dataset\Train\meningioma\Tr-me_0219.jpg,meningioma
data\raw\Epic and CSCR hospital Dataset\Train\glioma\Tr-gl_0218.jpg,glioma
data\raw\Epic and CSCR hospital Dataset\Train\pituitary\Tr-pi_1163.jpg,pituitary
data\raw\Epic and CSCR hospital Dataset\Train\glioma\Te-gl_0228.jpg,glioma
data\raw\Epic and CSCR hospital Dataset\Train\pituitary\P_77_HF_.jpg,pituitary
data\raw\Epic and CSCR hospital Dataset\Train\notumor\Tr-no_0605.jpg,notumor
data\raw\Epic and CSCR hospital Dataset\Train\glioma\Tr-gl_1211.jpg,glioma
data\raw\Epic and CSCR hospital Dataset\Train\glioma\Tr-gl_1216.jpg,glioma
data\raw\Epic and CSCR hospital Dataset\Train\notumor\N_402_SP_.jpg,notumor
data\raw\Epic and CSCR hospital Dataset\Train\notumor\Tr-no_0416.jpg,notumor
data\raw\Epic and CSCR hospital Dataset\Train\meningioma\M_829_BR_.jpg,meningioma
data\raw\Epic and CSCR hospital Dataset\Train\glioma\Te-gl_0295.jpg,glioma
data\raw\Epic and CSCR hospital Dataset\Train\notumor\Tr-no_0236.jpg,notumor
data\raw\Epic and CSCR hospital Dataset\Train\glioma\Tr-gl_0865.jpg,glioma
data\raw\Epic and CSCR hospital Dataset\Train\pituitary\Te-pi_0133.jpg,pituitary
data\raw\Epic and CSCR hospital Dataset\Train\pituitary\P_744_BR_.jpg,pituitary
data\raw\Epic and CSCR hospital Dataset\Train\glioma\Te-gl_0259.jpg,glioma
data\raw\Epic and CSCR hospital Dataset\Train\pituitary\P_835_VF_.jpg,pituitary
data\raw\Epic and CSCR hospital Dataset\Train\pituitary\p (527).jpg,pituitary
data\raw\Epic and CSCR hospital Dataset\Train\notumor\Tr-no_0214.jpg,notumor
data\raw\Epic and CSCR hospital Dataset\Train\meningioma\M_865_SP_.jpg,meningioma
data\raw\Epic and CSCR hospital Dataset\Train\pituitary\Tr-pi_0206.jpg,pituitary
data\raw\Epic and CSCR hospital Dataset\Train\notumor\Te-no_0363.jpg,notumor
data\raw\Epic and CSCR hospital Dataset\Train\pituitary\Tr-pi_1236.jpg,pituitary
data\raw\Epic and CSCR hospital Dataset\Train\pituitary\P_806.jpg,pituitary
data\raw\Epic and CSCR hospital Dataset\Train\pituitary\P_788_BR_.jpg,pituitary
data\raw\Epic and CSCR hospital Dataset\Train\meningioma\Te-me_0196.jpg,meningioma
data\raw\Epic and CSCR hospital Dataset\Train\glioma\Tr-gl_0589.jpg,glioma
data\raw\Epic and CSCR hospital Dataset\Train\glioma\G_774_RO_.jpg,glioma
data\raw\Epic and CSCR hospital Dataset\Train\pituitary\Tr-pi_1075.jpg,pituitary
data\raw\Epic and CSCR hospital Dataset\Train\meningioma\1360.jpg,meningioma
data\raw\Epic and CSCR hospital Dataset\Train\meningioma\Te-me_0173.jpg,meningioma
data\raw\Epic and CSCR hospital Dataset\Train\pituitary\Tr-pi_1365.jpg,pituitary
data\raw\Epic and CSCR hospital Dataset\Train\glioma\gg (465).jpg,glioma
data\raw\Epic and CSCR hospital Dataset\Train\pituitary\Te-pi_0190.jpg,pituitary
data\raw\Epic and CSCR hospital Dataset\Train\glioma\G_837.jpg,glioma
data\raw\Epic and CSCR hospital Dataset\Train\notumor\N_371_SP_.jpg,notumor
data\raw\Epic and CSCR hospital Dataset\Train\notumor\1635.jpg,notumor
data\raw\Epic and CSCR hospital Dataset\Train\meningioma\Tr-me_0141.jpg,meningioma
data\raw\Epic and CSCR hospital Dataset\Train\glioma\G_87_SP_.jpg,glioma
data\raw\Epic and CSCR hospital Dataset\Train\meningioma\Tr-me_1128.jpg,meningioma
data\raw\Epic and CSCR hospital Dataset\Train\glioma\G_792_DA_.jpg,glioma
data\raw\Epic and CSCR hospital Dataset\Train\glioma\gg (60).jpg,glioma
data\raw\Epic and CSCR hospital Dataset\Train\pituitary\Tr-pi_1342.jpg,pituitary
data\raw\Epic and CSCR hospital Dataset\Train\pituitary\Tr-pi_0627.jpg,pituitary
data\raw\Epic and CSCR hospital Dataset\Train\glioma\Te-gl_0258.jpg,glioma
data\raw\Epic and CSCR hospital Dataset\Train\pituitary\P_816_RO_.jpg,pituitary
data\raw\Epic and CSCR hospital Dataset\Train\notumor\Tr-no_0056.jpg,notumor
data\raw\Epic and CSCR hospital Dataset\Train\notumor\N_436_HF_.jpg,notumor
data\raw\Epic and CSCR hospital Dataset\Train\glioma\Tr-gl_0189.jpg,glioma
data\raw\Epic and CSCR hospital Dataset\Train\glioma\G_88_VF_.jpg,glioma
data\raw\Epic and CSCR hospital Dataset\Train\pituitary\Tr-pi_1177.jpg,pituitary
data\raw\Epic and CSCR hospital Dataset\Train\pituitary\P_712_BR_.jpg,pituitary
data\raw\Epic and CSCR hospital Dataset\Train\pituitary\Tr-pi_1026.jpg,pituitary
data\raw\Epic and CSCR hospital Dataset\Train\notumor\N_422_DA_.jpg,notumor
data\raw\Epic and CSCR hospital Dataset\Train\glioma\G_723_BR_.jpg,glioma
data\raw\Epic and CSCR hospital Dataset\Train\pituitary\p (539).jpg,pituitary
data\raw\Epic and CSCR hospital Dataset\Train\pituitary\Tr-pi_1079.jpg,pituitary
data\raw\Epic and CSCR hospital Dataset\Train\notumor\Tr-no_0440.jpg,notumor
data\raw\Epic and CSCR hospital Dataset\Train\pituitary\Te-pi_0097.jpg,pituitary
data\raw\Epic and CSCR hospital Dataset\Train\meningioma\M_879_SP_.jpg,meningioma
data\raw\Epic and CSCR hospital Dataset\Train\glioma\Te-gl_0241.jpg,glioma
data\raw\Epic and CSCR hospital Dataset\Train\meningioma\Te-me_0190.jpg,meningioma
data\raw\Epic and CSCR hospital Dataset\Train\meningioma\m1(8).jpg,meningioma
data\raw\Epic and CSCR hospital Dataset\Train\pituitary\P_732_RO_.jpg,pituitary
data\raw\Epic and CSCR hospital Dataset\Train\glioma\Tr-gl_0357.jpg,glioma
data\raw\Epic and CSCR hospital Dataset\Train\glioma\G_732_SP_.jpg,glioma
data\raw\Epic and CSCR hospital Dataset\Train\meningioma\Tr-me_1006.jpg,meningioma
data\raw\Epic and CSCR hospital Dataset\Train\meningioma\M_886_BR_.jpg,meningioma
data\raw\Epic and CSCR hospital Dataset\Train\glioma\Tr-gl_0265.jpg,glioma
data\raw\Epic and CSCR hospital Dataset\Train\glioma\gg (631).jpg,glioma
data\raw\Epic and CSCR hospital Dataset\Train\notumor\Tr-no_0393.jpg,notumor
data\raw\Epic and CSCR hospital Dataset\Train\pituitary\Tr-pi_1004.jpg,pituitary
data\raw\Epic and CSCR hospital Dataset\Train\pituitary\P_776_DA_.jpg,pituitary
data\raw\Epic and CSCR hospital Dataset\Train\pituitary\Tr-pi_0793.jpg,pituitary
data\raw\Epic and CSCR hospital Dataset\Train\glioma\gg (416).jpg,glioma
data\raw\Epic and CSCR hospital Dataset\Train\pituitary\P_815_HF_.jpg,pituitary
data\raw\Epic and CSCR hospital Dataset\Train\meningioma\M_845_HF_.jpg,meningioma
data\raw\Epic and CSCR hospital Dataset\Train\glioma\G_804_DA_.jpg,glioma
data\raw\Epic and CSCR hospital Dataset\Train\pituitary\P_779.jpg,pituitary
data\raw\Epic and CSCR hospital Dataset\Train\glioma\G_863.jpg,glioma
data\raw\Epic and CSCR hospital Dataset\Train\glioma\Te-gl_0117.jpg,glioma
data\raw\Epic and CSCR hospital Dataset\Train\glioma\Tr-gl_1241.jpg,glioma
data\raw\Epic and CSCR hospital Dataset\Train\notumor\1810.jpg,notumor
data\raw\Epic and CSCR hospital Dataset\Train\meningioma\Tr-me_1201.jpg,meningioma
data\raw\Epic and CSCR hospital Dataset\Train\notumor\N_388_HF_.jpg,notumor
data\raw\Epic and CSCR hospital Dataset\Train\glioma\gg (486).jpg,glioma
data\raw\Epic and CSCR hospital Dataset\Train\glioma\G_841.jpg,glioma
data\raw\Epic and CSCR hospital Dataset\Train\glioma\Te-gl_0222.jpg,glioma
data\raw\Epic and CSCR hospital Dataset\Train\glioma\G_714_SP_.jpg,glioma
data\raw\Epic and CSCR hospital Dataset\Train\meningioma\Tr-me_1060.jpg,meningioma
data\raw\Epic and CSCR hospital Dataset\Train\glioma\gg (366).jpg,glioma
data\raw\Epic and CSCR hospital Dataset\Train\notumor\Te-no_0307.jpg,notumor
data\raw\Epic and CSCR hospital Dataset\Train\pituitary\Te-pi_0015.jpg,pituitary
data\raw\Epic and CSCR hospital Dataset\Train\meningioma\Tr-me_0929.jpg,meningioma
data\raw\Epic and CSCR hospital Dataset\Train\glioma\gg (424).jpg,glioma
data\raw\Epic and CSCR hospital Dataset\Train\glioma\G_711_BR_.jpg,glioma
data\raw\Epic and CSCR hospital Dataset\Train\meningioma\m2 (98).jpg,meningioma
data\raw\Epic and CSCR hospital Dataset\Train\glioma\Tr-gl_0388.jpg,glioma
data\raw\Epic and CSCR hospital Dataset\Train\pituitary\Tr-pi_0631.jpg,pituitary
data\raw\Epic and CSCR hospital Dataset\Train\notumor\Tr-no_0318.jpg,notumor
data\raw\Epic and CSCR hospital Dataset\Train\notumor\N20.JPG,notumor
data\raw\Epic and CSCR hospital Dataset\Train\glioma\Tr-gl_0180.jpg,glioma
data\raw\Epic and CSCR hospital Dataset\Train\glioma\gg (547).jpg,glioma
data\raw\Epic and CSCR hospital Dataset\Train\pituitary\Tr-pi_1147.jpg,pituitary
data\raw\Epic and CSCR hospital Dataset\Train\notumor\Te-no_0231.jpg,notumor
data\raw\Epic and CSCR hospital Dataset\Train\meningioma\Tr-me_0210.jpg,meningioma
data\raw\Epic and CSCR hospital Dataset\Train\pituitary\P_725_VF_.jpg,pituitary
data\raw\Epic and CSCR hospital Dataset\Train\glioma\G_729_DA_.jpg,glioma
data\raw\Epic and CSCR hospital Dataset\Train\notumor\Te-no_0096.jpg,notumor
data\raw\Epic and CSCR hospital Dataset\Train\meningioma\Tr-me_0868.jpg,meningioma
data\raw\Epic and CSCR hospital Dataset\Train\pituitary\Tr-pi_1174.jpg,pituitary
data\raw\Epic and CSCR hospital Dataset\Train\pituitary\Tr-pi_0953.jpg,pituitary
data\raw\Epic and CSCR hospital Dataset\Train\pituitary\P_735_VF_.jpg,pituitary
data\raw\Epic and CSCR hospital Dataset\Train\notumor\Te-no_0262.jpg,notumor
data\raw\Epic and CSCR hospital Dataset\Train\glioma\G_768_RO_.jpg,glioma
data\raw\Epic and CSCR hospital Dataset\Train\notumor\Te-no_0066.jpg,notumor
data\raw\Epic and CSCR hospital Dataset\Train\notumor\Te-no_0204.jpg,notumor
data\raw\Epic and CSCR hospital Dataset\Train\pituitary\P_83_VF_.jpg,pituitary
data\raw\Epic and CSCR hospital Dataset\Train\notumor\N_393_SP_.jpg,notumor
data\raw\Epic and CSCR hospital Dataset\Train\meningioma\Tr-me_0807.jpg,meningioma
data\raw\Epic and CSCR hospital Dataset\Train\glioma\Tr-gl_1224.jpg,glioma
data\raw\Epic and CSCR hospital Dataset\Train\pituitary\P_753_DA_.jpg,pituitary
data\raw\Epic and CSCR hospital Dataset\Train\pituitary\P_798_SP_.jpg,pituitary
data\raw\Epic and CSCR hospital Dataset\Train\glioma\G_838.jpg,glioma
data\raw\Epic and CSCR hospital Dataset\Train\pituitary\P_809_HF_.jpg,pituitary
data\raw\Epic and CSCR hospital Dataset\Train\pituitary\Tr-pi_1076.jpg,pituitary
data\raw\Epic and CSCR hospital Dataset\Train\glioma\G_776_DA_.jpg,glioma
data\raw\Epic and CSCR hospital Dataset\Train\notumor\Te-no_0232.jpg,notumor
data\raw\Epic and CSCR hospital Dataset\Train\glioma\gg (510).jpg,glioma
data\raw\Epic and CSCR hospital Dataset\Train\pituitary\Tr-pi_1023.jpg,pituitary
data\raw\Epic and CSCR hospital Dataset\Train\pituitary\P_835_DA_.jpg,pituitary
data\raw\Epic and CSCR hospital Dataset\Train\meningioma\M_880_VF_.jpg,meningioma
data\raw\Epic and CSCR hospital Dataset\Train\pituitary\Tr-pi_1000.jpg,pituitary
data\raw\Epic and CSCR hospital Dataset\Train\glioma\G_746_SP_.jpg,glioma
data\raw\Epic and CSCR hospital Dataset\Train\pituitary\Tr-pi_0762.jpg,pituitary
data\raw\Epic and CSCR hospital Dataset\Train\meningioma\Tr-me_0159.jpg,meningioma
data\raw\Epic and CSCR hospital Dataset\Train\glioma\G_879_HF_.jpg,glioma
data\raw\Epic and CSCR hospital Dataset\Train\notumor\image(14).jpg,notumor
data\raw\Epic and CSCR hospital Dataset\Train\notumor\N_395_HF_.jpg,notumor
data\raw\Epic and CSCR hospital Dataset\Train\notumor\Te-no_0273.jpg,notumor
data\raw\Epic and CSCR hospital Dataset\Train\meningioma\Tr-me_1162.jpg,meningioma
data\raw\Epic and CSCR hospital Dataset\Train\meningioma\Tr-me_1016.jpg,meningioma
data\raw\Epic and CSCR hospital Dataset\Train\pituitary\P_776.jpg,pituitary
data\raw\Epic and CSCR hospital Dataset\Train\glioma\G_704_BR_.jpg,glioma
data\raw\Epic and CSCR hospital Dataset\Train\glioma\Tr-gl_0292.jpg,glioma
data\raw\Epic and CSCR hospital Dataset\Train\pituitary\Tr-pi_1219.jpg,pituitary
data\raw\Epic and CSCR hospital Dataset\Train\meningioma\m3 (179).jpg,meningioma
data\raw\Epic and CSCR hospital Dataset\Train\notumor\image(183).jpg,notumor
data\raw\Epic and CSCR hospital Dataset\Train\glioma\G_786_VF_.jpg,glioma
data\raw\Epic and CSCR hospital Dataset\Train\notumor\Te-no_0237.jpg,notumor
data\raw\Epic and CSCR hospital Dataset\Train\notumor\Te-no_0290.jpg,notumor
data\raw\Epic and CSCR hospital Dataset\Train\notumor\N_392_SP_.jpg,notumor
data\raw\Epic and CSCR hospital Dataset\Train\meningioma\m3 (182).jpg,meningioma
data\raw\Epic and CSCR hospital Dataset\Train\glioma\Tr-gl_1100.jpg,glioma
data\raw\Epic and CSCR hospital Dataset\Train\meningioma\M_838_SP_.jpg,meningioma
data\raw\Epic and CSCR hospital Dataset\Train\glioma\G_709_RO_.jpg,glioma
data\raw\Epic and CSCR hospital Dataset\Train\notumor\N_370_HF_.jpg,notumor
data\raw\Epic and CSCR hospital Dataset\Train\meningioma\M_861_VF_.jpg,meningioma
data\raw\Epic and CSCR hospital Dataset\Train\meningioma\M_826_VF_.jpg,meningioma
data\raw\Epic and CSCR hospital Dataset\Train\meningioma\m2 (158).jpg,meningioma
data\raw\Epic and CSCR hospital Dataset\Train\notumor\Tr-no_0074.jpg,notumor
data\raw\Epic and CSCR hospital Dataset\Train\meningioma\Tr-me_0040.jpg,meningioma
data\raw\Epic and CSCR hospital Dataset\Train\meningioma\Tr-me_1180.jpg,meningioma
data\raw\Epic and CSCR hospital Dataset\Train\meningioma\Tr-me_0248.jpg,meningioma
data\raw\Epic and CSCR hospital Dataset\Train\pituitary\P_807_VF_.jpg,pituitary
data\raw\Epic and CSCR hospital Dataset\Train\pituitary\P_745_RO_.jpg,pituitary
data\raw\Epic and CSCR hospital Dataset\Train\notumor\Tr-no_0484.jpg,notumor
data\raw\Epic and CSCR hospital Dataset\Train\pituitary\P_765_DA_.jpg,pituitary
data\raw\Epic and CSCR hospital Dataset\Train\notumor\1658.jpg,notumor
data\raw\Epic and CSCR hospital Dataset\Train\glioma\Tr-gl_1231.jpg,glioma
data\raw\Epic and CSCR hospital Dataset\Train\glioma\gg (673).jpg,glioma
data\raw\Epic and CSCR hospital Dataset\Train\glioma\Tr-gl_0626.jpg,glioma
data\raw\Epic and CSCR hospital Dataset\Train\glioma\Tr-gl_0558.jpg,glioma
data\raw\Epic and CSCR hospital Dataset\Train\glioma\Tr-gl_1089.jpg,glioma
data\raw\Epic and CSCR hospital Dataset\Train\glioma\G_765_BR_.jpg,glioma
data\raw\Epic and CSCR hospital Dataset\Train\pituitary\Tr-pi_1313.jpg,pituitary
data\raw\Epic and CSCR hospital Dataset\Train\glioma\Tr-gl_0126.jpg,glioma
data\raw\Epic and CSCR hospital Dataset\Train\pituitary\Te-pi_0187.jpg,pituitary
data\raw\Epic and CSCR hospital Dataset\Train\meningioma\M_848_RO_.jpg,meningioma
data\raw\Epic and CSCR hospital Dataset\Train\glioma\Tr-gl_1070.jpg,glioma
data\raw\Epic and CSCR hospital Dataset\Train\pituitary\Tr-pi_0619.jpg,pituitary
data\raw\Epic and CSCR hospital Dataset\Train\pituitary\P_756.jpg,pituitary
data\raw\Epic and CSCR hospital Dataset\Train\meningioma\Tr-me_1008.jpg,meningioma
data\raw\Epic and CSCR hospital Dataset\Train\glioma\G_754_DA_.jpg,glioma
data\raw\Epic and CSCR hospital Dataset\Train\meningioma\m3 (122).jpg,meningioma
data\raw\Epic and CSCR hospital Dataset\Train\notumor\1690.jpg,notumor
data\raw\Epic and CSCR hospital Dataset\Train\notumor\Tr-no_0196.jpg,notumor
data\raw\Epic and CSCR hospital Dataset\Train\glioma\gg (53).jpg,glioma
data\raw\Epic and CSCR hospital Dataset\Train\pituitary\p (535).jpg,pituitary
data\raw\Epic and CSCR hospital Dataset\Train\meningioma\Tr-me_0249.jpg,meningioma
data\raw\Epic and CSCR hospital Dataset\Train\glioma\G_741_HF_.jpg,glioma
data\raw\Epic and CSCR hospital Dataset\Train\notumor\Te-no_0193.jpg,notumor
data\raw\Epic and CSCR hospital Dataset\Train\glioma\Tr-gl_0193.jpg,glioma
data\raw\Epic and CSCR hospital Dataset\Train\notumor\1620.jpg,notumor
data\raw\Epic and CSCR hospital Dataset\Train\glioma\image(81).jpg,glioma
data\raw\Epic and CSCR hospital Dataset\Train\pituitary\Tr-pi_1234.jpg,pituitary
data\raw\Epic and CSCR hospital Dataset\Train\pituitary\Tr-pi_0676.jpg,pituitary
data\raw\Epic and CSCR hospital Dataset\Train\meningioma\M_880_HF_.jpg,meningioma
data\raw\Epic and CSCR hospital Dataset\Train\pituitary\P_717_BR_.jpg,pituitary
data\raw\Epic and CSCR hospital Dataset\Train\pituitary\Tr-pi_1018.jpg,pituitary
data\raw\Epic and CSCR hospital Dataset\Train\glioma\Te-gl_0146.jpg,glioma
data\raw\Epic and CSCR hospital Dataset\Train\pituitary\p (555).jpg,pituitary
data\raw\Epic and CSCR hospital Dataset\Train\notumor\N_414_SP_.jpg,notumor
data\raw\Epic and CSCR hospital Dataset\Train\notumor\N_425_SP_.jpg,notumor
data\raw\Epic and CSCR hospital Dataset\Train\notumor\Te-no_0291.jpg,notumor
data\raw\Epic and CSCR hospital Dataset\Train\pituitary\P_776_VF_.jpg,pituitary
data\raw\Epic and CSCR hospital Dataset\Train\glioma\Tr-gl_0847.jpg,glioma
data\raw\Epic and CSCR hospital Dataset\Train\glioma\G_752.jpg,glioma
data\raw\Epic and CSCR hospital Dataset\Train\pituitary\Tr-pi_1451.jpg,pituitary
data\raw\Epic and CSCR hospital Dataset\Train\pituitary\Tr-pi_1345.jpg,pituitary
data\raw\Epic and CSCR hospital Dataset\Train\notumor\1793.jpg,notumor
data\raw\Epic and CSCR hospital Dataset\Train\glioma\Te-gl_0286.jpg,glioma
data\raw\Epic and CSCR hospital Dataset\Train\notumor\N_397_DA_.jpg,notumor
data\raw\Epic and CSCR hospital Dataset\Train\notumor\1717.jpg,notumor
data\raw\Epic and CSCR hospital Dataset\Train\pituitary\P_737_SP_.jpg,pituitary
data\raw\Epic and CSCR hospital Dataset\Train\meningioma\Tr-me_1069.jpg,meningioma
data\raw\Epic and CSCR hospital Dataset\Train\meningioma\Tr-me_0817.jpg,meningioma
data\raw\Epic and CSCR hospital Dataset\Train\glioma\gg (425).jpg,glioma
data\raw\Epic and CSCR hospital Dataset\Train\glioma\Tr-gl_0483.jpg,glioma
data\raw\Epic and CSCR hospital Dataset\Train\glioma\gg (517).jpg,glioma
data\raw\Epic and CSCR hospital Dataset\Train\glioma\Tr-gl_0796.jpg,glioma
data\raw\Epic and CSCR hospital Dataset\Train\glioma\Tr-gl_1145.jpg,glioma
data\raw\Epic and CSCR hospital Dataset\Train\pituitary\P_790_BR_.jpg,pituitary
data\raw\Epic and CSCR hospital Dataset\Train\glioma\Tr-gl_0910.jpg,glioma
data\raw\Epic and CSCR hospital Dataset\Train\glioma\Tr-gl_1067.jpg,glioma
data\raw\Epic and CSCR hospital Dataset\Train\glioma\G_723_RO_.jpg,glioma
data\raw\Epic and CSCR hospital Dataset\Train\meningioma\Te-me_0200.jpg,meningioma
data\raw\Epic and CSCR hospital Dataset\Train\pituitary\P_840_DA_.jpg,pituitary
data\raw\Epic and CSCR hospital Dataset\Train\pituitary\P_71_DA_.jpg,pituitary
data\raw\Epic and CSCR hospital Dataset\Train\meningioma\M_841_SP_.jpg,meningioma
data\raw\Epic and CSCR hospital Dataset\Train\notumor\Tr-no_0691.jpg,notumor
data\raw\Epic and CSCR hospital Dataset\Train\glioma\G_748_DA_.jpg,glioma
data\raw\Epic and CSCR hospital Dataset\Train\notumor\Tr-no_0552.jpg,notumor
data\raw\Epic and CSCR hospital Dataset\Train\glioma\G_715.jpg,glioma
data\raw\Epic and CSCR hospital Dataset\Train\notumor\Te-no_0294.jpg,notumor
data\raw\Epic and CSCR hospital Dataset\Train\glioma\G_808_SP_.jpg,glioma
data\raw\Epic and CSCR hospital Dataset\Train\glioma\G_777_HF_.jpg,glioma
data\raw\Epic and CSCR hospital Dataset\Train\notumor\N_428_RO_.jpg,notumor
data\raw\Epic and CSCR hospital Dataset\Train\pituitary\P_725_HF_.jpg,pituitary
data\raw\Epic and CSCR hospital Dataset\Train\meningioma\m2 (46).jpg,meningioma
data\raw\Epic and CSCR hospital Dataset\Train\notumor\1772.jpg,notumor
data\raw\Epic and CSCR hospital Dataset\Train\meningioma\m3 (147).jpg,meningioma
data\raw\Epic and CSCR hospital Dataset\Train\glioma\Tr-gl_0268.jpg,glioma
data\raw\Epic and CSCR hospital Dataset\Train\meningioma\M_853.jpg,meningioma
data\raw\Epic and CSCR hospital Dataset\Train\pituitary\Tr-pi_0239.jpg,pituitary
data\raw\Epic and CSCR hospital Dataset\Train\pituitary\Tr-pi_1322.jpg,pituitary
data\raw\Epic and CSCR hospital Dataset\Train\glioma\G_815_SP_.jpg,glioma
data\raw\Epic and CSCR hospital Dataset\Train\pituitary\Tr-pi_1295.jpg,pituitary
data\raw\Epic and CSCR hospital Dataset\Train\glioma\Te-gl_0124.jpg,glioma
data\raw\Epic and CSCR hospital Dataset\Train\meningioma\Te-me_0093.jpg,meningioma
data\raw\Epic and CSCR hospital Dataset\Train\notumor\1802.jpg,notumor
data\raw\Epic and CSCR hospital Dataset\Train\glioma\gg (440).jpg,glioma
data\raw\Epic and CSCR hospital Dataset\Train\notumor\1692.jpg,notumor
data\raw\Epic and CSCR hospital Dataset\Train\pituitary\Tr-pi_1044.jpg,pituitary
data\raw\Epic and CSCR hospital Dataset\Train\meningioma\Tr-me_1121.jpg,meningioma
data\raw\Epic and CSCR hospital Dataset\Train\notumor\N_420_DA_.jpg,notumor
data\raw\Epic and CSCR hospital Dataset\Train\meningioma\m1(84).jpg,meningioma
data\raw\Epic and CSCR hospital Dataset\Train\pituitary\Te-pi_0081.jpg,pituitary
data\raw\Epic and CSCR hospital Dataset\Train\pituitary\P_718_VF_.jpg,pituitary
data\raw\Epic and CSCR hospital Dataset\Train\glioma\G_812_HF_.jpg,glioma
data\raw\Epic and CSCR hospital Dataset\Train\glioma\G_816_BR_.jpg,glioma
data\raw\Epic and CSCR hospital Dataset\Train\glioma\Te-gl_0177.jpg,glioma
data\raw\Epic and CSCR hospital Dataset\Train\meningioma\M_847_BR_.jpg,meningioma
data\raw\Epic and CSCR hospital Dataset\Train\notumor\N_374_VF_.jpg,notumor
data\raw\Epic and CSCR hospital Dataset\Train\meningioma\Tr-me_1155.jpg,meningioma
data\raw\Epic and CSCR hospital Dataset\Train\meningioma\Tr-me_1262.jpg,meningioma
data\raw\Epic and CSCR hospital Dataset\Train\glioma\G_888_HF_.jpg,glioma
data\raw\Epic and CSCR hospital Dataset\Train\glioma\Tr-gl_1186.jpg,glioma
data\raw\Epic and CSCR hospital Dataset\Train\meningioma\Te-me_0231.jpg,meningioma
data\raw\Epic and CSCR hospital Dataset\Train\notumor\N_391.jpg,notumor
data\raw\Epic and CSCR hospital Dataset\Train\notumor\Te-no_0251.jpg,notumor
data\raw\Epic and CSCR hospital Dataset\Train\pituitary\Tr-pi_1024.jpg,pituitary
data\raw\Epic and CSCR hospital Dataset\Train\pituitary\Te-pi_0038.jpg,pituitary
data\raw\Epic and CSCR hospital Dataset\Train\meningioma\Te-me_0158.jpg,meningioma
data\raw\Epic and CSCR hospital Dataset\Train\glioma\G_745_SP_.jpg,glioma
data\raw\Epic and CSCR hospital Dataset\Train\pituitary\Tr-pi_0692.jpg,pituitary
data\raw\Epic and CSCR hospital Dataset\Train\pituitary\P_759_HF_.jpg,pituitary
data\raw\Epic and CSCR hospital Dataset\Train\glioma\Tr-gl_0378.jpg,glioma
data\raw\Epic and CSCR hospital Dataset\Train\pituitary\P_791_HF_.jpg,pituitary
data\raw\Epic and CSCR hospital Dataset\Train\notumor\Te-no_0092.jpg,notumor
data\raw\Epic and CSCR hospital Dataset\Train\notumor\N_435_BR_.jpg,notumor
data\raw\Epic and CSCR hospital Dataset\Train\glioma\Tr-gl_0318.jpg,glioma
data\raw\Epic and CSCR hospital Dataset\Train\glioma\Tr-gl_0348.jpg,glioma
data\raw\Epic and CSCR hospital Dataset\Train\glioma\Tr-gl_0628.jpg,glioma
data\raw\Epic and CSCR hospital Dataset\Train\pituitary\p (576).jpg,pituitary
data\raw\Epic and CSCR hospital Dataset\Train\glioma\Tr-gl_1260.jpg,glioma
data\raw\Epic and CSCR hospital Dataset\Train\glioma\G_851_DA_.jpg,glioma
data\raw\Epic and CSCR hospital Dataset\Train\glioma\G_871_RO_.jpg,glioma
data\raw\Epic and CSCR hospital Dataset\Train\meningioma\1318.jpg,meningioma
data\raw\Epic and CSCR hospital Dataset\Train\meningioma\Te-me_0245.jpg,meningioma
data\raw\Epic and CSCR hospital Dataset\Train\pituitary\P_74_BR_.jpg,pituitary
data\raw\Epic and CSCR hospital Dataset\Train\pituitary\P_828_BR_.jpg,pituitary
data\raw\Epic and CSCR hospital Dataset\Train\notumor\N_433.jpg,notumor
data\raw\Epic and CSCR hospital Dataset\Train\pituitary\P_834_VF_.jpg,pituitary
data\raw\Epic and CSCR hospital Dataset\Train\meningioma\m3 (116).jpg,meningioma
data\raw\Epic and CSCR hospital Dataset\Train\meningioma\Tr-me_0214.jpg,meningioma
data\raw\Epic and CSCR hospital Dataset\Train\glioma\Te-gl_0208.jpg,glioma
data\raw\Epic and CSCR hospital Dataset\Train\pituitary\Tr-pi_0672.jpg,pituitary
data\raw\Epic and CSCR hospital Dataset\Train\glioma\G_730_SP_.jpg,glioma
data\raw\Epic and CSCR hospital Dataset\Train\pituitary\p (533).jpg,pituitary
data\raw\Epic and CSCR hospital Dataset\Train\glioma\G_840_DA_.jpg,glioma
data\raw\Epic and CSCR hospital Dataset\Train\notumor\N_423_SP_.jpg,notumor
data\raw\Epic and CSCR hospital Dataset\Train\meningioma\M_876_DA_.jpg,meningioma
data\raw\Epic and CSCR hospital Dataset\Train\glioma\G_832_DA_.jpg,glioma
data\raw\Epic and CSCR hospital Dataset\Train\meningioma\m2 (148).jpg,meningioma
data\raw\Epic and CSCR hospital Dataset\Train\meningioma\Tr-me_0880.jpg,meningioma
data\raw\Epic and CSCR hospital Dataset\Train\meningioma\1301.jpg,meningioma
data\raw\Epic and CSCR hospital Dataset\Train\meningioma\Tr-me_0089.jpg,meningioma
data\raw\Epic and CSCR hospital Dataset\Train\pituitary\Tr-pi_1003.jpg,pituitary
data\raw\Epic and CSCR hospital Dataset\Train\notumor\N_374_BR_.jpg,notumor
data\raw\Epic and CSCR hospital Dataset\Train\notumor\N_58_DA_.jpg,notumor
data\raw\Epic and CSCR hospital Dataset\Train\glioma\Tr-gl_0810.jpg,glioma
data\raw\Epic and CSCR hospital Dataset\Train\meningioma\Tr-me_1068.jpg,meningioma
data\raw\Epic and CSCR hospital Dataset\Train\notumor\N_408_SP_.jpg,notumor
data\raw\Epic and CSCR hospital Dataset\Train\glioma\Te-gl_0168.jpg,glioma
data\raw\Epic and CSCR hospital Dataset\Train\pituitary\Tr-pi_0162.jpg,pituitary
data\raw\Epic and CSCR hospital Dataset\Train\pituitary\P_725_BR_.jpg,pituitary
data\raw\Epic and CSCR hospital Dataset\Train\notumor\Tr-no_0530.jpg,notumor
data\raw\Epic and CSCR hospital Dataset\Train\notumor\Tr-no_0195.jpg,notumor
data\raw\Epic and CSCR hospital Dataset\Train\glioma\Tr-gl_0586.jpg,glioma
data\raw\Epic and CSCR hospital Dataset\Train\meningioma\Tr-me_1086.jpg,meningioma
data\raw\Epic and CSCR hospital Dataset\Train\notumor\1807.jpg,notumor
data\raw\Epic and CSCR hospital Dataset\Train\glioma\G_767_VF_.jpg,glioma
data\raw\Epic and CSCR hospital Dataset\Train\pituitary\Tr-pi_1209.jpg,pituitary
data\raw\Epic and CSCR hospital Dataset\Train\notumor\Te-no_0079.jpg,notumor
data\raw\Epic and CSCR hospital Dataset\Train\notumor\1781.jpg,notumor
data\raw\Epic and CSCR hospital Dataset\Train\meningioma\Te-me_0288.jpg,meningioma
data\raw\Epic and CSCR hospital Dataset\Train\glioma\Tr-gl_1057.jpg,glioma
data\raw\Epic and CSCR hospital Dataset\Train\glioma\G_808.jpg,glioma
data\raw\Epic and CSCR hospital Dataset\Train\pituitary\Tr-pi_1065.jpg,pituitary
data\raw\Epic and CSCR hospital Dataset\Train\pituitary\P_767_RO_.jpg,pituitary
data\raw\Epic and CSCR hospital Dataset\Train\notumor\1724.jpg,notumor
data\raw\Epic and CSCR hospital Dataset\Train\glioma\G_849_BR_.jpg,glioma
data\raw\Epic and CSCR hospital Dataset\Train\glioma\Te-gl_0188.jpg,glioma
data\raw\Epic and CSCR hospital Dataset\Train\glioma\G_749_HF_.jpg,glioma
data\raw\Epic and CSCR hospital Dataset\Train\notumor\N_371_VF_.jpg,notumor
data\raw\Epic and CSCR hospital Dataset\Train\meningioma\1390.jpg,meningioma
data\raw\Epic and CSCR hospital Dataset\Train\glioma\G_752_DA_.jpg,glioma
data\raw\Epic and CSCR hospital Dataset\Train\glioma\Tr-gl_0549.jpg,glioma
data\raw\Epic and CSCR hospital Dataset\Train\pituitary\Tr-pi_0137.jpg,pituitary
data\raw\Epic and CSCR hospital Dataset\Train\notumor\Tr-no_0080.jpg,notumor
data\raw\Epic and CSCR hospital Dataset\Train\notumor\Tr-no_0577.jpg,notumor
data\raw\Epic and CSCR hospital Dataset\Train\pituitary\P_780_BR_.jpg,pituitary
data\raw\Epic and CSCR hospital Dataset\Train\notumor\Te-no_0289.jpg,notumor
data\raw\Epic and CSCR hospital Dataset\Train\glioma\Tr-gl_0436.jpg,glioma
data\raw\Epic and CSCR hospital Dataset\Train\meningioma\Tr-me_0889.jpg,meningioma
data\raw\Epic and CSCR hospital Dataset\Train\meningioma\Tr-me_0243.jpg,meningioma
data\raw\Epic and CSCR hospital Dataset\Train\glioma\G_881.jpg,glioma
data\raw\Epic and CSCR hospital Dataset\Train\meningioma\Te-me_0192.jpg,meningioma
data\raw\Epic and CSCR hospital Dataset\Train\notumor\N_426_SP_.jpg,notumor
data\raw\Epic and CSCR hospital Dataset\Train\meningioma\m2 (82).jpg,meningioma
data\raw\Epic and CSCR hospital Dataset\Train\glioma\Tr-gl_0569.jpg,glioma
data\raw\Epic and CSCR hospital Dataset\Train\notumor\1704.jpg,notumor
data\raw\Epic and CSCR hospital Dataset\Train\glioma\G_758_HF_.jpg,glioma
data\raw\Epic and CSCR hospital Dataset\Train\glioma\Tr-gl_0274.jpg,glioma
data\raw\Epic and CSCR hospital Dataset\Train\pituitary\P_749_SP_.jpg,pituitary
data\raw\Epic and CSCR hospital Dataset\Train\meningioma\M_872_VF_.jpg,meningioma
data\raw\Epic and CSCR hospital Dataset\Train\pituitary\Tr-pi_0236.jpg,pituitary
data\raw\Epic and CSCR hospital Dataset\Train\pituitary\P_784_RO_.jpg,pituitary
data\raw\Epic and CSCR hospital Dataset\Train\notumor\N_419.jpg,notumor
data\raw\Epic and CSCR hospital Dataset\Train\notumor\N_391_RO_.jpg,notumor
data\raw\Epic and CSCR hospital Dataset\Train\meningioma\Te-me_0227.jpg,meningioma
data\raw\Epic and CSCR hospital Dataset\Train\glioma\Tr-gl_1228.jpg,glioma
data\raw\Epic and CSCR hospital Dataset\Train\meningioma\Te-me_0144.jpg,meningioma
data\raw\Epic and CSCR hospital Dataset\Train\meningioma\Tr-me_0284.jpg,meningioma
data\raw\Epic and CSCR hospital Dataset\Train\notumor\Te-no_0077.jpg,notumor
data\raw\Epic and CSCR hospital Dataset\Train\notumor\N22.JPG,notumor
data\raw\Epic and CSCR hospital Dataset\Train\meningioma\M_879_HF_.jpg,meningioma
data\raw\Epic and CSCR hospital Dataset\Train\pituitary\P_776_HF_.jpg,pituitary
data\raw\Epic and CSCR hospital Dataset\Train\glioma\G_784_RO_.jpg,glioma
data\raw\Epic and CSCR hospital Dataset\Train\notumor\Tr-no_0516.jpg,notumor
data\raw\Epic and CSCR hospital Dataset\Train\glioma\Tr-gl_0197.jpg,glioma
data\raw\Epic and CSCR hospital Dataset\Train\pituitary\P_803_HF_.jpg,pituitary
data\raw\Epic and CSCR hospital Dataset\Train\pituitary\P_841_SP_.jpg,pituitary
data\raw\Epic and CSCR hospital Dataset\Train\pituitary\P_737_RO_.jpg,pituitary
data\raw\Epic and CSCR hospital Dataset\Train\pituitary\Tr-pi_0626.jpg,pituitary
data\raw\Epic and CSCR hospital Dataset\Train\pituitary\Te-pi_0041.jpg,pituitary
data\raw\Epic and CSCR hospital Dataset\Train\pituitary\P_803_SP_.jpg,pituitary
data\raw\Epic and CSCR hospital Dataset\Train\glioma\Tr-gl_0860.jpg,glioma
data\raw\Epic and CSCR hospital Dataset\Train\pituitary\P_711_VF_.jpg,pituitary
data\raw\Epic and CSCR hospital Dataset\Train\glioma\image(61).jpg,glioma
data\raw\Epic and CSCR hospital Dataset\Train\pituitary\Tr-pi_0566.jpg,pituitary
data\raw\Epic and CSCR hospital Dataset\Train\meningioma\1400.jpg,meningioma
data\raw\Epic and CSCR hospital Dataset\Train\glioma\Te-gl_0175.jpg,glioma
data\raw\Epic and CSCR hospital Dataset\Train\notumor\Te-no_0173.jpg,notumor
data\raw\Epic and CSCR hospital Dataset\Train\pituitary\p (596).jpg,pituitary
data\raw\Epic and CSCR hospital Dataset\Train\notumor\Tr-no_0192.jpg,notumor
data\raw\Epic and CSCR hospital Dataset\Train\notumor\N_390_HF_.jpg,notumor
data\raw\Epic and CSCR hospital Dataset\Train\pituitary\P_770_HF_.jpg,pituitary
data\raw\Epic and CSCR hospital Dataset\Train\glioma\G_829_HF_.jpg,glioma
data\raw\Epic and CSCR hospital Dataset\Train\glioma\G_854_BR_.jpg,glioma
data\raw\Epic and CSCR hospital Dataset\Train\glioma\gg (546).jpg,glioma
data\raw\Epic and CSCR hospital Dataset\Train\pituitary\P_772_HF_.jpg,pituitary
data\raw\Epic and CSCR hospital Dataset\Train\pituitary\Tr-pi_0640.jpg,pituitary
data\raw\Epic and CSCR hospital Dataset\Train\meningioma\Tr-me_0034.jpg,meningioma
data\raw\Epic and CSCR hospital Dataset\Train\glioma\G_788_RO_.jpg,glioma
data\raw\Epic and CSCR hospital Dataset\Train\meningioma\Te-me_0191.jpg,meningioma
data\raw\Epic and CSCR hospital Dataset\Train\meningioma\1347.jpg,meningioma
data\raw\Epic and CSCR hospital Dataset\Train\glioma\Tr-gl_0156.jpg,glioma
data\raw\Epic and CSCR hospital Dataset\Train\notumor\Tr-no_0108.jpg,notumor
data\raw\Epic and CSCR hospital Dataset\Train\meningioma\Tr-me_0081.jpg,meningioma
data\raw\Epic and CSCR hospital Dataset\Train\pituitary\P_836_RO_.jpg,pituitary
data\raw\Epic and CSCR hospital Dataset\Train\pituitary\Tr-pi_0229.jpg,pituitary
data\raw\Epic and CSCR hospital Dataset\Train\glioma\Tr-gl_0524.jpg,glioma
data\raw\Epic and CSCR hospital Dataset\Train\meningioma\M_848_VF_.jpg,meningioma
data\raw\Epic and CSCR hospital Dataset\Train\meningioma\M_822.jpg,meningioma
data\raw\Epic and CSCR hospital Dataset\Train\pituitary\P_765_BR_.jpg,pituitary
data\raw\Epic and CSCR hospital Dataset\Train\glioma\Tr-gl_1148.jpg,glioma
data\raw\Epic and CSCR hospital Dataset\Train\glioma\G_799_VF_.jpg,glioma
data\raw\Epic and CSCR hospital Dataset\Train\glioma\Tr-gl_0497.jpg,glioma
data\raw\Epic and CSCR hospital Dataset\Train\glioma\G_812_DA_.jpg,glioma
data\raw\Epic and CSCR hospital Dataset\Train\meningioma\1385.jpg,meningioma
data\raw\Epic and CSCR hospital Dataset\Train\glioma\G_826.jpg,glioma
data\raw\Epic and CSCR hospital Dataset\Train\glioma\gg (491).jpg,glioma
data\raw\Epic and CSCR hospital Dataset\Train\notumor\1745.jpg,notumor
data\raw\Epic and CSCR hospital Dataset\Train\glioma\gg (582).jpg,glioma
data\raw\Epic and CSCR hospital Dataset\Train\glioma\Tr-gl_0335.jpg,glioma
data\raw\Epic and CSCR hospital Dataset\Train\glioma\Tr-gl_0219.jpg,glioma
data\raw\Epic and CSCR hospital Dataset\Train\meningioma\m1(73).jpg,meningioma
data\raw\Epic and CSCR hospital Dataset\Train\glioma\G_728_HF_.jpg,glioma
data\raw\Epic and CSCR hospital Dataset\Train\pituitary\Tr-pi_0620.jpg,pituitary
data\raw\Epic and CSCR hospital Dataset\Train\meningioma\Tr-me_1029.jpg,meningioma
data\raw\Epic and CSCR hospital Dataset\Train\pituitary\p (487).jpg,pituitary
data\raw\Epic and CSCR hospital Dataset\Train\meningioma\Tr-me_1010.jpg,meningioma
data\raw\Epic and CSCR hospital Dataset\Train\notumor\Tr-no_0674.jpg,notumor
data\raw\Epic and CSCR hospital Dataset\Train\notumor\Te-no_0155.jpg,notumor
data\raw\Epic and CSCR hospital Dataset\Train\notumor\N_36_BR_.jpg,notumor
data\raw\Epic and CSCR hospital Dataset\Train\glioma\Tr-gl_0501.jpg,glioma
data\raw\Epic and CSCR hospital Dataset\Train\notumor\Tr-no_0231.jpg,notumor
data\raw\Epic and CSCR hospital Dataset\Train\pituitary\Tr-pi_1230.jpg,pituitary
data\raw\Epic and CSCR hospital Dataset\Train\pituitary\P_719_DA_.jpg,pituitary
data\raw\Epic and CSCR hospital Dataset\Train\pituitary\Tr-pi_0156.jpg,pituitary
data\raw\Epic and CSCR hospital Dataset\Train\meningioma\m2 (45).jpg,meningioma
data\raw\Epic and CSCR hospital Dataset\Train\glioma\G_841_RO_.jpg,glioma
data\raw\Epic and CSCR hospital Dataset\Train\meningioma\M_855.jpg,meningioma
data\raw\Epic and CSCR hospital Dataset\Train\glioma\gg (498).jpg,glioma
data\raw\Epic and CSCR hospital Dataset\Train\notumor\Tr-no_0367.jpg,notumor
data\raw\Epic and CSCR hospital Dataset\Train\pituitary\P_813_VF_.jpg,pituitary
data\raw\Epic and CSCR hospital Dataset\Train\meningioma\1420.jpg,meningioma
data\raw\Epic and CSCR hospital Dataset\Train\meningioma\Tr-me_0182.jpg,meningioma
data\raw\Epic and CSCR hospital Dataset\Train\pituitary\Tr-pi_0189.jpg,pituitary
data\raw\Epic and CSCR hospital Dataset\Train\pituitary\Tr-pi_0580.jpg,pituitary
data\raw\Epic and CSCR hospital Dataset\Train\pituitary\P_790_SP_.jpg,pituitary
data\raw\Epic and CSCR hospital Dataset\Train\glioma\Te-gl_0291.jpg,glioma
data\raw\Epic and CSCR hospital Dataset\Train\pituitary\Te-pi_0199.jpg,pituitary
data\raw\Epic and CSCR hospital Dataset\Train\glioma\gg (545).jpg,glioma
data\raw\Epic and CSCR hospital Dataset\Train\glioma\G_768_BR_.jpg,glioma
data\raw\Epic and CSCR hospital Dataset\Train\glioma\G_755_DA_.jpg,glioma
data\raw\Epic and CSCR hospital Dataset\Train\glioma\Tr-gl_1237.jpg,glioma
data\raw\Epic and CSCR hospital Dataset\Train\pituitary\P_750_SP_.jpg,pituitary
data\raw\Epic and CSCR hospital Dataset\Train\pituitary\P_773_RO_.jpg,pituitary
data\raw\Epic and CSCR hospital Dataset\Train\notumor\38 no.jpg,notumor
data\raw\Epic and CSCR hospital Dataset\Train\glioma\Tr-gl_1078.jpg,glioma
data\raw\Epic and CSCR hospital Dataset\Train\pituitary\P_757.jpg,pituitary
data\raw\Epic and CSCR hospital Dataset\Train\pituitary\P_794_SP_.jpg,pituitary
data\raw\Epic and CSCR hospital Dataset\Train\notumor\1825.jpg,notumor
data\raw\Epic and CSCR hospital Dataset\Train\glioma\Te-gl_0178.jpg,glioma
data\raw\Epic and CSCR hospital Dataset\Train\meningioma\Tr-me_1179.jpg,meningioma
data\raw\Epic and CSCR hospital Dataset\Train\notumor\1741.jpg,notumor
data\raw\Epic and CSCR hospital Dataset\Train\meningioma\Tr-me_0963.jpg,meningioma
data\raw\Epic and CSCR hospital Dataset\Train\pituitary\Te-pi_0034.jpg,pituitary
data\raw\Epic and CSCR hospital Dataset\Train\pituitary\Te-pi_0114.jpg,pituitary
data\raw\Epic and CSCR hospital Dataset\Train\glioma\G_807_RO_.jpg,glioma
data\raw\Epic and CSCR hospital Dataset\Train\glioma\gg (375).jpg,glioma
data\raw\Epic and CSCR hospital Dataset\Train\glioma\G_810_DA_.jpg,glioma
data\raw\Epic and CSCR hospital Dataset\Train\glioma\Tr-gl_1076.jpg,glioma
data\raw\Epic and CSCR hospital Dataset\Train\glioma\gg (52).jpg,glioma
data\raw\Epic and CSCR hospital Dataset\Train\glioma\G_758.jpg,glioma
data\raw\Epic and CSCR hospital Dataset\Train\meningioma\1358.jpg,meningioma
data\raw\Epic and CSCR hospital Dataset\Train\glioma\Tr-gl_1052.jpg,glioma
data\raw\Epic and CSCR hospital Dataset\Train\notumor\1676.jpg,notumor
data\raw\Epic and CSCR hospital Dataset\Train\glioma\G_788.jpg,glioma
data\raw\Epic and CSCR hospital Dataset\Train\glioma\Te-gl_0289.jpg,glioma
data\raw\Epic and CSCR hospital Dataset\Train\glioma\G_875_HF_.jpg,glioma
data\raw\Epic and CSCR hospital Dataset\Train\notumor\N_433_DA_.jpg,notumor
data\raw\Epic and CSCR hospital Dataset\Train\notumor\N_427_RO_.jpg,notumor
data\raw\Epic and CSCR hospital Dataset\Train\glioma\G_864.jpg,glioma
data\raw\Epic and CSCR hospital Dataset\Train\meningioma\Tr-me_1241.jpg,meningioma
data\raw\Epic and CSCR hospital Dataset\Train\pituitary\P_780.jpg,pituitary
data\raw\Epic and CSCR hospital Dataset\Train\notumor\Tr-no_0608.jpg,notumor
data\raw\Epic and CSCR hospital Dataset\Train\notumor\N_384.jpg,notumor
data\raw\Epic and CSCR hospital Dataset\Train\glioma\Te-gl_0094.jpg,glioma
data\raw\Epic and CSCR hospital Dataset\Train\pituitary\Tr-pi_0661.jpg,pituitary
data\raw\Epic and CSCR hospital Dataset\Train\glioma\Tr-gl_0954.jpg,glioma
data\raw\Epic and CSCR hospital Dataset\Train\meningioma\Tr-me_0278.jpg,meningioma
data\raw\Epic and CSCR hospital Dataset\Train\glioma\G_871_HF_.jpg,glioma
data\raw\Epic and CSCR hospital Dataset\Train\meningioma\Tr-me_1205.jpg,meningioma
data\raw\Epic and CSCR hospital Dataset\Train\meningioma\Te-me_0131.jpg,meningioma
data\raw\Epic and CSCR hospital Dataset\Train\meningioma\M_822_VF_.jpg,meningioma
data\raw\Epic and CSCR hospital Dataset\Train\meningioma\Tr-me_0914.jpg,meningioma
data\raw\Epic and CSCR hospital Dataset\Train\meningioma\m2 (63).jpg,meningioma
data\raw\Epic and CSCR hospital Dataset\Train\meningioma\M_843_BR_.jpg,meningioma
data\raw\Epic and CSCR hospital Dataset\Train\pituitary\Tr-pi_0288.jpg,pituitary
data\raw\Epic and CSCR hospital Dataset\Train\meningioma\Te-me_0260.jpg,meningioma
data\raw\Epic and CSCR hospital Dataset\Train\glioma\G_815_RO_.jpg,glioma
data\raw\Epic and CSCR hospital Dataset\Train\pituitary\P_792_HF_.jpg,pituitary
data\raw\Epic and CSCR hospital Dataset\Train\notumor\39 no.jpg,notumor
data\raw\Epic and CSCR hospital Dataset\Train\glioma\Te-gl_0181.jpg,glioma
data\raw\Epic and CSCR hospital Dataset\Train\glioma\Tr-gl_0174.jpg,glioma
data\raw\Epic and CSCR hospital Dataset\Train\pituitary\Tr-pi_0849.jpg,pituitary
data\raw\Epic and CSCR hospital Dataset\Train\glioma\Tr-gl_0294.jpg,glioma
data\raw\Epic and CSCR hospital Dataset\Train\meningioma\Tr-me_0942.jpg,meningioma
data\raw\Epic and CSCR hospital Dataset\Train\glioma\G_793_VF_.jpg,glioma
data\raw\Epic and CSCR hospital Dataset\Train\glioma\Te-gl_0255.jpg,glioma
data\raw\Epic and CSCR hospital Dataset\Train\meningioma\Te-me_0303.jpg,meningioma
data\raw\Epic and CSCR hospital Dataset\Train\glioma\G_742_SP_.jpg,glioma
data\raw\Epic and CSCR hospital Dataset\Train\meningioma\Tr-me_0897.jpg,meningioma
data\raw\Epic and CSCR hospital Dataset\Train\pituitary\p (590).jpg,pituitary
data\raw\Epic and CSCR hospital Dataset\Train\meningioma\M_834_BR_.jpg,meningioma
data\raw\Epic and CSCR hospital Dataset\Train\pituitary\P_797.jpg,pituitary
data\raw\Epic and CSCR hospital Dataset\Train\meningioma\Tr-me_1256.jpg,meningioma
data\raw\Epic and CSCR hospital Dataset\Train\pituitary\Tr-pi_0266.jpg,pituitary
data\raw\Epic and CSCR hospital Dataset\Train\meningioma\m2 (141).jpg,meningioma
data\raw\Epic and CSCR hospital Dataset\Train\meningioma\Tr-me_0101.jpg,meningioma
data\raw\Epic and CSCR hospital Dataset\Train\meningioma\Tr-me_0979.jpg,meningioma
data\raw\Epic and CSCR hospital Dataset\Train\glioma\G_712_HF_.jpg,glioma
data\raw\Epic and CSCR hospital Dataset\Train\meningioma\Tr-me_1231.jpg,meningioma
data\raw\Epic and CSCR hospital Dataset\Train\glioma\G_888.jpg,glioma
data\raw\Epic and CSCR hospital Dataset\Train\pituitary\P_742_VF_.jpg,pituitary
data\raw\Epic and CSCR hospital Dataset\Train\pituitary\P_813_DA_.jpg,pituitary
data\raw\Epic and CSCR hospital Dataset\Train\meningioma\Tr-me_0225.jpg,meningioma
data\raw\Epic and CSCR hospital Dataset\Train\pituitary\P_761_BR_.jpg,pituitary
data\raw\Epic and CSCR hospital Dataset\Train\pituitary\p (599).jpg,pituitary
data\raw\Epic and CSCR hospital Dataset\Train\pituitary\Tr-pi_0770.jpg,pituitary
data\raw\Epic and CSCR hospital Dataset\Train\glioma\Tr-gl_0231.jpg,glioma
data\raw\Epic and CSCR hospital Dataset\Train\glioma\Tr-gl_1032.jpg,glioma
data\raw\Epic and CSCR hospital Dataset\Train\notumor\N_388_VF_.jpg,notumor
data\raw\Epic and CSCR hospital Dataset\Train\pituitary\Tr-pi_1150.jpg,pituitary
data\raw\Epic and CSCR hospital Dataset\Train\glioma\gg (502).jpg,glioma
data\raw\Epic and CSCR hospital Dataset\Train\meningioma\M_874_DA_.jpg,meningioma
data\raw\Epic and CSCR hospital Dataset\Train\pituitary\Tr-pi_0945.jpg,pituitary
data\raw\Epic and CSCR hospital Dataset\Train\pituitary\P_823_DA_.jpg,pituitary
data\raw\Epic and CSCR hospital Dataset\Train\pituitary\P_744.jpg,pituitary
data\raw\Epic and CSCR hospital Dataset\Train\glioma\G_88_BR_.jpg,glioma
data\raw\Epic and CSCR hospital Dataset\Train\notumor\22 no.jpg,notumor
data\raw\Epic and CSCR hospital Dataset\Train\pituitary\P_742.jpg,pituitary
data\raw\Epic and CSCR hospital Dataset\Train\glioma\gg (513).jpg,glioma
data\raw\Epic and CSCR hospital Dataset\Train\meningioma\M_886_RO_.jpg,meningioma
data\raw\Epic and CSCR hospital Dataset\Train\glioma\Tr-gl_0576.jpg,glioma
data\raw\Epic and CSCR hospital Dataset\Train\meningioma\M_874_SP_.jpg,meningioma
data\raw\Epic and CSCR hospital Dataset\Train\notumor\Tr-no_0538.jpg,notumor
data\raw\Epic and CSCR hospital Dataset\Train\meningioma\M_837_DA_.jpg,meningioma
data\raw\Epic and CSCR hospital Dataset\Train\pituitary\Tr-pi_0557.jpg,pituitary
data\raw\Epic and CSCR hospital Dataset\Train\notumor\N_389_DA_.jpg,notumor
data\raw\Epic and CSCR hospital Dataset\Train\notumor\1765.jpg,notumor
data\raw\Epic and CSCR hospital Dataset\Train\glioma\G_771_RO_.jpg,glioma
data\raw\Epic and CSCR hospital Dataset\Train\meningioma\m3 (100).jpg,meningioma
data\raw\Epic and CSCR hospital Dataset\Train\notumor\1733.jpg,notumor
data\raw\Epic and CSCR hospital Dataset\Train\pituitary\P_79_BR_.jpg,pituitary
data\raw\Epic and CSCR hospital Dataset\Train\glioma\G_844_HF_.jpg,glioma
data\raw\Epic and CSCR hospital Dataset\Train\meningioma\m3 (148).jpg,meningioma
data\raw\Epic and CSCR hospital Dataset\Train\notumor\Tr-no_0407.jpg,notumor
data\raw\Epic and CSCR hospital Dataset\Train\notumor\Te-no_0292.jpg,notumor
data\raw\Epic and CSCR hospital Dataset\Train\glioma\gg (373).jpg,glioma
data\raw\Epic and CSCR hospital Dataset\Train\glioma\Tr-gl_1227.jpg,glioma
data\raw\Epic and CSCR hospital Dataset\Train\pituitary\Tr-pi_0249.jpg,pituitary
data\raw\Epic and CSCR hospital Dataset\Train\glioma\Tr-gl_0215.jpg,glioma
data\raw\Epic and CSCR hospital Dataset\Train\notumor\N_434_HF_.jpg,notumor
data\raw\Epic and CSCR hospital Dataset\Train\glioma\Tr-gl_0413.jpg,glioma
data\raw\Epic and CSCR hospital Dataset\Train\pituitary\P_83_HF_.jpg,pituitary
data\raw\Epic and CSCR hospital Dataset\Train\glioma\G_734.jpg,glioma
data\raw\Epic and CSCR hospital Dataset\Train\pituitary\P_816_SP_.jpg,pituitary
data\raw\Epic and CSCR hospital Dataset\Train\meningioma\1413.jpg,meningioma
data\raw\Epic and CSCR hospital Dataset\Train\pituitary\P_720_DA_.jpg,pituitary
data\raw\Epic and CSCR hospital Dataset\Train\notumor\N_376_SP_.jpg,notumor
data\raw\Epic and CSCR hospital Dataset\Train\meningioma\Tr-me_0195.jpg,meningioma
data\raw\Epic and CSCR hospital Dataset\Train\meningioma\m2 (113).jpg,meningioma
data\raw\Epic and CSCR hospital Dataset\Train\notumor\Te-no_0088.jpg,notumor
data\raw\Epic and CSCR hospital Dataset\Train\notumor\1700.jpg,notumor
data\raw\Epic and CSCR hospital Dataset\Train\glioma\Tr-gl_0893.jpg,glioma
data\raw\Epic and CSCR hospital Dataset\Train\notumor\N_3_BR_.jpg,notumor
data\raw\Epic and CSCR hospital Dataset\Train\pituitary\P_732_BR_.jpg,pituitary
data\raw\Epic and CSCR hospital Dataset\Train\pituitary\P_754_BR_.jpg,pituitary
data\raw\Epic and CSCR hospital Dataset\Train\glioma\gg (563).jpg,glioma
data\raw\Epic and CSCR hospital Dataset\Train\glioma\G_856.jpg,glioma
data\raw\Epic and CSCR hospital Dataset\Train\notumor\N_403_VF_.jpg,notumor
data\raw\Epic and CSCR hospital Dataset\Train\glioma\Tr-gl_1267.jpg,glioma
data\raw\Epic and CSCR hospital Dataset\Train\pituitary\P_7_RO_.jpg,pituitary
data\raw\Epic and CSCR hospital Dataset\Train\notumor\Tr-no_0584.jpg,notumor
data\raw\Epic and CSCR hospital Dataset\Train\glioma\Tr-gl_1094.jpg,glioma
data\raw\Epic and CSCR hospital Dataset\Train\pituitary\Tr-pi_0282.jpg,pituitary
data\raw\Epic and CSCR hospital Dataset\Train\meningioma\Te-me_0296.jpg,meningioma
data\raw\Epic and CSCR hospital Dataset\Train\notumor\Tr-no_0450.jpg,notumor
data\raw\Epic and CSCR hospital Dataset\Train\glioma\G_863_DA_.jpg,glioma
data\raw\Epic and CSCR hospital Dataset\Train\glioma\Tr-gl_1166.jpg,glioma
data\raw\Epic and CSCR hospital Dataset\Train\meningioma\M_892_HF_.jpg,meningioma
data\raw\Epic and CSCR hospital Dataset\Train\glioma\G_827_SP_.jpg,glioma
data\raw\Epic and CSCR hospital Dataset\Train\glioma\gg (46).jpg,glioma
data\raw\Epic and CSCR hospital Dataset\Train\glioma\Tr-gl_0581.jpg,glioma
data\raw\Epic and CSCR hospital Dataset\Train\pituitary\Tr-pi_1131.jpg,pituitary
data\raw\Epic and CSCR hospital Dataset\Train\pituitary\Te-pi_0107.jpg,pituitary
data\raw\Epic and CSCR hospital Dataset\Train\pituitary\P_705_HF_.jpg,pituitary
data\raw\Epic and CSCR hospital Dataset\Train\glioma\G_866_HF_.jpg,glioma
data\raw\Epic and CSCR hospital Dataset\Train\glioma\Tr-gl_0936.jpg,glioma
data\raw\Epic and CSCR hospital Dataset\Train\pituitary\P_712_DA_.jpg,pituitary
data\raw\Epic and CSCR hospital Dataset\Train\glioma\Tr-gl_0129.jpg,glioma
data\raw\Epic and CSCR hospital Dataset\Train\notumor\34 no.jpg,notumor
data\raw\Epic and CSCR hospital Dataset\Train\meningioma\M_829_RO_.jpg,meningioma
data\raw\Epic and CSCR hospital Dataset\Train\glioma\Tr-gl_0555.jpg,glioma
data\raw\Epic and CSCR hospital Dataset\Train\glioma\G_754_RO_.jpg,glioma
data\raw\Epic and CSCR hospital Dataset\Train\pituitary\P_774_RO_.jpg,pituitary
data\raw\Epic and CSCR hospital Dataset\Train\glioma\Tr-gl_0419.jpg,glioma
data\raw\Epic and CSCR hospital Dataset\Train\meningioma\Tr-me_1235.jpg,meningioma
data\raw\Epic and CSCR hospital Dataset\Train\pituitary\Tr-pi_1105.jpg,pituitary
data\raw\Epic and CSCR hospital Dataset\Train\pituitary\p (548).jpg,pituitary
data\raw\Epic and CSCR hospital Dataset\Train\meningioma\M_851_BR_.jpg,meningioma
data\raw\Epic and CSCR hospital Dataset\Train\notumor\N_36_SP_.jpg,notumor
data\raw\Epic and CSCR hospital Dataset\Train\glioma\G_859_SP_.jpg,glioma
data\raw\Epic and CSCR hospital Dataset\Train\glioma\G_856_RO_.jpg,glioma
data\raw\Epic and CSCR hospital Dataset\Train\glioma\G_822_HF_.jpg,glioma
data\raw\Epic and CSCR hospital Dataset\Train\meningioma\M_885_DA_.jpg,meningioma
data\raw\Epic and CSCR hospital Dataset\Train\meningioma\m1(88).jpg,meningioma
data\raw\Epic and CSCR hospital Dataset\Train\glioma\G_862_BR_.jpg,glioma
data\raw\Epic and CSCR hospital Dataset\Train\glioma\Tr-gl_0254.jpg,glioma
data\raw\Epic and CSCR hospital Dataset\Train\glioma\Te-gl_0284.jpg,glioma
data\raw\Epic and CSCR hospital Dataset\Train\glioma\gg (475).jpg,glioma
data\raw\Epic and CSCR hospital Dataset\Train\pituitary\Te-pi_0028.jpg,pituitary
data\raw\Epic and CSCR hospital Dataset\Train\glioma\gg (505).jpg,glioma
data\raw\Epic and CSCR hospital Dataset\Train\glioma\G_792_BR_.jpg,glioma
data\raw\Epic and CSCR hospital Dataset\Train\pituitary\P_757_DA_.jpg,pituitary
data\raw\Epic and CSCR hospital Dataset\Train\pituitary\Tr-pi_0660.jpg,pituitary
data\raw\Epic and CSCR hospital Dataset\Train\meningioma\M_846.jpg,meningioma
data\raw\Epic and CSCR hospital Dataset\Train\pituitary\P_768_BR_.jpg,pituitary
data\raw\Epic and CSCR hospital Dataset\Train\glioma\gg (386).jpg,glioma
data\raw\Epic and CSCR hospital Dataset\Train\notumor\N_377_VF_.jpg,notumor
data\raw\Epic and CSCR hospital Dataset\Train\notumor\N_416_BR_.jpg,notumor
data\raw\Epic and CSCR hospital Dataset\Train\glioma\G_716_VF_.jpg,glioma
data\raw\Epic and CSCR hospital Dataset\Train\notumor\1835.jpg,notumor
data\raw\Epic and CSCR hospital Dataset\Train\meningioma\M_878_BR_.jpg,meningioma
data\raw\Epic and CSCR hospital Dataset\Train\pituitary\Tr-pi_0570.jpg,pituitary
data\raw\Epic and CSCR hospital Dataset\Train\glioma\G_841_SP_.jpg,glioma
data\raw\Epic and CSCR hospital Dataset\Train\notumor\Te-no_0147.jpg,notumor
data\raw\Epic and CSCR hospital Dataset\Train\glioma\G_772_DA_.jpg,glioma
data\raw\Epic and CSCR hospital Dataset\Train\pituitary\P_764_SP_.jpg,pituitary
data\raw\Epic and CSCR hospital Dataset\Train\pituitary\P_762_RO_.jpg,pituitary
data\raw\Epic and CSCR hospital Dataset\Train\notumor\1828.jpg,notumor
data\raw\Epic and CSCR hospital Dataset\Train\meningioma\Te-me_0139.jpg,meningioma
data\raw\Epic and CSCR hospital Dataset\Train\notumor\1875.jpg,notumor
data\raw\Epic and CSCR hospital Dataset\Train\notumor\1842.jpg,notumor
data\raw\Epic and CSCR hospital Dataset\Train\notumor\Te-no_0208.jpg,notumor
data\raw\Epic and CSCR hospital Dataset\Train\meningioma\Tr-me_1148.jpg,meningioma
data\raw\Epic and CSCR hospital Dataset\Train\meningioma\Tr-me_0125.jpg,meningioma
data\raw\Epic and CSCR hospital Dataset\Train\pituitary\P_82_DA_.jpg,pituitary
data\raw\Epic and CSCR hospital Dataset\Train\glioma\Tr-gl_0968.jpg,glioma
data\raw\Epic and CSCR hospital Dataset\Train\glioma\G_768_SP_.jpg,glioma
data\raw\Epic and CSCR hospital Dataset\Train\glioma\Tr-gl_0683.jpg,glioma
data\raw\Epic and CSCR hospital Dataset\Train\notumor\Te-no_0287.jpg,notumor
data\raw\Epic and CSCR hospital Dataset\Train\glioma\G_829_SP_.jpg,glioma
data\raw\Epic and CSCR hospital Dataset\Train\meningioma\Tr-me_1023.jpg,meningioma
data\raw\Epic and CSCR hospital Dataset\Train\glioma\Tr-gl_0234.jpg,glioma
data\raw\Epic and CSCR hospital Dataset\Train\glioma\G_719_BR_.jpg,glioma
data\raw\Epic and CSCR hospital Dataset\Train\pituitary\Tr-pi_1330.jpg,pituitary
data\raw\Epic and CSCR hospital Dataset\Train\notumor\N_3_HF_.jpg,notumor
data\raw\Epic and CSCR hospital Dataset\Train\pituitary\Tr-pi_1140.jpg,pituitary
data\raw\Epic and CSCR hospital Dataset\Train\glioma\G_749.jpg,glioma
data\raw\Epic and CSCR hospital Dataset\Train\notumor\no 98.jpg,notumor
data\raw\Epic and CSCR hospital Dataset\Train\meningioma\1370.jpg,meningioma
data\raw\Epic and CSCR hospital Dataset\Train\glioma\G_723_VF_.jpg,glioma
data\raw\Epic and CSCR hospital Dataset\Train\glioma\Tr-gl_0855.jpg,glioma
data\raw\Epic and CSCR hospital Dataset\Train\pituitary\P_825_VF_.jpg,pituitary
data\raw\Epic and CSCR hospital Dataset\Train\meningioma\Te-me_0228.jpg,meningioma
data\raw\Epic and CSCR hospital Dataset\Train\glioma\G_868_SP_.jpg,glioma
data\raw\Epic and CSCR hospital Dataset\Train\notumor\N_395_VF_.jpg,notumor
data\raw\Epic and CSCR hospital Dataset\Train\pituitary\p (509).jpg,pituitary
data\raw\Epic and CSCR hospital Dataset\Train\meningioma\Tr-me_0074.jpg,meningioma
data\raw\Epic and CSCR hospital Dataset\Train\glioma\Tr-gl_0414.jpg,glioma
data\raw\Epic and CSCR hospital Dataset\Train\meningioma\Tr-me_0123.jpg,meningioma
data\raw\Epic and CSCR hospital Dataset\Train\pituitary\P_819_VF_.jpg,pituitary
data\raw\Epic and CSCR hospital Dataset\Train\glioma\G_720_SP_.jpg,glioma
data\raw\Epic and CSCR hospital Dataset\Train\glioma\gg (610).jpg,glioma
data\raw\Epic and CSCR hospital Dataset\Train\glioma\G_853_BR_.jpg,glioma
data\raw\Epic and CSCR hospital Dataset\Train\glioma\Tr-gl_0815.jpg,glioma
data\raw\Epic and CSCR hospital Dataset\Train\notumor\Tr-no_0250.jpg,notumor
data\raw\Epic and CSCR hospital Dataset\Train\glioma\gg (526).jpg,glioma
data\raw\Epic and CSCR hospital Dataset\Train\glioma\Tr-gl_0476.jpg,glioma
data\raw\Epic and CSCR hospital Dataset\Train\meningioma\Tr-me_0099.jpg,meningioma
data\raw\Epic and CSCR hospital Dataset\Train\glioma\G_889_DA_.jpg,glioma
data\raw\Epic and CSCR hospital Dataset\Train\notumor\N_395.jpg,notumor
data\raw\Epic and CSCR hospital Dataset\Train\glioma\gg (415).jpg,glioma
data\raw\Epic and CSCR hospital Dataset\Train\glioma\G_810_RO_.jpg,glioma
data\raw\Epic and CSCR hospital Dataset\Train\notumor\N_389_VF_.jpg,notumor
data\raw\Epic and CSCR hospital Dataset\Train\meningioma\Tr-me_1259.jpg,meningioma
data\raw\Epic and CSCR hospital Dataset\Train\pituitary\P_720_SP_.jpg,pituitary
data\raw\Epic and CSCR hospital Dataset\Train\notumor\image(185).jpg,notumor
data\raw\Epic and CSCR hospital Dataset\Train\pituitary\p (554).jpg,pituitary
data\raw\Epic and CSCR hospital Dataset\Train\glioma\Tr-gl_0531.jpg,glioma
data\raw\Epic and CSCR hospital Dataset\Train\notumor\N_397_HF_.jpg,notumor
data\raw\Epic and CSCR hospital Dataset\Train\glioma\G_867_RO_.jpg,glioma
data\raw\Epic and CSCR hospital Dataset\Train\notumor\Te-no_0222.jpg,notumor
data\raw\Epic and CSCR hospital Dataset\Train\meningioma\Te-me_0209.jpg,meningioma
data\raw\Epic and CSCR hospital Dataset\Train\notumor\N_418_BR_.jpg,notumor
data\raw\Epic and CSCR hospital Dataset\Train\meningioma\1433.jpg,meningioma
data\raw\Epic and CSCR hospital Dataset\Train\glioma\gg (342).jpg,glioma
data\raw\Epic and CSCR hospital Dataset\Train\notumor\N_3_RO_.jpg,notumor
data\raw\Epic and CSCR hospital Dataset\Train\glioma\Te-gl_0250.jpg,glioma
data\raw\Epic and CSCR hospital Dataset\Train\meningioma\Tr-me_0306.jpg,meningioma
data\raw\Epic and CSCR hospital Dataset\Train\glioma\Tr-gl_0463.jpg,glioma
data\raw\Epic and CSCR hospital Dataset\Train\meningioma\Tr-me_1245.jpg,meningioma
data\raw\Epic and CSCR hospital Dataset\Train\glioma\G_778_SP_.jpg,glioma
data\raw\Epic and CSCR hospital Dataset\Train\glioma\G_870_HF_.jpg,glioma
data\raw\Epic and CSCR hospital Dataset\Train\glioma\Tr-gl_1236.jpg,glioma
data\raw\Epic and CSCR hospital Dataset\Train\glioma\Te-gl_0239.jpg,glioma
data\raw\Epic and CSCR hospital Dataset\Train\glioma\G_850_DA_.jpg,glioma
data\raw\Epic and CSCR hospital Dataset\Train\notumor\Tr-no_0312.jpg,notumor
data\raw\Epic and CSCR hospital Dataset\Train\glioma\G_704_SP_.jpg,glioma
data\raw\Epic and CSCR hospital Dataset\Train\pituitary\Tr-pi_0635.jpg,pituitary
data\raw\Epic and CSCR hospital Dataset\Train\notumor\Te-no_0227.jpg,notumor
data\raw\Epic and CSCR hospital Dataset\Train\glioma\Te-gl_0125.jpg,glioma
data\raw\Epic and CSCR hospital Dataset\Train\glioma\Tr-gl_1206.jpg,glioma
data\raw\Epic and CSCR hospital Dataset\Train\notumor\Tr-no_0645.jpg,notumor
data\raw\Epic and CSCR hospital Dataset\Train\glioma\G_876.jpg,glioma
data\raw\Epic and CSCR hospital Dataset\Train\glioma\Tr-gl_0619.jpg,glioma
data\raw\Epic and CSCR hospital Dataset\Train\pituitary\p (495).jpg,pituitary
data\raw\Epic and CSCR hospital Dataset\Train\meningioma\Tr-me_0304.jpg,meningioma
data\raw\Epic and CSCR hospital Dataset\Train\glioma\G_797_HF_.jpg,glioma
data\raw\Epic and CSCR hospital Dataset\Train\glioma\Tr-gl_0935.jpg,glioma
data\raw\Epic and CSCR hospital Dataset\Train\pituitary\p (591).jpg,pituitary
data\raw\Epic and CSCR hospital Dataset\Train\meningioma\Tr-me_0241.jpg,meningioma
data\raw\Epic and CSCR hospital Dataset\Train\glioma\Tr-gl_0938.jpg,glioma
data\raw\Epic and CSCR hospital Dataset\Train\pituitary\P_80_DA_.jpg,pituitary
data\raw\Epic and CSCR hospital Dataset\Train\pituitary\P_772_RO_.jpg,pituitary
data\raw\Epic and CSCR hospital Dataset\Train\meningioma\Tr-me_1049.jpg,meningioma
data\raw\Epic and CSCR hospital Dataset\Train\glioma\Tr-gl_0817.jpg,glioma
data\raw\Epic and CSCR hospital Dataset\Train\glioma\Tr-gl_1037.jpg,glioma
data\raw\Epic and CSCR hospital Dataset\Train\pituitary\P_827_DA_.jpg,pituitary
data\raw\Epic and CSCR hospital Dataset\Train\meningioma\M_825_HF_.jpg,meningioma
data\raw\Epic and CSCR hospital Dataset\Train\meningioma\Tr-me_1158.jpg,meningioma
data\raw\Epic and CSCR hospital Dataset\Train\meningioma\M_878_DA_.jpg,meningioma
data\raw\Epic and CSCR hospital Dataset\Train\meningioma\M_858_HF_.jpg,meningioma
data\raw\Epic and CSCR hospital Dataset\Train\glioma\G_798_HF_.jpg,glioma
data\raw\Epic and CSCR hospital Dataset\Train\pituitary\Te-pi_0109.jpg,pituitary
data\raw\Epic and CSCR hospital Dataset\Train\pituitary\Te-pi_0155.jpg,pituitary
data\raw\Epic and CSCR hospital Dataset\Train\glioma\G_710_HF_.jpg,glioma
data\raw\Epic and CSCR hospital Dataset\Train\glioma\G_860_DA_.jpg,glioma
data\raw\Epic and CSCR hospital Dataset\Train\glioma\G_709_DA_.jpg,glioma
data\raw\Epic and CSCR hospital Dataset\Train\pituitary\Tr-pi_0209.jpg,pituitary
data\raw\Epic and CSCR hospital Dataset\Train\glioma\Tr-gl_0912.jpg,glioma
data\raw\Epic and CSCR hospital Dataset\Train\meningioma\1435.jpg,meningioma
data\raw\Epic and CSCR hospital Dataset\Train\meningioma\Te-me_0121.jpg,meningioma
data\raw\Epic and CSCR hospital Dataset\Train\glioma\Tr-gl_1151.jpg,glioma
data\raw\Epic and CSCR hospital Dataset\Train\pituitary\P_738_HF_.jpg,pituitary
data\raw\Epic and CSCR hospital Dataset\Train\notumor\Te-no_0128.jpg,notumor
data\raw\Epic and CSCR hospital Dataset\Train\meningioma\1396.jpg,meningioma
data\raw\Epic and CSCR hospital Dataset\Train\meningioma\Te-me_0224.jpg,meningioma
data\raw\Epic and CSCR hospital Dataset\Train\glioma\Tr-gl_0987.jpg,glioma
data\raw\Epic and CSCR hospital Dataset\Train\pituitary\Tr-pi_0152.jpg,pituitary
data\raw\Epic and CSCR hospital Dataset\Train\glioma\Tr-gl_0167.jpg,glioma
data\raw\Epic and CSCR hospital Dataset\Train\meningioma\1377.jpg,meningioma
data\raw\Epic and CSCR hospital Dataset\Train\pituitary\Tr-pi_1263.jpg,pituitary
data\raw\Epic and CSCR hospital Dataset\Train\meningioma\M_842_SP_.jpg,meningioma
data\raw\Epic and CSCR hospital Dataset\Train\pituitary\P_770_SP_.jpg,pituitary
data\raw\Epic and CSCR hospital Dataset\Train\glioma\gg (39).jpg,glioma
data\raw\Epic and CSCR hospital Dataset\Train\meningioma\M_827_VF_.jpg,meningioma
data\raw\Epic and CSCR hospital Dataset\Train\pituitary\Tr-pi_1392.jpg,pituitary
data\raw\Epic and CSCR hospital Dataset\Train\meningioma\Tr-me_1192.jpg,meningioma
data\raw\Epic and CSCR hospital Dataset\Train\glioma\gg (602).jpg,glioma
data\raw\Epic and CSCR hospital Dataset\Train\pituitary\Tr-pi_1180.jpg,pituitary
data\raw\Epic and CSCR hospital Dataset\Train\glioma\G_821_HF_.jpg,glioma
data\raw\Epic and CSCR hospital Dataset\Train\meningioma\M_866_BR_.jpg,meningioma
data\raw\Epic and CSCR hospital Dataset\Train\meningioma\Tr-me_1165.jpg,meningioma
data\raw\Epic and CSCR hospital Dataset\Train\glioma\Tr-gl_0993.jpg,glioma
data\raw\Epic and CSCR hospital Dataset\Train\glioma\G_755_RO_.jpg,glioma
data\raw\Epic and CSCR hospital Dataset\Train\pituitary\Tr-pi_1452.jpg,pituitary
data\raw\Epic and CSCR hospital Dataset\Train\glioma\G_833.jpg,glioma
data\raw\Epic and CSCR hospital Dataset\Train\pituitary\Tr-pi_0134.jpg,pituitary
data\raw\Epic and CSCR hospital Dataset\Train\glioma\G_769.jpg,glioma
data\raw\Epic and CSCR hospital Dataset\Train\glioma\Tr-gl_0543.jpg,glioma
data\raw\Epic and CSCR hospital Dataset\Train\meningioma\m3 (145).jpg,meningioma
data\raw\Epic and CSCR hospital Dataset\Train\glioma\G_725_DA_.jpg,glioma
data\raw\Epic and CSCR hospital Dataset\Train\meningioma\Tr-me_0804.jpg,meningioma
data\raw\Epic and CSCR hospital Dataset\Train\notumor\Tr-no_0510.jpg,notumor
data\raw\Epic and CSCR hospital Dataset\Train\glioma\Tr-gl_1090.jpg,glioma
data\raw\Epic and CSCR hospital Dataset\Train\pituitary\Te-pi_0100.jpg,pituitary
data\raw\Epic and CSCR hospital Dataset\Train\meningioma\M_842.jpg,meningioma
data\raw\Epic and CSCR hospital Dataset\Train\meningioma\M_830_BR_.jpg,meningioma
data\raw\Epic and CSCR hospital Dataset\Train\pituitary\P_764_DA_.jpg,pituitary
data\raw\Epic and CSCR hospital Dataset\Train\glioma\Tr-gl_0533.jpg,glioma
data\raw\Epic and CSCR hospital Dataset\Train\notumor\N_420_HF_.jpg,notumor
data\raw\Epic and CSCR hospital Dataset\Train\notumor\Tr-no_0613.jpg,notumor
data\raw\Epic and CSCR hospital Dataset\Train\pituitary\1197.jpg,pituitary
data\raw\Epic and CSCR hospital Dataset\Train\meningioma\m2 (10).jpg,meningioma
data\raw\Epic and CSCR hospital Dataset\Train\pituitary\Tr-pi_0583.jpg,pituitary
data\raw\Epic and CSCR hospital Dataset\Train\meningioma\M_873_VF_.jpg,meningioma
data\raw\Epic and CSCR hospital Dataset\Train\meningioma\1409.jpg,meningioma
data\raw\Epic and CSCR hospital Dataset\Train\glioma\G_801_VF_.jpg,glioma
data\raw\Epic and CSCR hospital Dataset\Train\notumor\N_388_RO_.jpg,notumor
data\raw\Epic and CSCR hospital Dataset\Train\notumor\N_380.jpg,notumor
data\raw\Epic and CSCR hospital Dataset\Train\pituitary\Tr-pi_1347.jpg,pituitary
data\raw\Epic and CSCR hospital Dataset\Train\notumor\N_44_RO_.jpg,notumor
data\raw\Epic and CSCR hospital Dataset\Train\pituitary\Tr-pi_1025.jpg,pituitary
data\raw\Epic and CSCR hospital Dataset\Train\glioma\gg (572).jpg,glioma
data\raw\Epic and CSCR hospital Dataset\Train\glioma\Tr-gl_0523.jpg,glioma
data\raw\Epic and CSCR hospital Dataset\Train\meningioma\M_885_HF_.jpg,meningioma
data\raw\Epic and CSCR hospital Dataset\Train\meningioma\M_864_HF_.jpg,meningioma
data\raw\Epic and CSCR hospital Dataset\Train\pituitary\Tr-pi_0183.jpg,pituitary
data\raw\Epic and CSCR hospital Dataset\Train\meningioma\Tr-me_0961.jpg,meningioma
data\raw\Epic and CSCR hospital Dataset\Train\pituitary\Tr-pi_0184.jpg,pituitary
data\raw\Epic and CSCR hospital Dataset\Train\pituitary\P_791.jpg,pituitary
data\raw\Epic and CSCR hospital Dataset\Train\glioma\G_750_RO_.jpg,glioma
data\raw\Epic and CSCR hospital Dataset\Train\meningioma\m2 (9).jpg,meningioma
data\raw\Epic and CSCR hospital Dataset\Train\pituitary\P_766_VF_.jpg,pituitary
data\raw\Epic and CSCR hospital Dataset\Train\meningioma\Tr-me_0181.jpg,meningioma
data\raw\Epic and CSCR hospital Dataset\Train\notumor\No14.jpg,notumor
data\raw\Epic and CSCR hospital Dataset\Train\notumor\image(188).jpg,notumor
data\raw\Epic and CSCR hospital Dataset\Train\notumor\Te-no_0086.jpg,notumor
data\raw\Epic and CSCR hospital Dataset\Train\notumor\N_369_BR_.jpg,notumor
data\raw\Epic and CSCR hospital Dataset\Train\notumor\N_401.jpg,notumor
data\raw\Epic and CSCR hospital Dataset\Train\notumor\Tr-no_0542.jpg,notumor
data\raw\Epic and CSCR hospital Dataset\Train\pituitary\Tr-pi_0140.jpg,pituitary
data\raw\Epic and CSCR hospital Dataset\Train\pituitary\Tr-pi_0991.jpg,pituitary
data\raw\Epic and CSCR hospital Dataset\Train\pituitary\Tr-pi_1222.jpg,pituitary
data\raw\Epic and CSCR hospital Dataset\Train\notumor\Tr-no_0390.jpg,notumor
data\raw\Epic and CSCR hospital Dataset\Train\pituitary\P_735_HF_.jpg,pituitary
data\raw\Epic and CSCR hospital Dataset\Train\meningioma\Tr-me_0818.jpg,meningioma
data\raw\Epic and CSCR hospital Dataset\Train\meningioma\Tr-me_1138.jpg,meningioma
data\raw\Epic and CSCR hospital Dataset\Train\glioma\gg (647).jpg,glioma
data\raw\Epic and CSCR hospital Dataset\Train\pituitary\p (481).jpg,pituitary
data\raw\Epic and CSCR hospital Dataset\Train\pituitary\P_788.jpg,pituitary
data\raw\Epic and CSCR hospital Dataset\Train\glioma\G_826_SP_.jpg,glioma
data\raw\Epic and CSCR hospital Dataset\Train\meningioma\M_859_HF_.jpg,meningioma
data\raw\Epic and CSCR hospital Dataset\Train\meningioma\M_887_RO_.jpg,meningioma
data\raw\Epic and CSCR hospital Dataset\Train\glioma\Tr-gl_1097.jpg,glioma
data\raw\Epic and CSCR hospital Dataset\Train\glioma\gg (561).jpg,glioma
data\raw\Epic and CSCR hospital Dataset\Train\glioma\G_771_BR_.jpg,glioma
data\raw\Epic and CSCR hospital Dataset\Train\glioma\Te-gl_0248.jpg,glioma
data\raw\Epic and CSCR hospital Dataset\Train\meningioma\Tr-me_0809.jpg,meningioma
data\raw\Epic and CSCR hospital Dataset\Train\meningioma\Tr-me_1042.jpg,meningioma
data\raw\Epic and CSCR hospital Dataset\Train\pituitary\P_770_DA_.jpg,pituitary
data\raw\Epic and CSCR hospital Dataset\Train\notumor\1678.jpg,notumor
data\raw\Epic and CSCR hospital Dataset\Train\meningioma\Tr-me_0916.jpg,meningioma
data\raw\Epic and CSCR hospital Dataset\Train\meningioma\Tr-me_0874.jpg,meningioma
data\raw\Epic and CSCR hospital Dataset\Train\glioma\Tr-gl_1101.jpg,glioma
data\raw\Epic and CSCR hospital Dataset\Train\meningioma\M_820_RO_.jpg,meningioma
data\raw\Epic and CSCR hospital Dataset\Train\meningioma\M_861_BR_.jpg,meningioma
data\raw\Epic and CSCR hospital Dataset\Train\pituitary\P_785_RO_.jpg,pituitary
data\raw\Epic and CSCR hospital Dataset\Train\pituitary\Tr-pi_1357.jpg,pituitary
data\raw\Epic and CSCR hospital Dataset\Train\pituitary\Te-pi_0206.jpg,pituitary
data\raw\Epic and CSCR hospital Dataset\Train\pituitary\p (510).jpg,pituitary
data\raw\Epic and CSCR hospital Dataset\Train\notumor\N_407_SP_.jpg,notumor
data\raw\Epic and CSCR hospital Dataset\Train\meningioma\Te-me_0159.jpg,meningioma
data\raw\Epic and CSCR hospital Dataset\Train\pituitary\P_738_SP_.jpg,pituitary
data\raw\Epic and CSCR hospital Dataset\Train\glioma\G_813_RO_.jpg,glioma
data\raw\Epic and CSCR hospital Dataset\Train\pituitary\Tr-pi_0225.jpg,pituitary
data\raw\Epic and CSCR hospital Dataset\Train\glioma\gg (368).jpg,glioma
data\raw\Epic and CSCR hospital Dataset\Train\glioma\Tr-gl_0424.jpg,glioma
data\raw\Epic and CSCR hospital Dataset\Train\pituitary\P_823_RO_.jpg,pituitary
data\raw\Epic and CSCR hospital Dataset\Train\notumor\Tr-no_0375.jpg,notumor
data\raw\Epic and CSCR hospital Dataset\Train\pituitary\Tr-pi_1192.jpg,pituitary
data\raw\Epic and CSCR hospital Dataset\Train\glioma\Tr-gl_0310.jpg,glioma
data\raw\Epic and CSCR hospital Dataset\Train\meningioma\Te-me_0174.jpg,meningioma
data\raw\Epic and CSCR hospital Dataset\Train\meningioma\Tr-me_1196.jpg,meningioma
data\raw\Epic and CSCR hospital Dataset\Train\pituitary\Tr-pi_0277.jpg,pituitary
data\raw\Epic and CSCR hospital Dataset\Train\pituitary\Tr-pi_1309.jpg,pituitary
data\raw\Epic and CSCR hospital Dataset\Train\pituitary\P_772_DA_.jpg,pituitary
data\raw\Epic and CSCR hospital Dataset\Train\notumor\1604.jpg,notumor
data\raw\Epic and CSCR hospital Dataset\Train\pituitary\P_73_VF_.jpg,pituitary
data\raw\Epic and CSCR hospital Dataset\Train\pituitary\p (552).jpg,pituitary
data\raw\Epic and CSCR hospital Dataset\Train\pituitary\Tr-pi_1064.jpg,pituitary
data\raw\Epic and CSCR hospital Dataset\Train\meningioma\Te-me_0180.jpg,meningioma
data\raw\Epic and CSCR hospital Dataset\Train\pituitary\P_806_DA_.jpg,pituitary
data\raw\Epic and CSCR hospital Dataset\Train\glioma\gg (471).jpg,glioma
data\raw\Epic and CSCR hospital Dataset\Train\meningioma\m3 (157).jpg,meningioma
data\raw\Epic and CSCR hospital Dataset\Train\glioma\Tr-gl_0955.jpg,glioma
data\raw\Epic and CSCR hospital Dataset\Train\glioma\Tr-gl_1119.jpg,glioma
data\raw\Epic and CSCR hospital Dataset\Train\glioma\G_806_HF_.jpg,glioma
data\raw\Epic and CSCR hospital Dataset\Train\meningioma\m3 (139).jpg,meningioma
data\raw\Epic and CSCR hospital Dataset\Train\pituitary\Tr-pi_1156.jpg,pituitary
data\raw\Epic and CSCR hospital Dataset\Train\glioma\gg (669).jpg,glioma
data\raw\Epic and CSCR hospital Dataset\Train\notumor\Tr-no_0465.jpg,notumor
data\raw\Epic and CSCR hospital Dataset\Train\pituitary\Te-pi_0026.jpg,pituitary
data\raw\Epic and CSCR hospital Dataset\Train\notumor\N_377_HF_.jpg,notumor
data\raw\Epic and CSCR hospital Dataset\Train\glioma\G_726_HF_.jpg,glioma
data\raw\Epic and CSCR hospital Dataset\Train\notumor\N_429.jpg,notumor
data\raw\Epic and CSCR hospital Dataset\Train\pituitary\P_745_BR_.jpg,pituitary
data\raw\Epic and CSCR hospital Dataset\Train\meningioma\Tr-me_0169.jpg,meningioma
data\raw\Epic and CSCR hospital Dataset\Train\meningioma\m2 (125).jpg,meningioma
data\raw\Epic and CSCR hospital Dataset\Train\pituitary\P_760_SP_.jpg,pituitary
data\raw\Epic and CSCR hospital Dataset\Train\pituitary\P_798.jpg,pituitary
data\raw\Epic and CSCR hospital Dataset\Train\notumor\Te-no_0263.jpg,notumor
data\raw\Epic and CSCR hospital Dataset\Train\pituitary\P_754_VF_.jpg,pituitary
data\raw\Epic and CSCR hospital Dataset\Train\pituitary\Tr-pi_0674.jpg,pituitary
data\raw\Epic and CSCR hospital Dataset\Train\pituitary\P_799_HF_.jpg,pituitary
data\raw\Epic and CSCR hospital Dataset\Train\notumor\Tr-no_0249.jpg,notumor
data\raw\Epic and CSCR hospital Dataset\Train\notumor\N_396_VF_.jpg,notumor
data\raw\Epic and CSCR hospital Dataset\Train\pituitary\Tr-pi_1083.jpg,pituitary
data\raw\Epic and CSCR hospital Dataset\Train\meningioma\m2 (124).jpg,meningioma
data\raw\Epic and CSCR hospital Dataset\Train\pituitary\1182.jpg,pituitary
data\raw\Epic and CSCR hospital Dataset\Train\glioma\Tr-gl_1203.jpg,glioma
data\raw\Epic and CSCR hospital Dataset\Train\meningioma\M_861_DA_.jpg,meningioma
data\raw\Epic and CSCR hospital Dataset\Train\glioma\Tr-gl_0867.jpg,glioma
data\raw\Epic and CSCR hospital Dataset\Train\pituitary\Tr-pi_0050.jpg,pituitary
data\raw\Epic and CSCR hospital Dataset\Train\notumor\N_386.jpg,notumor
data\raw\Epic and CSCR hospital Dataset\Train\pituitary\P_745.jpg,pituitary
data\raw\Epic and CSCR hospital Dataset\Train\glioma\Tr-gl_0347.jpg,glioma
data\raw\Epic and CSCR hospital Dataset\Train\meningioma\Tr-me_1033.jpg,meningioma
data\raw\Epic and CSCR hospital Dataset\Train\glioma\G_823_SP_.jpg,glioma
data\raw\Epic and CSCR hospital Dataset\Train\meningioma\M_838.jpg,meningioma
data\raw\Epic and CSCR hospital Dataset\Train\glioma\Tr-gl_1108.jpg,glioma
data\raw\Epic and CSCR hospital Dataset\Train\glioma\Tr-gl_1221.jpg,glioma
data\raw\Epic and CSCR hospital Dataset\Train\meningioma\M_874_RO_.jpg,meningioma
data\raw\Epic and CSCR hospital Dataset\Train\meningioma\m3 (185).jpg,meningioma
data\raw\Epic and CSCR hospital Dataset\Train\pituitary\P_782_VF_.jpg,pituitary
data\raw\Epic and CSCR hospital Dataset\Train\notumor\N_417_DA_.jpg,notumor
data\raw\Epic and CSCR hospital Dataset\Train\glioma\Tr-gl_0290.jpg,glioma
data\raw\Epic and CSCR hospital Dataset\Train\meningioma\m3 (187).jpg,meningioma
data\raw\Epic and CSCR hospital Dataset\Train\meningioma\Tr-me_1040.jpg,meningioma
data\raw\Epic and CSCR hospital Dataset\Train\meningioma\Tr-me_0912.jpg,meningioma
data\raw\Epic and CSCR hospital Dataset\Train\pituitary\P_786_VF_.jpg,pituitary
data\raw\Epic and CSCR hospital Dataset\Train\glioma\G_742_DA_.jpg,glioma
data\raw\Epic and CSCR hospital Dataset\Train\pituitary\Te-pi_0124.jpg,pituitary
data\raw\Epic and CSCR hospital Dataset\Train\glioma\G_748.jpg,glioma
data\raw\Epic and CSCR hospital Dataset\Train\meningioma\1401.jpg,meningioma
data\raw\Epic and CSCR hospital Dataset\Train\notumor\1840.jpg,notumor
data\raw\Epic and CSCR hospital Dataset\Train\notumor\1607.jpg,notumor
data\raw\Epic and CSCR hospital Dataset\Train\glioma\Tr-gl_0399.jpg,glioma
data\raw\Epic and CSCR hospital Dataset\Train\pituitary\P_772_SP_.jpg,pituitary
data\raw\Epic and CSCR hospital Dataset\Train\notumor\1869.jpg,notumor
data\raw\Epic and CSCR hospital Dataset\Train\glioma\Tr-gl_0152.jpg,glioma
data\raw\Epic and CSCR hospital Dataset\Train\glioma\G_871_BR_.jpg,glioma
data\raw\Epic and CSCR hospital Dataset\Train\glioma\Tr-gl_0381.jpg,glioma
data\raw\Epic and CSCR hospital Dataset\Train\notumor\1922.jpg,notumor
data\raw\Epic and CSCR hospital Dataset\Train\glioma\Tr-gl_0355.jpg,glioma
data\raw\Epic and CSCR hospital Dataset\Train\pituitary\Tr-pi_1081.jpg,pituitary
data\raw\Epic and CSCR hospital Dataset\Train\meningioma\Te-me_0287.jpg,meningioma
data\raw\Epic and CSCR hospital Dataset\Train\pituitary\P_830_HF_.jpg,pituitary
data\raw\Epic and CSCR hospital Dataset\Train\glioma\Tr-gl_1232.jpg,glioma
data\raw\Epic and CSCR hospital Dataset\Train\pituitary\Tr-pi_0232.jpg,pituitary
data\raw\Epic and CSCR hospital Dataset\Train\pituitary\P_739_BR_.jpg,pituitary
data\raw\Epic and CSCR hospital Dataset\Train\pituitary\Tr-pi_1027.jpg,pituitary
data\raw\Epic and CSCR hospital Dataset\Train\notumor\N_415.jpg,notumor
data\raw\Epic and CSCR hospital Dataset\Train\pituitary\P_82_SP_.jpg,pituitary
data\raw\Epic and CSCR hospital Dataset\Train\notumor\Tr-no_0206.jpg,notumor
data\raw\Epic and CSCR hospital Dataset\Train\glioma\G_854.jpg,glioma
data\raw\Epic and CSCR hospital Dataset\Train\meningioma\Tr-me_1191.jpg,meningioma
data\raw\Epic and CSCR hospital Dataset\Train\notumor\Tr-no_0618.jpg,notumor
data\raw\Epic and CSCR hospital Dataset\Train\pituitary\P_741_BR_.jpg,pituitary
data\raw\Epic and CSCR hospital Dataset\Train\notumor\1687.jpg,notumor
data\raw\Epic and CSCR hospital Dataset\Train\pituitary\P_76_RO_.jpg,pituitary
data\raw\Epic and CSCR hospital Dataset\Train\pituitary\P_833_BR_.jpg,pituitary
data\raw\Epic and CSCR hospital Dataset\Train\meningioma\Te-me_0136.jpg,meningioma
data\raw\Epic and CSCR hospital Dataset\Train\notumor\Tr-no_0587.jpg,notumor
data\raw\Epic and CSCR hospital Dataset\Train\notumor\N_429_SP_.jpg,notumor
data\raw\Epic and CSCR hospital Dataset\Train\notumor\Te-no_0271.jpg,notumor
data\raw\Epic and CSCR hospital Dataset\Train\glioma\gg (544).jpg,glioma
data\raw\Epic and CSCR hospital Dataset\Train\glioma\G_725_VF_.jpg,glioma
data\raw\Epic and CSCR hospital Dataset\Train\pituitary\P_764_VF_.jpg,pituitary
data\raw\Epic and CSCR hospital Dataset\Train\meningioma\Tr-me_1103.jpg,meningioma
data\raw\Epic and CSCR hospital Dataset\Train\glioma\gg (381).jpg,glioma
data\raw\Epic and CSCR hospital Dataset\Train\glioma\Tr-gl_0487.jpg,glioma
data\raw\Epic and CSCR hospital Dataset\Train\notumor\N_382_BR_.jpg,notumor
data\raw\Epic and CSCR hospital Dataset\Train\meningioma\m2 (90).jpg,meningioma
data\raw\Epic and CSCR hospital Dataset\Train\glioma\G_875_SP_.jpg,glioma
data\raw\Epic and CSCR hospital Dataset\Train\pituitary\Tr-pi_0996.jpg,pituitary
data\raw\Epic and CSCR hospital Dataset\Train\notumor\N_381_RO_.jpg,notumor
data\raw\Epic and CSCR hospital Dataset\Train\glioma\image(19).jpg,glioma
data\raw\Epic and CSCR hospital Dataset\Train\glioma\Te-gl_0140.jpg,glioma
data\raw\Epic and CSCR hospital Dataset\Train\meningioma\Tr-me_0819.jpg,meningioma
data\raw\Epic and CSCR hospital Dataset\Train\meningioma\1403.jpg,meningioma
data\raw\Epic and CSCR hospital Dataset\Train\glioma\G_835_BR_.jpg,glioma
data\raw\Epic and CSCR hospital Dataset\Train\notumor\Te-no_0162.jpg,notumor
data\raw\Epic and CSCR hospital Dataset\Train\notumor\N_416_DA_.jpg,notumor
data\raw\Epic and CSCR hospital Dataset\Train\glioma\Te-gl_0242.jpg,glioma
data\raw\Epic and CSCR hospital Dataset\Train\glioma\Tr-gl_0613.jpg,glioma
data\raw\Epic and CSCR hospital Dataset\Train\meningioma\1299.jpg,meningioma
data\raw\Epic and CSCR hospital Dataset\Train\pituitary\p (504).jpg,pituitary
data\raw\Epic and CSCR hospital Dataset\Train\notumor\Tr-no_0464.jpg,notumor
data\raw\Epic and CSCR hospital Dataset\Train\pituitary\p (496).jpg,pituitary
data\raw\Epic and CSCR hospital Dataset\Train\notumor\1881.jpg,notumor
data\raw\Epic and CSCR hospital Dataset\Train\glioma\G_836_HF_.jpg,glioma
data\raw\Epic and CSCR hospital Dataset\Train\pituitary\P_799.jpg,pituitary
data\raw\Epic and CSCR hospital Dataset\Train\notumor\Tr-no_0210.jpg,notumor
data\raw\Epic and CSCR hospital Dataset\Train\notumor\Tr-no_0482.jpg,notumor
data\raw\Epic and CSCR hospital Dataset\Train\glioma\Tr-gl_1117.jpg,glioma
data\raw\Epic and CSCR hospital Dataset\Train\glioma\G_825_VF_.jpg,glioma
data\raw\Epic and CSCR hospital Dataset\Train\pituitary\P_76_HF_.jpg,pituitary
data\raw\Epic and CSCR hospital Dataset\Train\glioma\G_787_SP_.jpg,glioma
data\raw\Epic and CSCR hospital Dataset\Train\notumor\N_419_SP_.jpg,notumor
data\raw\Epic and CSCR hospital Dataset\Train\glioma\Tr-gl_1219.jpg,glioma
data\raw\Epic and CSCR hospital Dataset\Train\pituitary\P_746_RO_.jpg,pituitary
data\raw\Epic and CSCR hospital Dataset\Train\meningioma\m2 (122).jpg,meningioma
data\raw\Epic and CSCR hospital Dataset\Train\pituitary\P_779_VF_.jpg,pituitary
data\raw\Epic and CSCR hospital Dataset\Train\meningioma\Tr-me_0927.jpg,meningioma
data\raw\Epic and CSCR hospital Dataset\Train\pituitary\Tr-pi_1132.jpg,pituitary
data\raw\Epic and CSCR hospital Dataset\Train\pituitary\Tr-pi_1164.jpg,pituitary
data\raw\Epic and CSCR hospital Dataset\Train\pituitary\Tr-pi_1061.jpg,pituitary
data\raw\Epic and CSCR hospital Dataset\Train\meningioma\M_837_SP_.jpg,meningioma
data\raw\Epic and CSCR hospital Dataset\Train\pituitary\Tr-pi_0958.jpg,pituitary
data\raw\Epic and CSCR hospital Dataset\Train\glioma\G_867_VF_.jpg,glioma
data\raw\Epic and CSCR hospital Dataset\Train\glioma\Tr-gl_0849.jpg,glioma
data\raw\Epic and CSCR hospital Dataset\Train\glioma\G_858.jpg,glioma
data\raw\Epic and CSCR hospital Dataset\Train\meningioma\Tr-me_1216.jpg,meningioma
data\raw\Epic and CSCR hospital Dataset\Train\glioma\gg (338).jpg,glioma
data\raw\Epic and CSCR hospital Dataset\Train\glioma\Tr-gl_0475.jpg,glioma
data\raw\Epic and CSCR hospital Dataset\Train\pituitary\P_760_BR_.jpg,pituitary
data\raw\Epic and CSCR hospital Dataset\Train\notumor\Te-no_0177.jpg,notumor
data\raw\Epic and CSCR hospital Dataset\Train\notumor\Tr-no_0147.jpg,notumor
data\raw\Epic and CSCR hospital Dataset\Train\glioma\G_738_BR_.jpg,glioma
data\raw\Epic and CSCR hospital Dataset\Train\glioma\G_766_DA_.jpg,glioma
data\raw\Epic and CSCR hospital Dataset\Train\glioma\G_753_RO_.jpg,glioma
data\raw\Epic and CSCR hospital Dataset\Train\pituitary\P_787_VF_.jpg,pituitary
data\raw\Epic and CSCR hospital Dataset\Train\notumor\1671.jpg,notumor
data\raw\Epic and CSCR hospital Dataset\Train\pituitary\P_787_BR_.jpg,pituitary
data\raw\Epic and CSCR hospital Dataset\Train\pituitary\Tr-pi_1370.jpg,pituitary
data\raw\Epic and CSCR hospital Dataset\Train\glioma\Tr-gl_0900.jpg,glioma
data\raw\Epic and CSCR hospital Dataset\Train\glioma\G_714_HF_.jpg,glioma
data\raw\Epic and CSCR hospital Dataset\Train\meningioma\M_850_VF_.jpg,meningioma
data\raw\Epic and CSCR hospital Dataset\Train\pituitary\P_744_DA_.jpg,pituitary
data\raw\Epic and CSCR hospital Dataset\Train\pituitary\P_808_RO_.jpg,pituitary
data\raw\Epic and CSCR hospital Dataset\Train\pituitary\Tr-pi_1141.jpg,pituitary
data\raw\Epic and CSCR hospital Dataset\Train\glioma\Tr-gl_0286.jpg,glioma
data\raw\Epic and CSCR hospital Dataset\Train\meningioma\M_839_VF_.jpg,meningioma
data\raw\Epic and CSCR hospital Dataset\Train\glioma\G_829_RO_.jpg,glioma
data\raw\Epic and CSCR hospital Dataset\Train\glioma\G_746_HF_.jpg,glioma
data\raw\Epic and CSCR hospital Dataset\Train\notumor\Tr-no_0606.jpg,notumor
data\raw\Epic and CSCR hospital Dataset\Train\notumor\No21.jpg,notumor
data\raw\Epic and CSCR hospital Dataset\Train\pituitary\P_749_DA_.jpg,pituitary
data\raw\Epic and CSCR hospital Dataset\Train\glioma\Tr-gl_0187.jpg,glioma
data\raw\Epic and CSCR hospital Dataset\Train\pituitary\Te-pi_0138.jpg,pituitary
data\raw\Epic and CSCR hospital Dataset\Train\notumor\1 no.jpeg,notumor
data\raw\Epic and CSCR hospital Dataset\Train\notumor\N_410_HF_.jpg,notumor
data\raw\Epic and CSCR hospital Dataset\Train\glioma\gg (411).jpg,glioma
data\raw\Epic and CSCR hospital Dataset\Train\meningioma\M_849_SP_.jpg,meningioma
data\raw\Epic and CSCR hospital Dataset\Train\notumor\Tr-no_0364.jpg,notumor
data\raw\Epic and CSCR hospital Dataset\Train\meningioma\Tr-me_0164.jpg,meningioma
data\raw\Epic and CSCR hospital Dataset\Train\meningioma\M_855_BR_.jpg,meningioma
data\raw\Epic and CSCR hospital Dataset\Train\notumor\14 no.jpg,notumor
data\raw\Epic and CSCR hospital Dataset\Train\pituitary\P_829_RO_.jpg,pituitary
data\raw\Epic and CSCR hospital Dataset\Train\glioma\Tr-gl_1142.jpg,glioma
data\raw\Epic and CSCR hospital Dataset\Train\meningioma\M_823_VF_.jpg,meningioma
data\raw\Epic and CSCR hospital Dataset\Train\glioma\G_818_VF_.jpg,glioma
data\raw\Epic and CSCR hospital Dataset\Train\glioma\G_754_BR_.jpg,glioma
data\raw\Epic and CSCR hospital Dataset\Train\notumor\image(152) - Copy.jpg,notumor
data\raw\Epic and CSCR hospital Dataset\Train\notumor\Te-no_0265.jpg,notumor
data\raw\Epic and CSCR hospital Dataset\Train\notumor\N_387_VF_.jpg,notumor
data\raw\Epic and CSCR hospital Dataset\Train\glioma\Tr-gl_1054.jpg,glioma
data\raw\Epic and CSCR hospital Dataset\Train\meningioma\Tr-me_1065.jpg,meningioma
data\raw\Epic and CSCR hospital Dataset\Train\glioma\G_86_RO_.jpg,glioma
data\raw\Epic and CSCR hospital Dataset\Train\meningioma\M_886_HF_.jpg,meningioma
data\raw\Epic and CSCR hospital Dataset\Train\notumor\N_373_BR_.jpg,notumor
data\raw\Epic and CSCR hospital Dataset\Train\glioma\Tr-gl_1168.jpg,glioma
data\raw\Epic and CSCR hospital Dataset\Train\notumor\Tr-no_0446.jpg,notumor
data\raw\Epic and CSCR hospital Dataset\Train\meningioma\Te-me_0084.jpg,meningioma
data\raw\Epic and CSCR hospital Dataset\Train\glioma\G_822_DA_.jpg,glioma
data\raw\Epic and CSCR hospital Dataset\Train\pituitary\P_769_DA_.jpg,pituitary
data\raw\Epic and CSCR hospital Dataset\Train\glioma\Tr-gl_1075.jpg,glioma
data\raw\Epic and CSCR hospital Dataset\Train\pituitary\Tr-pi_1172.jpg,pituitary
data\raw\Epic and CSCR hospital Dataset\Train\meningioma\Tr-me_0151.jpg,meningioma
data\raw\Epic and CSCR hospital Dataset\Train\glioma\Tr-gl_0997.jpg,glioma
data\raw\Epic and CSCR hospital Dataset\Train\glioma\Tr-gl_0370.jpg,glioma
data\raw\Epic and CSCR hospital Dataset\Train\glioma\G_783_DA_.jpg,glioma
data\raw\Epic and CSCR hospital Dataset\Train\notumor\N_435_RO_.jpg,notumor
data\raw\Epic and CSCR hospital Dataset\Train\pituitary\Tr-pi_1161.jpg,pituitary
data\raw\Epic and CSCR hospital Dataset\Train\notumor\N_395_DA_.jpg,notumor
data\raw\Epic and CSCR hospital Dataset\Train\notumor\1655.jpg,notumor
data\raw\Epic and CSCR hospital Dataset\Train\meningioma\m3 (130).jpg,meningioma
data\raw\Epic and CSCR hospital Dataset\Train\glioma\Te-gl_0137.jpg,glioma
data\raw\Epic and CSCR hospital Dataset\Train\notumor\1685.jpg,notumor
data\raw\Epic and CSCR hospital Dataset\Train\meningioma\M_846_SP_.jpg,meningioma
data\raw\Epic and CSCR hospital Dataset\Train\pituitary\p (550).jpg,pituitary
data\raw\Epic and CSCR hospital Dataset\Train\pituitary\P_747_DA_.jpg,pituitary
data\raw\Epic and CSCR hospital Dataset\Train\glioma\G_819.jpg,glioma
data\raw\Epic and CSCR hospital Dataset\Train\pituitary\Tr-pi_0957.jpg,pituitary
data\raw\Epic and CSCR hospital Dataset\Train\glioma\G_801.jpg,glioma
data\raw\Epic and CSCR hospital Dataset\Train\notumor\No15.jpg,notumor
data\raw\Epic and CSCR hospital Dataset\Train\notumor\Te-no_0366.jpg,notumor
data\raw\Epic and CSCR hospital Dataset\Train\glioma\Tr-gl_1180.jpg,glioma
data\raw\Epic and CSCR hospital Dataset\Train\notumor\Tr-no_0247.jpg,notumor
data\raw\Epic and CSCR hospital Dataset\Train\meningioma\M_833.jpg,meningioma
data\raw\Epic and CSCR hospital Dataset\Train\pituitary\P_752_SP_.jpg,pituitary
data\raw\Epic and CSCR hospital Dataset\Train\glioma\G_712.jpg,glioma
data\raw\Epic and CSCR hospital Dataset\Train\glioma\Tr-gl_1167.jpg,glioma
data\raw\Epic and CSCR hospital Dataset\Train\pituitary\Tr-pi_1233.jpg,pituitary
data\raw\Epic and CSCR hospital Dataset\Train\pituitary\P_808_HF_.jpg,pituitary
data\raw\Epic and CSCR hospital Dataset\Train\meningioma\1414.jpg,meningioma
data\raw\Epic and CSCR hospital Dataset\Train\pituitary\Tr-pi_1130.jpg,pituitary
data\raw\Epic and CSCR hospital Dataset\Train\glioma\G_751_BR_.jpg,glioma
data\raw\Epic and CSCR hospital Dataset\Train\glioma\G_823_VF_.jpg,glioma
data\raw\Epic and CSCR hospital Dataset\Train\meningioma\M_841_HF_.jpg,meningioma
data\raw\Epic and CSCR hospital Dataset\Train\meningioma\M_860_SP_.jpg,meningioma
data\raw\Epic and CSCR hospital Dataset\Train\glioma\G_825.jpg,glioma
data\raw\Epic and CSCR hospital Dataset\Train\glioma\G_798_RO_.jpg,glioma
data\raw\Epic and CSCR hospital Dataset\Train\glioma\Tr-gl_0341.jpg,glioma
data\raw\Epic and CSCR hospital Dataset\Train\glioma\G_795_SP_.jpg,glioma
data\raw\Epic and CSCR hospital Dataset\Train\glioma\Tr-gl_0202.jpg,glioma
data\raw\Epic and CSCR hospital Dataset\Train\meningioma\M_862_VF_.jpg,meningioma
data\raw\Epic and CSCR hospital Dataset\Train\pituitary\Tr-pi_1200.jpg,pituitary
data\raw\Epic and CSCR hospital Dataset\Train\notumor\N_433_BR_.jpg,notumor
data\raw\Epic and CSCR hospital Dataset\Train\glioma\G_714_VF_.jpg,glioma
data\raw\Epic and CSCR hospital Dataset\Train\glioma\G_775_SP_.jpg,glioma
data\raw\Epic and CSCR hospital Dataset\Train\glioma\Tr-gl_0937.jpg,glioma
data\raw\Epic and CSCR hospital Dataset\Train\pituitary\P_715_VF_.jpg,pituitary
data\raw\Epic and CSCR hospital Dataset\Train\glioma\G_859.jpg,glioma
data\raw\Epic and CSCR hospital Dataset\Train\meningioma\M_857_DA_.jpg,meningioma
data\raw\Epic and CSCR hospital Dataset\Train\pituitary\Tr-pi_1213.jpg,pituitary
data\raw\Epic and CSCR hospital Dataset\Train\meningioma\M_883_BR_.jpg,meningioma
data\raw\Epic and CSCR hospital Dataset\Train\glioma\G_735_HF_.jpg,glioma
data\raw\Epic and CSCR hospital Dataset\Train\meningioma\M_850.jpg,meningioma
data\raw\Epic and CSCR hospital Dataset\Train\notumor\Tr-no_0540.jpg,notumor
data\raw\Epic and CSCR hospital Dataset\Train\glioma\G_801_SP_.jpg,glioma
data\raw\Epic and CSCR hospital Dataset\Train\pituitary\P_733.jpg,pituitary
data\raw\Epic and CSCR hospital Dataset\Train\glioma\G_713.jpg,glioma
data\raw\Epic and CSCR hospital Dataset\Train\notumor\N_36_DA_.jpg,notumor
data\raw\Epic and CSCR hospital Dataset\Train\pituitary\P_769_RO_.jpg,pituitary
data\raw\Epic and CSCR hospital Dataset\Train\pituitary\P_77_RO_.jpg,pituitary
data\raw\Epic and CSCR hospital Dataset\Train\meningioma\m2 (104).jpg,meningioma
data\raw\Epic and CSCR hospital Dataset\Train\glioma\Tr-gl_0490.jpg,glioma
data\raw\Epic and CSCR hospital Dataset\Train\glioma\Tr-gl_0302.jpg,glioma
data\raw\Epic and CSCR hospital Dataset\Train\meningioma\M_820_VF_.jpg,meningioma
data\raw\Epic and CSCR hospital Dataset\Train\meningioma\Tr-me_0922.jpg,meningioma
data\raw\Epic and CSCR hospital Dataset\Train\notumor\Tr-no_0272.jpg,notumor
data\raw\Epic and CSCR hospital Dataset\Train\notumor\1758.jpg,notumor
data\raw\Epic and CSCR hospital Dataset\Train\notumor\N_413_VF_.jpg,notumor
data\raw\Epic and CSCR hospital Dataset\Train\meningioma\Tr-me_0253.jpg,meningioma
data\raw\Epic and CSCR hospital Dataset\Train\notumor\Tr-no_0511.jpg,notumor
data\raw\Epic and CSCR hospital Dataset\Train\meningioma\Tr-me_1249.jpg,meningioma
data\raw\Epic and CSCR hospital Dataset\Train\glioma\G_825_RO_.jpg,glioma
data\raw\Epic and CSCR hospital Dataset\Train\glioma\G_871_DA_.jpg,glioma
data\raw\Epic and CSCR hospital Dataset\Train\meningioma\m1(93).jpg,meningioma
data\raw\Epic and CSCR hospital Dataset\Train\meningioma\Tr-me_0033.jpg,meningioma
data\raw\Epic and CSCR hospital Dataset\Train\notumor\N_400_BR_.jpg,notumor
data\raw\Epic and CSCR hospital Dataset\Train\glioma\G_891_DA_.jpg,glioma
data\raw\Epic and CSCR hospital Dataset\Train\glioma\Tr-gl_0924.jpg,glioma
data\raw\Epic and CSCR hospital Dataset\Train\notumor\Te-no_0197.jpg,notumor
data\raw\Epic and CSCR hospital Dataset\Train\glioma\G_840_HF_.jpg,glioma
data\raw\Epic and CSCR hospital Dataset\Train\meningioma\M_843.jpg,meningioma
data\raw\Epic and CSCR hospital Dataset\Train\glioma\Tr-gl_1030.jpg,glioma
data\raw\Epic and CSCR hospital Dataset\Train\notumor\Tr-no_0513.jpg,notumor
data\raw\Epic and CSCR hospital Dataset\Train\meningioma\m3 (155).jpg,meningioma
data\raw\Epic and CSCR hospital Dataset\Train\glioma\G_775.jpg,glioma
data\raw\Epic and CSCR hospital Dataset\Train\notumor\Tr-no_0157.jpg,notumor
data\raw\Epic and CSCR hospital Dataset\Train\glioma\G_707_HF_.jpg,glioma
data\raw\Epic and CSCR hospital Dataset\Train\pituitary\P_817_SP_.jpg,pituitary
data\raw\Epic and CSCR hospital Dataset\Train\glioma\Tr-gl_0339.jpg,glioma
data\raw\Epic and CSCR hospital Dataset\Train\glioma\G_804_BR_.jpg,glioma
data\raw\Epic and CSCR hospital Dataset\Train\notumor\N26.JPG,notumor
data\raw\Epic and CSCR hospital Dataset\Train\meningioma\M_875_HF_.jpg,meningioma
data\raw\Epic and CSCR hospital Dataset\Train\glioma\G_872.jpg,glioma
data\raw\Epic and CSCR hospital Dataset\Train\glioma\G_797_RO_.jpg,glioma
data\raw\Epic and CSCR hospital Dataset\Train\pituitary\P_746_VF_.jpg,pituitary
data\raw\Epic and CSCR hospital Dataset\Train\glioma\Tr-gl_0853.jpg,glioma
data\raw\Epic and CSCR hospital Dataset\Train\glioma\G_772_VF_.jpg,glioma
data\raw\Epic and CSCR hospital Dataset\Train\pituitary\Tr-pi_1059.jpg,pituitary
data\raw\Epic and CSCR hospital Dataset\Train\pituitary\P_725_SP_.jpg,pituitary
data\raw\Epic and CSCR hospital Dataset\Train\pituitary\P_752_RO_.jpg,pituitary
data\raw\Epic and CSCR hospital Dataset\Train\glioma\image(83).jpg,glioma
data\raw\Epic and CSCR hospital Dataset\Train\pituitary\P_775_RO_.jpg,pituitary
data\raw\Epic and CSCR hospital Dataset\Train\glioma\G_896_BR_.jpg,glioma
data\raw\Epic and CSCR hospital Dataset\Train\pituitary\Tr-pi_0611.jpg,pituitary
data\raw\Epic and CSCR hospital Dataset\Train\notumor\1705.jpg,notumor
data\raw\Epic and CSCR hospital Dataset\Train\notumor\Te-no_0248.jpg,notumor
data\raw\Epic and CSCR hospital Dataset\Train\meningioma\Tr-me_1226.jpg,meningioma
data\raw\Epic and CSCR hospital Dataset\Train\pituitary\P_782.jpg,pituitary
data\raw\Epic and CSCR hospital Dataset\Train\glioma\G_781_SP_.jpg,glioma
data\raw\Epic and CSCR hospital Dataset\Train\meningioma\Tr-me_0291.jpg,meningioma
data\raw\Epic and CSCR hospital Dataset\Train\glioma\gg (600).jpg,glioma
data\raw\Epic and CSCR hospital Dataset\Train\pituitary\Tr-pi_0561.jpg,pituitary
data\raw\Epic and CSCR hospital Dataset\Train\pituitary\Tr-pi_1082.jpg,pituitary
data\raw\Epic and CSCR hospital Dataset\Train\notumor\Tr-no_0448.jpg,notumor
data\raw\Epic and CSCR hospital Dataset\Train\meningioma\Tr-me_0960.jpg,meningioma
data\raw\Epic and CSCR hospital Dataset\Train\glioma\Tr-gl_0571.jpg,glioma
data\raw\Epic and CSCR hospital Dataset\Train\notumor\Tr-no_0468.jpg,notumor
data\raw\Epic and CSCR hospital Dataset\Train\glioma\G_857_DA_.jpg,glioma
data\raw\Epic and CSCR hospital Dataset\Train\glioma\Tr-gl_0577.jpg,glioma
data\raw\Epic and CSCR hospital Dataset\Train\pituitary\Tr-pi_1169.jpg,pituitary
data\raw\Epic and CSCR hospital Dataset\Train\pituitary\P_75_SP_.jpg,pituitary
data\raw\Epic and CSCR hospital Dataset\Train\meningioma\Tr-me_1047.jpg,meningioma
data\raw\Epic and CSCR hospital Dataset\Train\meningioma\M_841_DA_.jpg,meningioma
data\raw\Epic and CSCR hospital Dataset\Train\pituitary\Tr-pi_0257.jpg,pituitary
data\raw\Epic and CSCR hospital Dataset\Train\meningioma\Te-me_0157.jpg,meningioma
data\raw\Epic and CSCR hospital Dataset\Train\notumor\Tr-no_0550.jpg,notumor
data\raw\Epic and CSCR hospital Dataset\Train\glioma\G_814_DA_.jpg,glioma
data\raw\Epic and CSCR hospital Dataset\Train\glioma\G_717_BR_.jpg,glioma
data\raw\Epic and CSCR hospital Dataset\Train\glioma\Tr-gl_0190.jpg,glioma
data\raw\Epic and CSCR hospital Dataset\Train\glioma\Tr-gl_0171.jpg,glioma
data\raw\Epic and CSCR hospital Dataset\Train\glioma\Tr-gl_0903.jpg,glioma
data\raw\Epic and CSCR hospital Dataset\Train\notumor\Tr-no_0144.jpg,notumor
data\raw\Epic and CSCR hospital Dataset\Train\notumor\N_369_VF_.jpg,notumor
data\raw\Epic and CSCR hospital Dataset\Train\pituitary\Tr-pi_1099.jpg,pituitary
data\raw\Epic and CSCR hospital Dataset\Train\meningioma\M_854_VF_.jpg,meningioma
data\raw\Epic and CSCR hospital Dataset\Train\pituitary\p (515).jpg,pituitary
data\raw\Epic and CSCR hospital Dataset\Train\pituitary\P_834.jpg,pituitary
data\raw\Epic and CSCR hospital Dataset\Train\glioma\Tr-gl_0630.jpg,glioma
data\raw\Epic and CSCR hospital Dataset\Train\glioma\Te-gl_0243.jpg,glioma
data\raw\Epic and CSCR hospital Dataset\Train\glioma\gg (349).jpg,glioma
data\raw\Epic and CSCR hospital Dataset\Train\meningioma\Tr-me_1125.jpg,meningioma
data\raw\Epic and CSCR hospital Dataset\Train\meningioma\M_873_BR_.jpg,meningioma
data\raw\Epic and CSCR hospital Dataset\Train\glioma\Te-gl_0092.jpg,glioma
data\raw\Epic and CSCR hospital Dataset\Train\notumor\N3.jpg,notumor
data\raw\Epic and CSCR hospital Dataset\Train\pituitary\P_728_DA_.jpg,pituitary
data\raw\Epic and CSCR hospital Dataset\Train\pituitary\Tr-pi_1270.jpg,pituitary
data\raw\Epic and CSCR hospital Dataset\Train\glioma\gg (457).jpg,glioma
data\raw\Epic and CSCR hospital Dataset\Train\meningioma\m3 (110).jpg,meningioma
data\raw\Epic and CSCR hospital Dataset\Train\pituitary\Te-pi_0188.jpg,pituitary
data\raw\Epic and CSCR hospital Dataset\Train\notumor\Tr-no_0487.jpg,notumor
data\raw\Epic and CSCR hospital Dataset\Train\glioma\G_788_VF_.jpg,glioma
data\raw\Epic and CSCR hospital Dataset\Train\glioma\Te-gl_0224.jpg,glioma
data\raw\Epic and CSCR hospital Dataset\Train\pituitary\P_744_SP_.jpg,pituitary
data\raw\Epic and CSCR hospital Dataset\Train\glioma\gg (399).jpg,glioma
data\raw\Epic and CSCR hospital Dataset\Train\glioma\Tr-gl_1154.jpg,glioma
data\raw\Epic and CSCR hospital Dataset\Train\glioma\Tr-gl_0917.jpg,glioma
data\raw\Epic and CSCR hospital Dataset\Train\glioma\Tr-gl_1162.jpg,glioma
data\raw\Epic and CSCR hospital Dataset\Train\notumor\Te-no_0186.jpg,notumor
data\raw\Epic and CSCR hospital Dataset\Train\meningioma\Tr-me_0939.jpg,meningioma
data\raw\Epic and CSCR hospital Dataset\Train\glioma\G_763_HF_.jpg,glioma
data\raw\Epic and CSCR hospital Dataset\Train\glioma\G_861_DA_.jpg,glioma
data\raw\Epic and CSCR hospital Dataset\Train\notumor\Te-no_0278.jpg,notumor
data\raw\Epic and CSCR hospital Dataset\Train\meningioma\Tr-me_1002.jpg,meningioma
data\raw\Epic and CSCR hospital Dataset\Train\meningioma\1442.jpg,meningioma
data\raw\Epic and CSCR hospital Dataset\Train\glioma\gg (537).jpg,glioma
data\raw\Epic and CSCR hospital Dataset\Train\pituitary\Tr-pi_1326.jpg,pituitary
data\raw\Epic and CSCR hospital Dataset\Train\pituitary\P_732_SP_.jpg,pituitary
data\raw\Epic and CSCR hospital Dataset\Train\meningioma\Tr-me_0215.jpg,meningioma
data\raw\Epic and CSCR hospital Dataset\Train\meningioma\Tr-me_0072.jpg,meningioma
data\raw\Epic and CSCR hospital Dataset\Train\glioma\G_815_VF_.jpg,glioma
data\raw\Epic and CSCR hospital Dataset\Train\notumor\Tr-no_0396.jpg,notumor
data\raw\Epic and CSCR hospital Dataset\Train\meningioma\Tr-me_0324.jpg,meningioma
data\raw\Epic and CSCR hospital Dataset\Train\pituitary\P_828_RO_.jpg,pituitary
data\raw\Epic and CSCR hospital Dataset\Train\pituitary\Tr-pi_0948.jpg,pituitary
data\raw\Epic and CSCR hospital Dataset\Train\notumor\N_416.jpg,notumor
data\raw\Epic and CSCR hospital Dataset\Train\pituitary\P_803_DA_.jpg,pituitary
data\raw\Epic and CSCR hospital Dataset\Train\notumor\Te-no_0198.jpg,notumor
data\raw\Epic and CSCR hospital Dataset\Train\notumor\Tr-no_0193.jpg,notumor
data\raw\Epic and CSCR hospital Dataset\Train\meningioma\Tr-me_0805.jpg,meningioma
data\raw\Epic and CSCR hospital Dataset\Train\glioma\G_852_DA_.jpg,glioma
data\raw\Epic and CSCR hospital Dataset\Train\meningioma\Tr-me_0933.jpg,meningioma
data\raw\Epic and CSCR hospital Dataset\Train\notumor\N_379_VF_.jpg,notumor
data\raw\Epic and CSCR hospital Dataset\Train\glioma\G_810.jpg,glioma
data\raw\Epic and CSCR hospital Dataset\Train\notumor\1732.jpg,notumor
data\raw\Epic and CSCR hospital Dataset\Train\glioma\Tr-gl_0519.jpg,glioma
data\raw\Epic and CSCR hospital Dataset\Train\notumor\Tr-no_0287.jpg,notumor
data\raw\Epic and CSCR hospital Dataset\Train\glioma\G_742_HF_.jpg,glioma
data\raw\Epic and CSCR hospital Dataset\Train\glioma\Tr-gl_0884.jpg,glioma
data\raw\Epic and CSCR hospital Dataset\Train\glioma\G_887_RO_.jpg,glioma
data\raw\Epic and CSCR hospital Dataset\Train\pituitary\P_735_BR_.jpg,pituitary
data\raw\Epic and CSCR hospital Dataset\Train\glioma\Tr-gl_0241.jpg,glioma
data\raw\Epic and CSCR hospital Dataset\Train\glioma\Tr-gl_0528.jpg,glioma
data\raw\Epic and CSCR hospital Dataset\Train\notumor\1780.jpg,notumor
data\raw\Epic and CSCR hospital Dataset\Train\glioma\Tr-gl_1137.jpg,glioma
data\raw\Epic and CSCR hospital Dataset\Train\glioma\Tr-gl_0797.jpg,glioma
data\raw\Epic and CSCR hospital Dataset\Train\notumor\Tr-no_0385.jpg,notumor
data\raw\Epic and CSCR hospital Dataset\Train\glioma\Tr-gl_0203.jpg,glioma
data\raw\Epic and CSCR hospital Dataset\Train\pituitary\Tr-pi_0776.jpg,pituitary
data\raw\Epic and CSCR hospital Dataset\Train\meningioma\M_876_BR_.jpg,meningioma
data\raw\Epic and CSCR hospital Dataset\Train\glioma\Tr-gl_0214.jpg,glioma
data\raw\Epic and CSCR hospital Dataset\Train\glioma\Tr-gl_0162.jpg,glioma
data\raw\Epic and CSCR hospital Dataset\Train\meningioma\Tr-me_0832.jpg,meningioma
data\raw\Epic and CSCR hospital Dataset\Train\pituitary\p (529).jpg,pituitary
data\raw\Epic and CSCR hospital Dataset\Train\pituitary\P_722_RO_.jpg,pituitary
data\raw\Epic and CSCR hospital Dataset\Train\glioma\G_817_DA_.jpg,glioma
data\raw\Epic and CSCR hospital Dataset\Train\glioma\G_810_SP_.jpg,glioma
data\raw\Epic and CSCR hospital Dataset\Train\pituitary\P_764_HF_.jpg,pituitary
data\raw\Epic and CSCR hospital Dataset\Train\pituitary\Tr-pi_0565.jpg,pituitary
data\raw\Epic and CSCR hospital Dataset\Train\meningioma\M_883.jpg,meningioma
data\raw\Epic and CSCR hospital Dataset\Train\meningioma\Tr-me_0321.jpg,meningioma
data\raw\Epic and CSCR hospital Dataset\Train\pituitary\Tr-pi_0107.jpg,pituitary
data\raw\Epic and CSCR hospital Dataset\Train\notumor\N_427_HF_.jpg,notumor
data\raw\Epic and CSCR hospital Dataset\Train\glioma\Tr-gl_0367.jpg,glioma
data\raw\Epic and CSCR hospital Dataset\Train\notumor\Tr-no_0648.jpg,notumor
data\raw\Epic and CSCR hospital Dataset\Train\pituitary\Tr-pi_0163.jpg,pituitary
data\raw\Epic and CSCR hospital Dataset\Train\glioma\gg (640).jpg,glioma
data\raw\Epic and CSCR hospital Dataset\Train\glioma\gg (42).jpg,glioma
data\raw\Epic and CSCR hospital Dataset\Train\notumor\Te-no_0089.jpg,notumor
data\raw\Epic and CSCR hospital Dataset\Train\meningioma\Tr-me_0035.jpg,meningioma
data\raw\Epic and CSCR hospital Dataset\Train\notumor\Te-no_0228.jpg,notumor
data\raw\Epic and CSCR hospital Dataset\Train\glioma\Te-gl_0087.jpg,glioma
data\raw\Epic and CSCR hospital Dataset\Train\pituitary\P_749_BR_.jpg,pituitary
data\raw\Epic and CSCR hospital Dataset\Train\notumor\1664.jpg,notumor
data\raw\Epic and CSCR hospital Dataset\Train\glioma\G_779_SP_.jpg,glioma
data\raw\Epic and CSCR hospital Dataset\Train\glioma\G_798_SP_.jpg,glioma
data\raw\Epic and CSCR hospital Dataset\Train\notumor\Tr-no_0303.jpg,notumor
data\raw\Epic and CSCR hospital Dataset\Train\glioma\G_880_SP_.jpg,glioma
data\raw\Epic and CSCR hospital Dataset\Train\pituitary\P_71_BR_.jpg,pituitary
data\raw\Epic and CSCR hospital Dataset\Train\glioma\Tr-gl_0353.jpg,glioma
data\raw\Epic and CSCR hospital Dataset\Train\glioma\G_782_HF_.jpg,glioma
data\raw\Epic and CSCR hospital Dataset\Train\pituitary\p (595).jpg,pituitary
data\raw\Epic and CSCR hospital Dataset\Train\glioma\Te-gl_0119.jpg,glioma
data\raw\Epic and CSCR hospital Dataset\Train\pituitary\P_740_DA_.jpg,pituitary
data\raw\Epic and CSCR hospital Dataset\Train\meningioma\Tr-me_0250.jpg,meningioma
data\raw\Epic and CSCR hospital Dataset\Train\meningioma\m3 (168).jpg,meningioma
data\raw\Epic and CSCR hospital Dataset\Train\glioma\gg (456).jpg,glioma
data\raw\Epic and CSCR hospital Dataset\Train\glioma\Tr-gl_0510.jpg,glioma
data\raw\Epic and CSCR hospital Dataset\Train\glioma\G_843_VF_.jpg,glioma
data\raw\Epic and CSCR hospital Dataset\Train\meningioma\M_871_DA_.jpg,meningioma
data\raw\Epic and CSCR hospital Dataset\Train\glioma\Te-gl_0205.jpg,glioma
data\raw\Epic and CSCR hospital Dataset\Train\meningioma\M_828_VF_.jpg,meningioma
data\raw\Epic and CSCR hospital Dataset\Train\glioma\G_883_SP_.jpg,glioma
data\raw\Epic and CSCR hospital Dataset\Train\pituitary\P_743.jpg,pituitary
data\raw\Epic and CSCR hospital Dataset\Train\glioma\G_745_DA_.jpg,glioma
data\raw\Epic and CSCR hospital Dataset\Train\pituitary\Tr-pi_1021.jpg,pituitary
data\raw\Epic and CSCR hospital Dataset\Train\pituitary\p (598).jpg,pituitary
data\raw\Epic and CSCR hospital Dataset\Train\pituitary\P_787_DA_.jpg,pituitary
data\raw\Epic and CSCR hospital Dataset\Train\meningioma\Tr-me_0155.jpg,meningioma
data\raw\Epic and CSCR hospital Dataset\Train\notumor\Te-no_0304.jpg,notumor
data\raw\Epic and CSCR hospital Dataset\Train\notumor\N_386_DA_.jpg,notumor
data\raw\Epic and CSCR hospital Dataset\Train\meningioma\M_851_HF_.jpg,meningioma
data\raw\Epic and CSCR hospital Dataset\Train\glioma\Tr-gl_0540.jpg,glioma
data\raw\Epic and CSCR hospital Dataset\Train\notumor\Tr-no_0376.jpg,notumor
data\raw\Epic and CSCR hospital Dataset\Train\pituitary\P_706_RO_.jpg,pituitary
data\raw\Epic and CSCR hospital Dataset\Train\glioma\G_780_VF_.jpg,glioma
data\raw\Epic and CSCR hospital Dataset\Train\glioma\G_736_BR_.jpg,glioma
data\raw\Epic and CSCR hospital Dataset\Train\glioma\G_88_DA_.jpg,glioma
data\raw\Epic and CSCR hospital Dataset\Train\meningioma\M_856_RO_.jpg,meningioma
data\raw\Epic and CSCR hospital Dataset\Train\glioma\G_727_VF_.jpg,glioma
data\raw\Epic and CSCR hospital Dataset\Train\notumor\1621.jpg,notumor
data\raw\Epic and CSCR hospital Dataset\Train\glioma\G_811.jpg,glioma
data\raw\Epic and CSCR hospital Dataset\Train\notumor\Te-no_0245.jpg,notumor
data\raw\Epic and CSCR hospital Dataset\Train\glioma\Tr-gl_1218.jpg,glioma
data\raw\Epic and CSCR hospital Dataset\Train\glioma\G_873_RO_.jpg,glioma
data\raw\Epic and CSCR hospital Dataset\Train\pituitary\P_70_VF_.jpg,pituitary
data\raw\Epic and CSCR hospital Dataset\Train\glioma\G_738_HF_.jpg,glioma
data\raw\Epic and CSCR hospital Dataset\Train\glioma\Te-gl_0207.jpg,glioma
data\raw\Epic and CSCR hospital Dataset\Train\pituitary\Tr-pi_1324.jpg,pituitary
data\raw\Epic and CSCR hospital Dataset\Train\glioma\G_838_VF_.jpg,glioma
data\raw\Epic and CSCR hospital Dataset\Train\glioma\G_861.jpg,glioma
data\raw\Epic and CSCR hospital Dataset\Train\glioma\Tr-gl_0164.jpg,glioma
data\raw\Epic and CSCR hospital Dataset\Train\meningioma\Tr-me_1210.jpg,meningioma
data\raw\Epic and CSCR hospital Dataset\Train\glioma\gg (645).jpg,glioma
data\raw\Epic and CSCR hospital Dataset\Train\glioma\Te-gl_0217.jpg,glioma
data\raw\Epic and CSCR hospital Dataset\Train\notumor\N_401_VF_.jpg,notumor
data\raw\Epic and CSCR hospital Dataset\Train\glioma\G_820_DA_.jpg,glioma
data\raw\Epic and CSCR hospital Dataset\Train\notumor\Tr-no_0675.jpg,notumor
data\raw\Epic and CSCR hospital Dataset\Train\notumor\N_390_DA_.jpg,notumor
data\raw\Epic and CSCR hospital Dataset\Train\notumor\Tr-no_0269.jpg,notumor
data\raw\Epic and CSCR hospital Dataset\Train\glioma\gg (422).jpg,glioma
data\raw\Epic and CSCR hospital Dataset\Train\glioma\G_834_DA_.jpg,glioma
data\raw\Epic and CSCR hospital Dataset\Train\meningioma\M_836_BR_.jpg,meningioma
data\raw\Epic and CSCR hospital Dataset\Train\glioma\Tr-gl_1147.jpg,glioma
data\raw\Epic and CSCR hospital Dataset\Train\meningioma\M_835_BR_.jpg,meningioma
data\raw\Epic and CSCR hospital Dataset\Train\pituitary\P_799_RO_.jpg,pituitary
data\raw\Epic and CSCR hospital Dataset\Train\pituitary\Tr-pi_1087.jpg,pituitary
data\raw\Epic and CSCR hospital Dataset\Train\glioma\G_883_VF_.jpg,glioma
data\raw\Epic and CSCR hospital Dataset\Train\glioma\gg (406).jpg,glioma
data\raw\Epic and CSCR hospital Dataset\Train\meningioma\Tr-me_1045.jpg,meningioma
data\raw\Epic and CSCR hospital Dataset\Train\pituitary\P_745_DA_.jpg,pituitary
data\raw\Epic and CSCR hospital Dataset\Train\glioma\Te-gl_0260.jpg,glioma
data\raw\Epic and CSCR hospital Dataset\Train\glioma\G_819_HF_.jpg,glioma
data\raw\Epic and CSCR hospital Dataset\Train\meningioma\Tr-me_0325.jpg,meningioma
data\raw\Epic and CSCR hospital Dataset\Train\pituitary\Tr-pi_0158.jpg,pituitary
data\raw\Epic and CSCR hospital Dataset\Train\pituitary\Tr-pi_0283.jpg,pituitary
data\raw\Epic and CSCR hospital Dataset\Train\notumor\Tr-no_0512.jpg,notumor
data\raw\Epic and CSCR hospital Dataset\Train\meningioma\1363.jpg,meningioma
data\raw\Epic and CSCR hospital Dataset\Train\glioma\Te-gl_0159.jpg,glioma
data\raw\Epic and CSCR hospital Dataset\Train\glioma\gg (620).jpg,glioma
data\raw\Epic and CSCR hospital Dataset\Train\notumor\N_438_RO_.jpg,notumor
data\raw\Epic and CSCR hospital Dataset\Train\glioma\G_809_HF_.jpg,glioma
data\raw\Epic and CSCR hospital Dataset\Train\pituitary\P_719.jpg,pituitary
data\raw\Epic and CSCR hospital Dataset\Train\notumor\Te-no_0129.jpg,notumor
data\raw\Epic and CSCR hospital Dataset\Train\glioma\Tr-gl_0868.jpg,glioma
data\raw\Epic and CSCR hospital Dataset\Train\glioma\G_751_RO_.jpg,glioma
data\raw\Epic and CSCR hospital Dataset\Train\glioma\G_753_DA_.jpg,glioma
data\raw\Epic and CSCR hospital Dataset\Train\glioma\gg (554).jpg,glioma
data\raw\Epic and CSCR hospital Dataset\Train\glioma\Tr-gl_0818.jpg,glioma
data\raw\Epic and CSCR hospital Dataset\Train\notumor\Tr-no_0203.jpg,notumor
data\raw\Epic and CSCR hospital Dataset\Train\pituitary\P_823_HF_.jpg,pituitary
data\raw\Epic and CSCR hospital Dataset\Train\glioma\Tr-gl_0624.jpg,glioma
data\raw\Epic and CSCR hospital Dataset\Train\glioma\gg (630).jpg,glioma
data\raw\Epic and CSCR hospital Dataset\Train\glioma\Tr-gl_0634.jpg,glioma
data\raw\Epic and CSCR hospital Dataset\Train\glioma\G_837_DA_.jpg,glioma
data\raw\Epic and CSCR hospital Dataset\Train\pituitary\Tr-pi_0778.jpg,pituitary
data\raw\Epic and CSCR hospital Dataset\Train\pituitary\P_752_BR_.jpg,pituitary
data\raw\Epic and CSCR hospital Dataset\Train\meningioma\Tr-me_1169.jpg,meningioma
data\raw\Epic and CSCR hospital Dataset\Train\meningioma\Tr-me_1108.jpg,meningioma
data\raw\Epic and CSCR hospital Dataset\Train\glioma\Tr-gl_0823.jpg,glioma
data\raw\Epic and CSCR hospital Dataset\Train\meningioma\Tr-me_0279.jpg,meningioma
data\raw\Epic and CSCR hospital Dataset\Train\glioma\Tr-gl_0892.jpg,glioma
data\raw\Epic and CSCR hospital Dataset\Train\meningioma\Tr-me_0160.jpg,meningioma
data\raw\Epic and CSCR hospital Dataset\Train\pituitary\P_758_SP_.jpg,pituitary
data\raw\Epic and CSCR hospital Dataset\Train\meningioma\Tr-me_1032.jpg,meningioma
data\raw\Epic and CSCR hospital Dataset\Train\glioma\G_808_BR_.jpg,glioma
data\raw\Epic and CSCR hospital Dataset\Train\meningioma\1404.jpg,meningioma
data\raw\Epic and CSCR hospital Dataset\Train\notumor\1605.jpg,notumor
data\raw\Epic and CSCR hospital Dataset\Train\glioma\gg (603).jpg,glioma
data\raw\Epic and CSCR hospital Dataset\Train\meningioma\Tr-me_1098.jpg,meningioma
data\raw\Epic and CSCR hospital Dataset\Train\meningioma\m1(82).jpg,meningioma
data\raw\Epic and CSCR hospital Dataset\Train\meningioma\Tr-me_1136.jpg,meningioma
data\raw\Epic and CSCR hospital Dataset\Train\glioma\G_731_VF_.jpg,glioma
data\raw\Epic and CSCR hospital Dataset\Train\meningioma\Tr-me_0622.jpg,meningioma
data\raw\Epic and CSCR hospital Dataset\Train\meningioma\M_857_SP_.jpg,meningioma
data\raw\Epic and CSCR hospital Dataset\Train\pituitary\P_71_HF_.jpg,pituitary
data\raw\Epic and CSCR hospital Dataset\Train\meningioma\M_868.jpg,meningioma
data\raw\Epic and CSCR hospital Dataset\Train\pituitary\P_792.jpg,pituitary
data\raw\Epic and CSCR hospital Dataset\Train\pituitary\Tr-pi_1182.jpg,pituitary
data\raw\Epic and CSCR hospital Dataset\Train\meningioma\Te-me_0289.jpg,meningioma
data\raw\Epic and CSCR hospital Dataset\Train\glioma\Tr-gl_1039.jpg,glioma
data\raw\Epic and CSCR hospital Dataset\Train\glioma\G_839_VF_.jpg,glioma
data\raw\Epic and CSCR hospital Dataset\Train\pituitary\P_753_BR_.jpg,pituitary
data\raw\Epic and CSCR hospital Dataset\Train\meningioma\M_881_RO_.jpg,meningioma
data\raw\Epic and CSCR hospital Dataset\Train\pituitary\Te-pi_0123.jpg,pituitary
data\raw\Epic and CSCR hospital Dataset\Train\meningioma\m1(89).jpg,meningioma
data\raw\Epic and CSCR hospital Dataset\Train\meningioma\M_883_VF_.jpg,meningioma
data\raw\Epic and CSCR hospital Dataset\Train\pituitary\P_785_HF_.jpg,pituitary
data\raw\Epic and CSCR hospital Dataset\Train\glioma\G_746_BR_.jpg,glioma
data\raw\Epic and CSCR hospital Dataset\Train\glioma\G_805_DA_.jpg,glioma
data\raw\Epic and CSCR hospital Dataset\Train\meningioma\Tr-me_1011.jpg,meningioma
data\raw\Epic and CSCR hospital Dataset\Train\pituitary\P_822_RO_.jpg,pituitary
data\raw\Epic and CSCR hospital Dataset\Train\notumor\1788.jpg,notumor
data\raw\Epic and CSCR hospital Dataset\Train\glioma\gg (503).jpg,glioma
data\raw\Epic and CSCR hospital Dataset\Train\glioma\G_747_HF_.jpg,glioma
data\raw\Epic and CSCR hospital Dataset\Train\glioma\G_756_HF_.jpg,glioma
data\raw\Epic and CSCR hospital Dataset\Train\glioma\G_878_RO_.jpg,glioma
data\raw\Epic and CSCR hospital Dataset\Train\glioma\Tr-gl_0871.jpg,glioma
data\raw\Epic and CSCR hospital Dataset\Train\glioma\G_845_RO_.jpg,glioma
data\raw\Epic and CSCR hospital Dataset\Train\glioma\image(15).jpg,glioma
data\raw\Epic and CSCR hospital Dataset\Train\meningioma\Te-me_0147.jpg,meningioma
data\raw\Epic and CSCR hospital Dataset\Train\meningioma\1412.jpg,meningioma
data\raw\Epic and CSCR hospital Dataset\Train\meningioma\Tr-me_1229.jpg,meningioma
data\raw\Epic and CSCR hospital Dataset\Train\notumor\Tr-no_0470.jpg,notumor
data\raw\Epic and CSCR hospital Dataset\Train\notumor\N_39_DA_.jpg,notumor
data\raw\Epic and CSCR hospital Dataset\Train\meningioma\M_821.jpg,meningioma
data\raw\Epic and CSCR hospital Dataset\Train\meningioma\Tr-me_0866.jpg,meningioma
data\raw\Epic and CSCR hospital Dataset\Train\pituitary\P_818_SP_.jpg,pituitary
data\raw\Epic and CSCR hospital Dataset\Train\glioma\G_823_HF_.jpg,glioma
data\raw\Epic and CSCR hospital Dataset\Train\pituitary\P_838_DA_.jpg,pituitary
data\raw\Epic and CSCR hospital Dataset\Train\notumor\1617.jpg,notumor
data\raw\Epic and CSCR hospital Dataset\Train\glioma\G_848_DA_.jpg,glioma
data\raw\Epic and CSCR hospital Dataset\Train\meningioma\Tr-me_1298.jpg,meningioma
data\raw\Epic and CSCR hospital Dataset\Train\meningioma\M_828.jpg,meningioma
data\raw\Epic and CSCR hospital Dataset\Train\pituitary\Tr-pi_0215.jpg,pituitary
data\raw\Epic and CSCR hospital Dataset\Train\notumor\1644.jpg,notumor
data\raw\Epic and CSCR hospital Dataset\Train\glioma\G_815.jpg,glioma
data\raw\Epic and CSCR hospital Dataset\Train\glioma\G_737_BR_.jpg,glioma
data\raw\Epic and CSCR hospital Dataset\Train\pituitary\Tr-pi_0256.jpg,pituitary
data\raw\Epic and CSCR hospital Dataset\Train\pituitary\P_811_HF_.jpg,pituitary
data\raw\Epic and CSCR hospital Dataset\Train\notumor\Te-no_0074.jpg,notumor
data\raw\Epic and CSCR hospital Dataset\Train\pituitary\p (506).jpg,pituitary
data\raw\Epic and CSCR hospital Dataset\Train\glioma\G_815_DA_.jpg,glioma
data\raw\Epic and CSCR hospital Dataset\Train\pituitary\p (523).jpg,pituitary
data\raw\Epic and CSCR hospital Dataset\Train\glioma\G_884_DA_.jpg,glioma
data\raw\Epic and CSCR hospital Dataset\Train\notumor\Tr-no_0598.jpg,notumor
data\raw\Epic and CSCR hospital Dataset\Train\pituitary\P_794_VF_.jpg,pituitary
data\raw\Epic and CSCR hospital Dataset\Train\pituitary\P_817_RO_.jpg,pituitary
data\raw\Epic and CSCR hospital Dataset\Train\glioma\G_881_VF_.jpg,glioma
data\raw\Epic and CSCR hospital Dataset\Train\pituitary\Tr-pi_0573.jpg,pituitary
data\raw\Epic and CSCR hospital Dataset\Train\pituitary\Tr-pi_1173.jpg,pituitary
data\raw\Epic and CSCR hospital Dataset\Train\meningioma\Tr-me_0952.jpg,meningioma
data\raw\Epic and CSCR hospital Dataset\Train\pituitary\P_840_SP_.jpg,pituitary
data\raw\Epic and CSCR hospital Dataset\Train\glioma\gg (604).jpg,glioma
data\raw\Epic and CSCR hospital Dataset\Train\notumor\Te-no_0306.jpg,notumor
data\raw\Epic and CSCR hospital Dataset\Train\glioma\G_869_HF_.jpg,glioma
data\raw\Epic and CSCR hospital Dataset\Train\glioma\Tr-gl_1098.jpg,glioma
data\raw\Epic and CSCR hospital Dataset\Train\pituitary\Tr-pi_1369.jpg,pituitary
data\raw\Epic and CSCR hospital Dataset\Train\glioma\G_784_DA_.jpg,glioma
data\raw\Epic and CSCR hospital Dataset\Train\glioma\Tr-gl_0854.jpg,glioma
data\raw\Epic and CSCR hospital Dataset\Train\pituitary\P_783_RO_.jpg,pituitary
data\raw\Epic and CSCR hospital Dataset\Train\pituitary\Te-pi_0049.jpg,pituitary
data\raw\Epic and CSCR hospital Dataset\Train\pituitary\P_815_RO_.jpg,pituitary
data\raw\Epic and CSCR hospital Dataset\Train\glioma\Tr-gl_0470.jpg,glioma
data\raw\Epic and CSCR hospital Dataset\Train\glioma\Tr-gl_1183.jpg,glioma
data\raw\Epic and CSCR hospital Dataset\Train\pituitary\Tr-pi_1207.jpg,pituitary
data\raw\Epic and CSCR hospital Dataset\Train\glioma\Tr-gl_1134.jpg,glioma
data\raw\Epic and CSCR hospital Dataset\Train\glioma\G_889_BR_.jpg,glioma
data\raw\Epic and CSCR hospital Dataset\Train\notumor\N_396_SP_.jpg,notumor
data\raw\Epic and CSCR hospital Dataset\Train\pituitary\Tr-pi_0196.jpg,pituitary
data\raw\Epic and CSCR hospital Dataset\Train\glioma\G_757_BR_.jpg,glioma
data\raw\Epic and CSCR hospital Dataset\Train\glioma\Tr-gl_1212.jpg,glioma
data\raw\Epic and CSCR hospital Dataset\Train\glioma\G_749_SP_.jpg,glioma
data\raw\Epic and CSCR hospital Dataset\Train\meningioma\Tr-me_0198.jpg,meningioma
data\raw\Epic and CSCR hospital Dataset\Train\glioma\Tr-gl_1047.jpg,glioma
data\raw\Epic and CSCR hospital Dataset\Train\pituitary\Tr-pi_0048.jpg,pituitary
data\raw\Epic and CSCR hospital Dataset\Train\meningioma\Tr-me_0088.jpg,meningioma
data\raw\Epic and CSCR hospital Dataset\Train\pituitary\Tr-pi_1267.jpg,pituitary
data\raw\Epic and CSCR hospital Dataset\Train\glioma\G_770_VF_.jpg,glioma
data\raw\Epic and CSCR hospital Dataset\Train\glioma\G_821_BR_.jpg,glioma
data\raw\Epic and CSCR hospital Dataset\Train\glioma\G_817_BR_.jpg,glioma
data\raw\Epic and CSCR hospital Dataset\Train\glioma\G_710_DA_.jpg,glioma
data\raw\Epic and CSCR hospital Dataset\Train\glioma\G_854_DA_.jpg,glioma
data\raw\Epic and CSCR hospital Dataset\Train\meningioma\Te-me_0258.jpg,meningioma
data\raw\Epic and CSCR hospital Dataset\Train\meningioma\m3 (137).jpg,meningioma
data\raw\Epic and CSCR hospital Dataset\Train\glioma\G_818_BR_.jpg,glioma
data\raw\Epic and CSCR hospital Dataset\Train\pituitary\P_799_SP_.jpg,pituitary
data\raw\Epic and CSCR hospital Dataset\Train\meningioma\M_832_HF_.jpg,meningioma
data\raw\Epic and CSCR hospital Dataset\Train\meningioma\Tr-me_1189.jpg,meningioma
data\raw\Epic and CSCR hospital Dataset\Train\notumor\Te-no_0167.jpg,notumor
data\raw\Epic and CSCR hospital Dataset\Train\meningioma\M_859_RO_.jpg,meningioma
data\raw\Epic and CSCR hospital Dataset\Train\notumor\1844.jpg,notumor
data\raw\Epic and CSCR hospital Dataset\Train\pituitary\Te-pi_0204.jpg,pituitary
data\raw\Epic and CSCR hospital Dataset\Train\pituitary\Tr-pi_0202.jpg,pituitary
data\raw\Epic and CSCR hospital Dataset\Train\meningioma\Te-me_0301.jpg,meningioma
data\raw\Epic and CSCR hospital Dataset\Train\pituitary\P_767_BR_.jpg,pituitary
data\raw\Epic and CSCR hospital Dataset\Train\glioma\Tr-gl_0125.jpg,glioma
data\raw\Epic and CSCR hospital Dataset\Train\glioma\G_729_BR_.jpg,glioma
data\raw\Epic and CSCR hospital Dataset\Train\notumor\Tr-no_0281.jpg,notumor
data\raw\Epic and CSCR hospital Dataset\Train\glioma\Tr-gl_1220.jpg,glioma
data\raw\Epic and CSCR hospital Dataset\Train\meningioma\Tr-me_0872.jpg,meningioma
data\raw\Epic and CSCR hospital Dataset\Train\pituitary\P_76_VF_.jpg,pituitary
data\raw\Epic and CSCR hospital Dataset\Train\glioma\gg (374).jpg,glioma
data\raw\Epic and CSCR hospital Dataset\Train\pituitary\Tr-pi_1399.jpg,pituitary
data\raw\Epic and CSCR hospital Dataset\Train\meningioma\Tr-me_1248.jpg,meningioma
data\raw\Epic and CSCR hospital Dataset\Train\pituitary\P_839_BR_.jpg,pituitary
data\raw\Epic and CSCR hospital Dataset\Train\notumor\N_400_DA_.jpg,notumor
data\raw\Epic and CSCR hospital Dataset\Train\notumor\Tr-no_0634.jpg,notumor
data\raw\Epic and CSCR hospital Dataset\Train\meningioma\m2 (59).jpg,meningioma
data\raw\Epic and CSCR hospital Dataset\Train\meningioma\m2 (142).jpg,meningioma
data\raw\Epic and CSCR hospital Dataset\Train\notumor\Tr-no_0574.jpg,notumor
data\raw\Epic and CSCR hospital Dataset\Train\pituitary\Tr-pi_0609.jpg,pituitary
data\raw\Epic and CSCR hospital Dataset\Train\glioma\Tr-gl_0163.jpg,glioma
data\raw\Epic and CSCR hospital Dataset\Train\pituitary\P_730_SP_.jpg,pituitary
data\raw\Epic and CSCR hospital Dataset\Train\glioma\G_807_BR_.jpg,glioma
data\raw\Epic and CSCR hospital Dataset\Train\meningioma\Tr-me_0280.jpg,meningioma
data\raw\Epic and CSCR hospital Dataset\Train\glioma\gg (470).jpg,glioma
data\raw\Epic and CSCR hospital Dataset\Train\glioma\Te-gl_0204.jpg,glioma
data\raw\Epic and CSCR hospital Dataset\Train\notumor\N_422_HF_.jpg,notumor
data\raw\Epic and CSCR hospital Dataset\Train\glioma\G_724_VF_.jpg,glioma
data\raw\Epic and CSCR hospital Dataset\Train\glioma\Tr-gl_0317.jpg,glioma
data\raw\Epic and CSCR hospital Dataset\Train\pituitary\P_777_VF_.jpg,pituitary
data\raw\Epic and CSCR hospital Dataset\Train\glioma\Tr-gl_1019.jpg,glioma
data\raw\Epic and CSCR hospital Dataset\Train\glioma\gg (557).jpg,glioma
data\raw\Epic and CSCR hospital Dataset\Train\glioma\Te-gl_0171.jpg,glioma
data\raw\Epic and CSCR hospital Dataset\Train\glioma\G_807_SP_.jpg,glioma
data\raw\Epic and CSCR hospital Dataset\Train\glioma\G_737_DA_.jpg,glioma
data\raw\Epic and CSCR hospital Dataset\Train\glioma\G_744_SP_.jpg,glioma
data\raw\Epic and CSCR hospital Dataset\Train\pituitary\P_842_VF_.jpg,pituitary
data\raw\Epic and CSCR hospital Dataset\Train\notumor\Tr-no_0093.jpg,notumor
data\raw\Epic and CSCR hospital Dataset\Train\glioma\image(87).jpg,glioma
data\raw\Epic and CSCR hospital Dataset\Train\meningioma\M_831_RO_.jpg,meningioma
data\raw\Epic and CSCR hospital Dataset\Train\meningioma\M_826_BR_.jpg,meningioma
data\raw\Epic and CSCR hospital Dataset\Train\meningioma\M_870_DA_.jpg,meningioma
data\raw\Epic and CSCR hospital Dataset\Train\glioma\G_758_VF_.jpg,glioma
data\raw\Epic and CSCR hospital Dataset\Train\meningioma\Tr-me_0830.jpg,meningioma
data\raw\Epic and CSCR hospital Dataset\Train\pituitary\Tr-pi_0780.jpg,pituitary
data\raw\Epic and CSCR hospital Dataset\Train\pituitary\P_819_HF_.jpg,pituitary
data\raw\Epic and CSCR hospital Dataset\Train\notumor\Tr-no_0384.jpg,notumor
data\raw\Epic and CSCR hospital Dataset\Train\glioma\Tr-gl_0196.jpg,glioma
data\raw\Epic and CSCR hospital Dataset\Train\glioma\G_778_BR_.jpg,glioma
data\raw\Epic and CSCR hospital Dataset\Train\pituitary\P_770_VF_.jpg,pituitary
data\raw\Epic and CSCR hospital Dataset\Train\meningioma\Tr-me_1300.jpg,meningioma
data\raw\Epic and CSCR hospital Dataset\Train\glioma\Tr-gl_1003.jpg,glioma
data\raw\Epic and CSCR hospital Dataset\Train\notumor\N_402_HF_.jpg,notumor
data\raw\Epic and CSCR hospital Dataset\Train\glioma\Te-gl_0236.jpg,glioma
data\raw\Epic and CSCR hospital Dataset\Train\pituitary\Tr-pi_0584.jpg,pituitary
data\raw\Epic and CSCR hospital Dataset\Train\glioma\G_886_BR_.jpg,glioma
data\raw\Epic and CSCR hospital Dataset\Train\glioma\G_811_VF_.jpg,glioma
data\raw\Epic and CSCR hospital Dataset\Train\notumor\N_435_DA_.jpg,notumor
data\raw\Epic and CSCR hospital Dataset\Train\glioma\Tr-gl_0412.jpg,glioma
data\raw\Epic and CSCR hospital Dataset\Train\glioma\Tr-gl_1026.jpg,glioma
data\raw\Epic and CSCR hospital Dataset\Train\glioma\G_873_HF_.jpg,glioma
data\raw\Epic and CSCR hospital Dataset\Train\glioma\Te-gl_0153.jpg,glioma
data\raw\Epic and CSCR hospital Dataset\Train\glioma\gg (549).jpg,glioma
data\raw\Epic and CSCR hospital Dataset\Train\pituitary\Tr-pi_1406.jpg,pituitary
data\raw\Epic and CSCR hospital Dataset\Train\pituitary\p (557).jpg,pituitary
data\raw\Epic and CSCR hospital Dataset\Train\pituitary\P_783_SP_.jpg,pituitary
data\raw\Epic and CSCR hospital Dataset\Train\glioma\G_831_BR_.jpg,glioma
data\raw\Epic and CSCR hospital Dataset\Train\meningioma\Tr-me_0193.jpg,meningioma
data\raw\Epic and CSCR hospital Dataset\Train\pituitary\Tr-pi_1401.jpg,pituitary
data\raw\Epic and CSCR hospital Dataset\Train\pituitary\P_815_BR_.jpg,pituitary
data\raw\Epic and CSCR hospital Dataset\Train\meningioma\Te-me_0177.jpg,meningioma
data\raw\Epic and CSCR hospital Dataset\Train\glioma\Tr-gl_1008.jpg,glioma
data\raw\Epic and CSCR hospital Dataset\Train\notumor\Te-no_0158.jpg,notumor
data\raw\Epic and CSCR hospital Dataset\Train\glioma\Tr-gl_0159.jpg,glioma
data\raw\Epic and CSCR hospital Dataset\Train\glioma\G_717_VF_.jpg,glioma
data\raw\Epic and CSCR hospital Dataset\Train\glioma\G_731.jpg,glioma
data\raw\Epic and CSCR hospital Dataset\Train\notumor\N_411.jpg,notumor
data\raw\Epic and CSCR hospital Dataset\Train\pituitary\P_791_VF_.jpg,pituitary
data\raw\Epic and CSCR hospital Dataset\Train\glioma\G_884_HF_.jpg,glioma
data\raw\Epic and CSCR hospital Dataset\Train\pituitary\P_726_VF_.jpg,pituitary
data\raw\Epic and CSCR hospital Dataset\Train\notumor\Te-no_0176.jpg,notumor
data\raw\Epic and CSCR hospital Dataset\Train\glioma\G_744_HF_.jpg,glioma
data\raw\Epic and CSCR hospital Dataset\Train\meningioma\1446.jpg,meningioma
data\raw\Epic and CSCR hospital Dataset\Train\notumor\Tr-no_0397.jpg,notumor
data\raw\Epic and CSCR hospital Dataset\Train\pituitary\P_804_SP_.jpg,pituitary
data\raw\Epic and CSCR hospital Dataset\Train\notumor\N_39_BR_.jpg,notumor
data\raw\Epic and CSCR hospital Dataset\Train\glioma\G_885_DA_.jpg,glioma
data\raw\Epic and CSCR hospital Dataset\Train\meningioma\Tr-me_0996.jpg,meningioma
data\raw\Epic and CSCR hospital Dataset\Train\meningioma\Te-me_0297.jpg,meningioma
data\raw\Epic and CSCR hospital Dataset\Train\pituitary\Tr-pi_0280.jpg,pituitary
data\raw\Epic and CSCR hospital Dataset\Train\meningioma\Te-me_0213.jpg,meningioma
data\raw\Epic and CSCR hospital Dataset\Train\meningioma\m2 (69).jpg,meningioma
data\raw\Epic and CSCR hospital Dataset\Train\glioma\Tr-gl_0407.jpg,glioma
data\raw\Epic and CSCR hospital Dataset\Train\meningioma\M_862_BR_.jpg,meningioma
data\raw\Epic and CSCR hospital Dataset\Train\meningioma\m2 (84).jpg,meningioma
data\raw\Epic and CSCR hospital Dataset\Train\pituitary\Tr-pi_0151.jpg,pituitary
data\raw\Epic and CSCR hospital Dataset\Train\meningioma\M_856_HF_.jpg,meningioma
data\raw\Epic and CSCR hospital Dataset\Train\meningioma\M_840_RO_.jpg,meningioma
data\raw\Epic and CSCR hospital Dataset\Train\pituitary\P_737.jpg,pituitary
data\raw\Epic and CSCR hospital Dataset\Train\pituitary\P_794_HF_.jpg,pituitary
data\raw\Epic and CSCR hospital Dataset\Train\notumor\Tr-no_0377.jpg,notumor
data\raw\Epic and CSCR hospital Dataset\Train\glioma\Tr-gl_0130.jpg,glioma
data\raw\Epic and CSCR hospital Dataset\Train\notumor\N_423_VF_.jpg,notumor
data\raw\Epic and CSCR hospital Dataset\Train\pituitary\Tr-pi_0122.jpg,pituitary
data\raw\Epic and CSCR hospital Dataset\Train\notumor\Tr-no_0631.jpg,notumor
data\raw\Epic and CSCR hospital Dataset\Train\meningioma\M_860_RO_.jpg,meningioma
data\raw\Epic and CSCR hospital Dataset\Train\notumor\Tr-no_0602.jpg,notumor
data\raw\Epic and CSCR hospital Dataset\Train\notumor\image(146) - Copy.jpg,notumor
data\raw\Epic and CSCR hospital Dataset\Train\meningioma\1355.jpg,meningioma
data\raw\Epic and CSCR hospital Dataset\Train\pituitary\P_793_SP_.jpg,pituitary
data\raw\Epic and CSCR hospital Dataset\Train\meningioma\m3 (135).jpg,meningioma
data\raw\Epic and CSCR hospital Dataset\Train\meningioma\Tr-me_1295.jpg,meningioma
data\raw\Epic and CSCR hospital Dataset\Train\meningioma\M_840_HF_.jpg,meningioma
data\raw\Epic and CSCR hospital Dataset\Train\pituitary\Tr-pi_1153.jpg,pituitary
data\raw\Epic and CSCR hospital Dataset\Train\pituitary\P_713_SP_.jpg,pituitary
data\raw\Epic and CSCR hospital Dataset\Train\pituitary\p (561).jpg,pituitary
data\raw\Epic and CSCR hospital Dataset\Train\glioma\G_826_DA_.jpg,glioma
data\raw\Epic and CSCR hospital Dataset\Train\glioma\Tr-gl_0385.jpg,glioma
data\raw\Epic and CSCR hospital Dataset\Train\notumor\N_380_RO_.jpg,notumor
data\raw\Epic and CSCR hospital Dataset\Train\notumor\Te-no_0254.jpg,notumor
data\raw\Epic and CSCR hospital Dataset\Train\pituitary\P_812_VF_.jpg,pituitary
data\raw\Epic and CSCR hospital Dataset\Train\pituitary\P_760_DA_.jpg,pituitary
data\raw\Epic and CSCR hospital Dataset\Train\glioma\G_756_BR_.jpg,glioma
data\raw\Epic and CSCR hospital Dataset\Train\pituitary\Te-pi_0203.jpg,pituitary
data\raw\Epic and CSCR hospital Dataset\Train\meningioma\M_892_BR_.jpg,meningioma
data\raw\Epic and CSCR hospital Dataset\Train\glioma\G_886_DA_.jpg,glioma
data\raw\Epic and CSCR hospital Dataset\Train\notumor\1691.jpg,notumor
data\raw\Epic and CSCR hospital Dataset\Train\meningioma\Tr-me_0962.jpg,meningioma
data\raw\Epic and CSCR hospital Dataset\Train\glioma\G_753.jpg,glioma
data\raw\Epic and CSCR hospital Dataset\Train\glioma\Tr-gl_1024.jpg,glioma
data\raw\Epic and CSCR hospital Dataset\Train\meningioma\Tr-me_0978.jpg,meningioma
data\raw\Epic and CSCR hospital Dataset\Train\glioma\Tr-gl_0191.jpg,glioma
data\raw\Epic and CSCR hospital Dataset\Train\glioma\Tr-gl_1014.jpg,glioma
data\raw\Epic and CSCR hospital Dataset\Train\glioma\image(76).jpg,glioma
data\raw\Epic and CSCR hospital Dataset\Train\glioma\Te-gl_0249.jpg,glioma
data\raw\Epic and CSCR hospital Dataset\Train\pituitary\P_802_SP_.jpg,pituitary
data\raw\Epic and CSCR hospital Dataset\Train\notumor\Tr-no_0442.jpg,notumor
data\raw\Epic and CSCR hospital Dataset\Train\glioma\G_757_DA_.jpg,glioma
data\raw\Epic and CSCR hospital Dataset\Train\pituitary\P_728_VF_.jpg,pituitary
data\raw\Epic and CSCR hospital Dataset\Train\glioma\gg (576).jpg,glioma
data\raw\Epic and CSCR hospital Dataset\Train\pituitary\P_773_HF_.jpg,pituitary
data\raw\Epic and CSCR hospital Dataset\Train\glioma\G_711_SP_.jpg,glioma
data\raw\Epic and CSCR hospital Dataset\Train\pituitary\Tr-pi_1203.jpg,pituitary
data\raw\Epic and CSCR hospital Dataset\Train\meningioma\Te-me_0284.jpg,meningioma
data\raw\Epic and CSCR hospital Dataset\Train\notumor\N_419_DA_.jpg,notumor
data\raw\Epic and CSCR hospital Dataset\Train\meningioma\Te-me_0299.jpg,meningioma
data\raw\Epic and CSCR hospital Dataset\Train\notumor\Te-no_0165.jpg,notumor
data\raw\Epic and CSCR hospital Dataset\Train\pituitary\Tr-pi_1299.jpg,pituitary
data\raw\Epic and CSCR hospital Dataset\Train\pituitary\Te-pi_0040.jpg,pituitary
data\raw\Epic and CSCR hospital Dataset\Train\glioma\Tr-gl_0232.jpg,glioma
data\raw\Epic and CSCR hospital Dataset\Train\glioma\G_856_VF_.jpg,glioma
data\raw\Epic and CSCR hospital Dataset\Train\glioma\Tr-gl_1152.jpg,glioma
data\raw\Epic and CSCR hospital Dataset\Train\meningioma\Tr-me_1152.jpg,meningioma
data\raw\Epic and CSCR hospital Dataset\Train\meningioma\M_826_HF_.jpg,meningioma
data\raw\Epic and CSCR hospital Dataset\Train\pituitary\P_79_RO_.jpg,pituitary
data\raw\Epic and CSCR hospital Dataset\Train\glioma\Tr-gl_0389.jpg,glioma
data\raw\Epic and CSCR hospital Dataset\Train\glioma\Tr-gl_1102.jpg,glioma
data\raw\Epic and CSCR hospital Dataset\Train\glioma\Tr-gl_1081.jpg,glioma
data\raw\Epic and CSCR hospital Dataset\Train\glioma\gg (499).jpg,glioma
data\raw\Epic and CSCR hospital Dataset\Train\meningioma\m2 (105).jpg,meningioma
data\raw\Epic and CSCR hospital Dataset\Train\glioma\Tr-gl_0560.jpg,glioma
data\raw\Epic and CSCR hospital Dataset\Train\notumor\N_402.jpg,notumor
data\raw\Epic and CSCR hospital Dataset\Train\notumor\N_368_DA_.jpg,notumor
data\raw\Epic and CSCR hospital Dataset\Train\meningioma\M_837_HF_.jpg,meningioma
data\raw\Epic and CSCR hospital Dataset\Train\meningioma\m1(97).jpg,meningioma
data\raw\Epic and CSCR hospital Dataset\Train\glioma\gg (469).jpg,glioma
data\raw\Epic and CSCR hospital Dataset\Train\notumor\N_396_HF_.jpg,notumor
data\raw\Epic and CSCR hospital Dataset\Train\meningioma\M_867_HF_.jpg,meningioma
data\raw\Epic and CSCR hospital Dataset\Train\notumor\N_44_SP_.jpg,notumor
data\raw\Epic and CSCR hospital Dataset\Train\pituitary\Te-pi_0105.jpg,pituitary
data\raw\Epic and CSCR hospital Dataset\Train\meningioma\M_873.jpg,meningioma
data\raw\Epic and CSCR hospital Dataset\Train\notumor\1773.jpg,notumor
data\raw\Epic and CSCR hospital Dataset\Train\meningioma\m1(70).jpg,meningioma
data\raw\Epic and CSCR hospital Dataset\Train\pituitary\P_754.jpg,pituitary
data\raw\Epic and CSCR hospital Dataset\Train\notumor\N_431_HF_.jpg,notumor
data\raw\Epic and CSCR hospital Dataset\Train\notumor\Te-no_0214.jpg,notumor
data\raw\Epic and CSCR hospital Dataset\Train\glioma\G_777_BR_.jpg,glioma
data\raw\Epic and CSCR hospital Dataset\Train\pituitary\P_720_HF_.jpg,pituitary
data\raw\Epic and CSCR hospital Dataset\Train\pituitary\Tr-pi_0652.jpg,pituitary
data\raw\Epic and CSCR hospital Dataset\Train\pituitary\P_835_SP_.jpg,pituitary
data\raw\Epic and CSCR hospital Dataset\Train\glioma\Tr-gl_0988.jpg,glioma
data\raw\Epic and CSCR hospital Dataset\Train\notumor\Tr-no_0029.jpg,notumor
data\raw\Epic and CSCR hospital Dataset\Train\notumor\N_419_BR_.jpg,notumor
data\raw\Epic and CSCR hospital Dataset\Train\pituitary\Tr-pi_1012.jpg,pituitary
data\raw\Epic and CSCR hospital Dataset\Train\meningioma\M_835_SP_.jpg,meningioma
data\raw\Epic and CSCR hospital Dataset\Train\meningioma\Tr-me_1026.jpg,meningioma
data\raw\Epic and CSCR hospital Dataset\Train\glioma\gg (485).jpg,glioma
data\raw\Epic and CSCR hospital Dataset\Train\pituitary\Tr-pi_1315.jpg,pituitary
data\raw\Epic and CSCR hospital Dataset\Train\glioma\Tr-gl_0529.jpg,glioma
data\raw\Epic and CSCR hospital Dataset\Train\meningioma\Tr-me_1030.jpg,meningioma
data\raw\Epic and CSCR hospital Dataset\Train\meningioma\Tr-me_1297.jpg,meningioma
data\raw\Epic and CSCR hospital Dataset\Train\pituitary\P_746_DA_.jpg,pituitary
data\raw\Epic and CSCR hospital Dataset\Train\meningioma\m3 (101).jpg,meningioma
data\raw\Epic and CSCR hospital Dataset\Train\glioma\G_885_HF_.jpg,glioma
data\raw\Epic and CSCR hospital Dataset\Train\pituitary\Tr-pi_0532.jpg,pituitary
data\raw\Epic and CSCR hospital Dataset\Train\pituitary\P_823_VF_.jpg,pituitary
data\raw\Epic and CSCR hospital Dataset\Train\pituitary\P_715_HF_.jpg,pituitary
data\raw\Epic and CSCR hospital Dataset\Train\notumor\10 no.jpg,notumor
data\raw\Epic and CSCR hospital Dataset\Train\glioma\G_86_HF_.jpg,glioma
data\raw\Epic and CSCR hospital Dataset\Train\pituitary\p (501).jpg,pituitary
data\raw\Epic and CSCR hospital Dataset\Train\glioma\Tr-gl_0901.jpg,glioma
data\raw\Epic and CSCR hospital Dataset\Train\glioma\Tr-gl_0966.jpg,glioma
data\raw\Epic and CSCR hospital Dataset\Train\pituitary\P_795_BR_.jpg,pituitary
data\raw\Epic and CSCR hospital Dataset\Train\meningioma\Tr-me_0149.jpg,meningioma
data\raw\Epic and CSCR hospital Dataset\Train\glioma\gg (607).jpg,glioma
data\raw\Epic and CSCR hospital Dataset\Train\glioma\Te-gl_0186.jpg,glioma
data\raw\Epic and CSCR hospital Dataset\Train\pituitary\Tr-pi_0650.jpg,pituitary
data\raw\Epic and CSCR hospital Dataset\Train\notumor\N_432_DA_.jpg,notumor
data\raw\Epic and CSCR hospital Dataset\Train\meningioma\Tr-me_0848.jpg,meningioma
data\raw\Epic and CSCR hospital Dataset\Train\notumor\No11.jpg,notumor
data\raw\Epic and CSCR hospital Dataset\Train\glioma\Tr-gl_0270.jpg,glioma
data\raw\Epic and CSCR hospital Dataset\Train\pituitary\Te-pi_0196.jpg,pituitary
data\raw\Epic and CSCR hospital Dataset\Train\pituitary\P_803.jpg,pituitary
data\raw\Epic and CSCR hospital Dataset\Train\meningioma\M_858_DA_.jpg,meningioma
data\raw\Epic and CSCR hospital Dataset\Train\meningioma\m3 (138).jpg,meningioma
data\raw\Epic and CSCR hospital Dataset\Train\notumor\Te-no_0309.jpg,notumor
data\raw\Epic and CSCR hospital Dataset\Train\meningioma\Tr-me_1190.jpg,meningioma
data\raw\Epic and CSCR hospital Dataset\Train\meningioma\M_877_VF_.jpg,meningioma
data\raw\Epic and CSCR hospital Dataset\Train\glioma\gg (328).jpg,glioma
data\raw\Epic and CSCR hospital Dataset\Train\pituitary\P_822_SP_.jpg,pituitary
data\raw\Epic and CSCR hospital Dataset\Train\notumor\Te-no_0068.jpg,notumor
data\raw\Epic and CSCR hospital Dataset\Train\pituitary\Tr-pi_0128.jpg,pituitary
data\raw\Epic and CSCR hospital Dataset\Train\glioma\gg (62).jpg,glioma
data\raw\Epic and CSCR hospital Dataset\Train\pituitary\P_791_BR_.jpg,pituitary
data\raw\Epic and CSCR hospital Dataset\Train\glioma\G_852_RO_.jpg,glioma
data\raw\Epic and CSCR hospital Dataset\Train\pituitary\Te-pi_0052.jpg,pituitary
data\raw\Epic and CSCR hospital Dataset\Train\notumor\N_384_RO_.jpg,notumor
data\raw\Epic and CSCR hospital Dataset\Train\glioma\gg (568).jpg,glioma
data\raw\Epic and CSCR hospital Dataset\Train\meningioma\m2 (126).jpg,meningioma
data\raw\Epic and CSCR hospital Dataset\Train\glioma\gg (444).jpg,glioma
data\raw\Epic and CSCR hospital Dataset\Train\glioma\Tr-gl_1016.jpg,glioma
data\raw\Epic and CSCR hospital Dataset\Train\glioma\G_884_VF_.jpg,glioma
data\raw\Epic and CSCR hospital Dataset\Train\meningioma\Tr-me_0179.jpg,meningioma
data\raw\Epic and CSCR hospital Dataset\Train\meningioma\1441.jpg,meningioma
data\raw\Epic and CSCR hospital Dataset\Train\notumor\1770.jpg,notumor
data\raw\Epic and CSCR hospital Dataset\Train\meningioma\Tr-me_0915.jpg,meningioma
data\raw\Epic and CSCR hospital Dataset\Train\pituitary\Tr-pi_0208.jpg,pituitary
data\raw\Epic and CSCR hospital Dataset\Train\meningioma\Tr-me_0833.jpg,meningioma
data\raw\Epic and CSCR hospital Dataset\Train\meningioma\m3 (184).jpg,meningioma
data\raw\Epic and CSCR hospital Dataset\Train\glioma\G_773_RO_.jpg,glioma
data\raw\Epic and CSCR hospital Dataset\Train\glioma\G_760_HF_.jpg,glioma
data\raw\Epic and CSCR hospital Dataset\Train\notumor\N_374_DA_.jpg,notumor
data\raw\Epic and CSCR hospital Dataset\Train\meningioma\m1(87).jpg,meningioma
data\raw\Epic and CSCR hospital Dataset\Train\glioma\gg (429).jpg,glioma
data\raw\Epic and CSCR hospital Dataset\Train\meningioma\Tr-me_0891.jpg,meningioma
data\raw\Epic and CSCR hospital Dataset\Train\pituitary\Te-pi_0092.jpg,pituitary
data\raw\Epic and CSCR hospital Dataset\Train\pituitary\P_771_HF_.jpg,pituitary
data\raw\Epic and CSCR hospital Dataset\Train\notumor\Te-no_0269.jpg,notumor
data\raw\Epic and CSCR hospital Dataset\Train\meningioma\Tr-me_0908.jpg,meningioma
data\raw\Epic and CSCR hospital Dataset\Train\meningioma\m2 (135).jpg,meningioma
data\raw\Epic and CSCR hospital Dataset\Train\glioma\Tr-gl_0312.jpg,glioma
data\raw\Epic and CSCR hospital Dataset\Train\notumor\N_386_BR_.jpg,notumor
data\raw\Epic and CSCR hospital Dataset\Train\glioma\G_885_VF_.jpg,glioma
data\raw\Epic and CSCR hospital Dataset\Train\glioma\G_866_DA_.jpg,glioma
data\raw\Epic and CSCR hospital Dataset\Train\notumor\N_412_VF_.jpg,notumor
data\raw\Epic and CSCR hospital Dataset\Train\meningioma\Tr-me_0958.jpg,meningioma
data\raw\Epic and CSCR hospital Dataset\Train\pituitary\Tr-pi_1008.jpg,pituitary
data\raw\Epic and CSCR hospital Dataset\Train\glioma\Tr-gl_0391.jpg,glioma
data\raw\Epic and CSCR hospital Dataset\Train\notumor\Tr-no_0549.jpg,notumor
data\raw\Epic and CSCR hospital Dataset\Train\pituitary\P_786_RO_.jpg,pituitary
data\raw\Epic and CSCR hospital Dataset\Train\glioma\Tr-gl_0685.jpg,glioma
data\raw\Epic and CSCR hospital Dataset\Train\meningioma\Tr-me_0038.jpg,meningioma
data\raw\Epic and CSCR hospital Dataset\Train\notumor\N_409_BR_.jpg,notumor
data\raw\Epic and CSCR hospital Dataset\Train\meningioma\m1(43).jpg,meningioma
data\raw\Epic and CSCR hospital Dataset\Train\meningioma\M_877_HF_.jpg,meningioma
data\raw\Epic and CSCR hospital Dataset\Train\notumor\Tr-no_0556.jpg,notumor
data\raw\Epic and CSCR hospital Dataset\Train\pituitary\p (572).jpg,pituitary
data\raw\Epic and CSCR hospital Dataset\Train\notumor\N_399_DA_.jpg,notumor
data\raw\Epic and CSCR hospital Dataset\Train\meningioma\1364.jpg,meningioma
data\raw\Epic and CSCR hospital Dataset\Train\glioma\Tr-gl_0852.jpg,glioma
data\raw\Epic and CSCR hospital Dataset\Train\meningioma\Tr-me_1096.jpg,meningioma
data\raw\Epic and CSCR hospital Dataset\Train\glioma\Te-gl_0173.jpg,glioma
data\raw\Epic and CSCR hospital Dataset\Train\glioma\G_741_SP_.jpg,glioma
data\raw\Epic and CSCR hospital Dataset\Train\glioma\Tr-gl_1268.jpg,glioma
data\raw\Epic and CSCR hospital Dataset\Train\pituitary\P_746_HF_.jpg,pituitary
data\raw\Epic and CSCR hospital Dataset\Train\glioma\G_704_RO_.jpg,glioma
data\raw\Epic and CSCR hospital Dataset\Train\pituitary\P_789_RO_.jpg,pituitary
data\raw\Epic and CSCR hospital Dataset\Train\glioma\Tr-gl_0621.jpg,glioma
data\raw\Epic and CSCR hospital Dataset\Train\notumor\Tr-no_0411.jpg,notumor
data\raw\Epic and CSCR hospital Dataset\Train\pituitary\P_716_RO_.jpg,pituitary
data\raw\Epic and CSCR hospital Dataset\Train\pituitary\Te-pi_0031.jpg,pituitary
data\raw\Epic and CSCR hospital Dataset\Train\notumor\N_371_BR_.jpg,notumor
data\raw\Epic and CSCR hospital Dataset\Train\meningioma\m2 (152).jpg,meningioma
data\raw\Epic and CSCR hospital Dataset\Train\pituitary\Tr-pi_1042.jpg,pituitary
data\raw\Epic and CSCR hospital Dataset\Train\meningioma\m3 (146).jpg,meningioma
data\raw\Epic and CSCR hospital Dataset\Train\glioma\gg (489).jpg,glioma
data\raw\Epic and CSCR hospital Dataset\Train\meningioma\M_839.jpg,meningioma
data\raw\Epic and CSCR hospital Dataset\Train\pituitary\Tr-pi_1304.jpg,pituitary
data\raw\Epic and CSCR hospital Dataset\Train\glioma\Tr-gl_1269.jpg,glioma
data\raw\Epic and CSCR hospital Dataset\Train\glioma\Tr-gl_1139.jpg,glioma
data\raw\Epic and CSCR hospital Dataset\Train\notumor\Tr-no_0321.jpg,notumor
data\raw\Epic and CSCR hospital Dataset\Train\pituitary\P_82_BR_.jpg,pituitary
data\raw\Epic and CSCR hospital Dataset\Train\pituitary\Tr-pi_0143.jpg,pituitary
data\raw\Epic and CSCR hospital Dataset\Train\meningioma\M_824_BR_.jpg,meningioma
data\raw\Epic and CSCR hospital Dataset\Train\notumor\Tr-no_0238.jpg,notumor
data\raw\Epic and CSCR hospital Dataset\Train\glioma\G_850_HF_.jpg,glioma
data\raw\Epic and CSCR hospital Dataset\Train\pituitary\Tr-pi_0684.jpg,pituitary
data\raw\Epic and CSCR hospital Dataset\Train\meningioma\M_834_RO_.jpg,meningioma
data\raw\Epic and CSCR hospital Dataset\Train\glioma\G_754_HF_.jpg,glioma
data\raw\Epic and CSCR hospital Dataset\Train\meningioma\Tr-me_0080.jpg,meningioma
data\raw\Epic and CSCR hospital Dataset\Train\meningioma\Te-me_0176.jpg,meningioma
data\raw\Epic and CSCR hospital Dataset\Train\glioma\G_788_HF_.jpg,glioma
data\raw\Epic and CSCR hospital Dataset\Train\glioma\Tr-gl_0606.jpg,glioma
data\raw\Epic and CSCR hospital Dataset\Train\glioma\Tr-gl_0915.jpg,glioma
data\raw\Epic and CSCR hospital Dataset\Train\pituitary\P_783_HF_.jpg,pituitary
data\raw\Epic and CSCR hospital Dataset\Train\glioma\image(32).jpg,glioma
data\raw\Epic and CSCR hospital Dataset\Train\notumor\Tr-no_0547.jpg,notumor
data\raw\Epic and CSCR hospital Dataset\Train\glioma\G_747_BR_.jpg,glioma
data\raw\Epic and CSCR hospital Dataset\Train\notumor\Tr-no_0567.jpg,notumor
data\raw\Epic and CSCR hospital Dataset\Train\glioma\gg (614).jpg,glioma
data\raw\Epic and CSCR hospital Dataset\Train\glioma\gg (5).jpg,glioma
data\raw\Epic and CSCR hospital Dataset\Train\pituitary\p (602).jpg,pituitary
data\raw\Epic and CSCR hospital Dataset\Train\notumor\Tr-no_0181.jpg,notumor
data\raw\Epic and CSCR hospital Dataset\Train\glioma\Tr-gl_0459.jpg,glioma
data\raw\Epic and CSCR hospital Dataset\Train\notumor\N_392_BR_.jpg,notumor
data\raw\Epic and CSCR hospital Dataset\Train\pituitary\Tr-pi_0103.jpg,pituitary
data\raw\Epic and CSCR hospital Dataset\Train\pituitary\P_743_RO_.jpg,pituitary
data\raw\Epic and CSCR hospital Dataset\Train\pituitary\Tr-pi_0101.jpg,pituitary
data\raw\Epic and CSCR hospital Dataset\Train\pituitary\P_715_RO_.jpg,pituitary
data\raw\Epic and CSCR hospital Dataset\Train\glioma\G_818_DA_.jpg,glioma
data\raw\Epic and CSCR hospital Dataset\Train\meningioma\Tr-me_0171.jpg,meningioma
data\raw\Epic and CSCR hospital Dataset\Train\meningioma\M_829.jpg,meningioma
data\raw\Epic and CSCR hospital Dataset\Train\pituitary\P_774_DA_.jpg,pituitary
data\raw\Epic and CSCR hospital Dataset\Train\notumor\N_436_RO_.jpg,notumor
data\raw\Epic and CSCR hospital Dataset\Train\meningioma\Tr-me_0875.jpg,meningioma
data\raw\Epic and CSCR hospital Dataset\Train\notumor\N_387_BR_.jpg,notumor
data\raw\Epic and CSCR hospital Dataset\Train\glioma\Tr-gl_0637.jpg,glioma
data\raw\Epic and CSCR hospital Dataset\Train\notumor\N_378_VF_.jpg,notumor
data\raw\Epic and CSCR hospital Dataset\Train\notumor\image(163).jpg,notumor
data\raw\Epic and CSCR hospital Dataset\Train\meningioma\M_849_RO_.jpg,meningioma
data\raw\Epic and CSCR hospital Dataset\Train\meningioma\1427.jpg,meningioma
data\raw\Epic and CSCR hospital Dataset\Train\pituitary\P_782_DA_.jpg,pituitary
data\raw\Epic and CSCR hospital Dataset\Train\notumor\N_368_HF_.jpg,notumor
data\raw\Epic and CSCR hospital Dataset\Train\notumor\N_4_VF_.jpg,notumor
data\raw\Epic and CSCR hospital Dataset\Train\notumor\N_39_RO_.jpg,notumor
data\raw\Epic and CSCR hospital Dataset\Train\notumor\N_402_VF_.jpg,notumor
data\raw\Epic and CSCR hospital Dataset\Train\notumor\N_407_RO_.jpg,notumor
data\raw\Epic and CSCR hospital Dataset\Train\notumor\1794.jpg,notumor
data\raw\Epic and CSCR hospital Dataset\Train\notumor\N_404_SP_.jpg,notumor
data\raw\Epic and CSCR hospital Dataset\Train\glioma\G_752_SP_.jpg,glioma
data\raw\Epic and CSCR hospital Dataset\Train\pituitary\p (519).jpg,pituitary
data\raw\Epic and CSCR hospital Dataset\Train\meningioma\m1(98).jpg,meningioma
data\raw\Epic and CSCR hospital Dataset\Train\glioma\Te-gl_0290.jpg,glioma
data\raw\Epic and CSCR hospital Dataset\Train\glioma\gg (601).jpg,glioma
data\raw\Epic and CSCR hospital Dataset\Train\pituitary\Te-pi_0194.jpg,pituitary
data\raw\Epic and CSCR hospital Dataset\Train\notumor\1712.jpg,notumor
data\raw\Epic and CSCR hospital Dataset\Train\meningioma\Te-me_0223.jpg,meningioma
data\raw\Epic and CSCR hospital Dataset\Train\glioma\Tr-gl_0474.jpg,glioma
data\raw\Epic and CSCR hospital Dataset\Train\pituitary\Tr-pi_1260.jpg,pituitary
data\raw\Epic and CSCR hospital Dataset\Train\meningioma\Tr-me_0157.jpg,meningioma
data\raw\Epic and CSCR hospital Dataset\Train\notumor\Tr-no_0486.jpg,notumor
data\raw\Epic and CSCR hospital Dataset\Train\pituitary\P_774_BR_.jpg,pituitary
data\raw\Epic and CSCR hospital Dataset\Train\glioma\Tr-gl_0408.jpg,glioma
data\raw\Epic and CSCR hospital Dataset\Train\notumor\Te-no_0159.jpg,notumor
data\raw\Epic and CSCR hospital Dataset\Train\glioma\gg (487).jpg,glioma
data\raw\Epic and CSCR hospital Dataset\Train\meningioma\1312.jpg,meningioma
data\raw\Epic and CSCR hospital Dataset\Train\glioma\G_759.jpg,glioma
data\raw\Epic and CSCR hospital Dataset\Train\pituitary\Tr-pi_0593.jpg,pituitary
data\raw\Epic and CSCR hospital Dataset\Train\notumor\1684.jpg,notumor
data\raw\Epic and CSCR hospital Dataset\Train\meningioma\Tr-me_1159.jpg,meningioma
data\raw\Epic and CSCR hospital Dataset\Train\pituitary\P_757_VF_.jpg,pituitary
data\raw\Epic and CSCR hospital Dataset\Train\notumor\N_46_SP_.jpg,notumor
data\raw\Epic and CSCR hospital Dataset\Train\glioma\Tr-gl_0434.jpg,glioma
data\raw\Epic and CSCR hospital Dataset\Train\pituitary\Te-pi_0074.jpg,pituitary
data\raw\Epic and CSCR hospital Dataset\Train\pituitary\Tr-pi_1170.jpg,pituitary
data\raw\Epic and CSCR hospital Dataset\Train\pituitary\Tr-pi_1014.jpg,pituitary
data\raw\Epic and CSCR hospital Dataset\Train\meningioma\Tr-me_0150.jpg,meningioma
data\raw\Epic and CSCR hospital Dataset\Train\pituitary\P_715.jpg,pituitary
data\raw\Epic and CSCR hospital Dataset\Train\glioma\gg (466).jpg,glioma
data\raw\Epic and CSCR hospital Dataset\Train\pituitary\Tr-pi_0198.jpg,pituitary
data\raw\Epic and CSCR hospital Dataset\Train\meningioma\Tr-me_0247.jpg,meningioma
data\raw\Epic and CSCR hospital Dataset\Train\pituitary\P_792_VF_.jpg,pituitary
data\raw\Epic and CSCR hospital Dataset\Train\glioma\G_809_SP_.jpg,glioma
data\raw\Epic and CSCR hospital Dataset\Train\pituitary\Te-pi_0144.jpg,pituitary
data\raw\Epic and CSCR hospital Dataset\Train\notumor\N_424_SP_.jpg,notumor
data\raw\Epic and CSCR hospital Dataset\Train\pituitary\P_763_DA_.jpg,pituitary
data\raw\Epic and CSCR hospital Dataset\Train\meningioma\Tr-me_0954.jpg,meningioma
data\raw\Epic and CSCR hospital Dataset\Train\pituitary\P_810_DA_.jpg,pituitary
data\raw\Epic and CSCR hospital Dataset\Train\glioma\image(13).jpg,glioma
data\raw\Epic and CSCR hospital Dataset\Train\glioma\G_719_HF_.jpg,glioma
data\raw\Epic and CSCR hospital Dataset\Train\glioma\Tr-gl_0843.jpg,glioma
data\raw\Epic and CSCR hospital Dataset\Train\notumor\Tr-no_0427.jpg,notumor
data\raw\Epic and CSCR hospital Dataset\Train\meningioma\M_879_RO_.jpg,meningioma
data\raw\Epic and CSCR hospital Dataset\Train\pituitary\Te-pi_0178.jpg,pituitary
data\raw\Epic and CSCR hospital Dataset\Train\notumor\1837.jpg,notumor
data\raw\Epic and CSCR hospital Dataset\Train\notumor\N_385_HF_.jpg,notumor
data\raw\Epic and CSCR hospital Dataset\Train\meningioma\Tr-me_0275.jpg,meningioma
data\raw\Epic and CSCR hospital Dataset\Train\glioma\Tr-gl_0505.jpg,glioma
data\raw\Epic and CSCR hospital Dataset\Train\notumor\Tr-no_0378.jpg,notumor
data\raw\Epic and CSCR hospital Dataset\Train\glioma\gg (380).jpg,glioma
data\raw\Epic and CSCR hospital Dataset\Train\notumor\N_371.jpg,notumor
data\raw\Epic and CSCR hospital Dataset\Train\meningioma\Tr-me_0906.jpg,meningioma
data\raw\Epic and CSCR hospital Dataset\Train\glioma\Tr-gl_0141.jpg,glioma
data\raw\Epic and CSCR hospital Dataset\Train\pituitary\p (507).jpg,pituitary
data\raw\Epic and CSCR hospital Dataset\Train\pituitary\P_712_SP_.jpg,pituitary
data\raw\Epic and CSCR hospital Dataset\Train\pituitary\P_733_SP_.jpg,pituitary
data\raw\Epic and CSCR hospital Dataset\Train\glioma\G_738_RO_.jpg,glioma
data\raw\Epic and CSCR hospital Dataset\Train\pituitary\Tr-pi_1084.jpg,pituitary
data\raw\Epic and CSCR hospital Dataset\Train\meningioma\1326.jpg,meningioma
data\raw\Epic and CSCR hospital Dataset\Train\glioma\G_775_HF_.jpg,glioma
data\raw\Epic and CSCR hospital Dataset\Train\notumor\Tr-no_0673.jpg,notumor
data\raw\Epic and CSCR hospital Dataset\Train\glioma\Tr-gl_0282.jpg,glioma
data\raw\Epic and CSCR hospital Dataset\Train\pituitary\P_765_SP_.jpg,pituitary
data\raw\Epic and CSCR hospital Dataset\Train\glioma\Tr-gl_0918.jpg,glioma
data\raw\Epic and CSCR hospital Dataset\Train\glioma\Tr-gl_0184.jpg,glioma
data\raw\Epic and CSCR hospital Dataset\Train\glioma\G_709_VF_.jpg,glioma
data\raw\Epic and CSCR hospital Dataset\Train\glioma\Tr-gl_0896.jpg,glioma
data\raw\Epic and CSCR hospital Dataset\Train\pituitary\Tr-pi_1115.jpg,pituitary
data\raw\Epic and CSCR hospital Dataset\Train\notumor\Tr-no_0536.jpg,notumor
data\raw\Epic and CSCR hospital Dataset\Train\glioma\Te-gl_0261.jpg,glioma
data\raw\Epic and CSCR hospital Dataset\Train\pituitary\Tr-pi_1128.jpg,pituitary
data\raw\Epic and CSCR hospital Dataset\Train\notumor\Te-no_0091.jpg,notumor
data\raw\Epic and CSCR hospital Dataset\Train\pituitary\P_751_BR_.jpg,pituitary
data\raw\Epic and CSCR hospital Dataset\Train\glioma\Te-gl_0223.jpg,glioma
data\raw\Epic and CSCR hospital Dataset\Train\notumor\N_376_VF_.jpg,notumor
data\raw\Epic and CSCR hospital Dataset\Train\notumor\Te-no_0160.jpg,notumor
data\raw\Epic and CSCR hospital Dataset\Train\pituitary\Tr-pi_0956.jpg,pituitary
data\raw\Epic and CSCR hospital Dataset\Train\glioma\gg (646).jpg,glioma
data\raw\Epic and CSCR hospital Dataset\Train\pituitary\Tr-pi_0798.jpg,pituitary
data\raw\Epic and CSCR hospital Dataset\Train\glioma\G_814_BR_.jpg,glioma
data\raw\Epic and CSCR hospital Dataset\Train\notumor\N_372_RO_.jpg,notumor
data\raw\Epic and CSCR hospital Dataset\Train\meningioma\Tr-me_1247.jpg,meningioma
data\raw\Epic and CSCR hospital Dataset\Train\pituitary\P_813_BR_.jpg,pituitary
data\raw\Epic and CSCR hospital Dataset\Train\pituitary\Tr-pi_0285.jpg,pituitary
data\raw\Epic and CSCR hospital Dataset\Train\pituitary\Tr-pi_0644.jpg,pituitary
data\raw\Epic and CSCR hospital Dataset\Train\notumor\image(177).jpg,notumor
data\raw\Epic and CSCR hospital Dataset\Train\pituitary\p (537).jpg,pituitary
data\raw\Epic and CSCR hospital Dataset\Train\pituitary\P_790_DA_.jpg,pituitary
data\raw\Epic and CSCR hospital Dataset\Train\glioma\G_721_SP_.jpg,glioma
data\raw\Epic and CSCR hospital Dataset\Train\glioma\Tr-gl_1088.jpg,glioma
data\raw\Epic and CSCR hospital Dataset\Train\pituitary\P_842_SP_.jpg,pituitary
data\raw\Epic and CSCR hospital Dataset\Train\glioma\G_863_HF_.jpg,glioma
data\raw\Epic and CSCR hospital Dataset\Train\glioma\gg (613).jpg,glioma
data\raw\Epic and CSCR hospital Dataset\Train\glioma\Te-gl_0093.jpg,glioma
data\raw\Epic and CSCR hospital Dataset\Train\meningioma\M_853_DA_.jpg,meningioma
data\raw\Epic and CSCR hospital Dataset\Train\glioma\Tr-gl_0464.jpg,glioma
data\raw\Epic and CSCR hospital Dataset\Train\notumor\1861.jpg,notumor
data\raw\Epic and CSCR hospital Dataset\Train\glioma\G_836_DA_.jpg,glioma
data\raw\Epic and CSCR hospital Dataset\Train\notumor\1872.jpg,notumor
data\raw\Epic and CSCR hospital Dataset\Train\notumor\N_424.jpg,notumor
data\raw\Epic and CSCR hospital Dataset\Train\notumor\Te-no_0252.jpg,notumor
data\raw\Epic and CSCR hospital Dataset\Train\pituitary\Tr-pi_0530.jpg,pituitary
data\raw\Epic and CSCR hospital Dataset\Train\notumor\1721.jpg,notumor
data\raw\Epic and CSCR hospital Dataset\Train\meningioma\M_882_HF_.jpg,meningioma
data\raw\Epic and CSCR hospital Dataset\Train\meningioma\m3 (120).jpg,meningioma
data\raw\Epic and CSCR hospital Dataset\Train\pituitary\Tr-pi_1247.jpg,pituitary
data\raw\Epic and CSCR hospital Dataset\Train\glioma\Tr-gl_1159.jpg,glioma
data\raw\Epic and CSCR hospital Dataset\Train\pituitary\P_715_SP_.jpg,pituitary
data\raw\Epic and CSCR hospital Dataset\Train\notumor\Tr-no_0551.jpg,notumor
data\raw\Epic and CSCR hospital Dataset\Train\glioma\Te-gl_0111.jpg,glioma
data\raw\Epic and CSCR hospital Dataset\Train\notumor\N_399_SP_.jpg,notumor
data\raw\Epic and CSCR hospital Dataset\Train\pituitary\P_748_BR_.jpg,pituitary
data\raw\Epic and CSCR hospital Dataset\Train\glioma\Tr-gl_0506.jpg,glioma
data\raw\Epic and CSCR hospital Dataset\Train\notumor\Tr-no_0544.jpg,notumor
data\raw\Epic and CSCR hospital Dataset\Train\notumor\Tr-no_0418.jpg,notumor
data\raw\Epic and CSCR hospital Dataset\Train\pituitary\Te-pi_0176.jpg,pituitary
data\raw\Epic and CSCR hospital Dataset\Train\pituitary\P_77_VF_.jpg,pituitary
data\raw\Epic and CSCR hospital Dataset\Train\meningioma\M_872_DA_.jpg,meningioma
data\raw\Epic and CSCR hospital Dataset\Train\pituitary\Tr-pi_0633.jpg,pituitary
data\raw\Epic and CSCR hospital Dataset\Train\glioma\G_876_SP_.jpg,glioma
data\raw\Epic and CSCR hospital Dataset\Train\glioma\G_827.jpg,glioma
data\raw\Epic and CSCR hospital Dataset\Train\pituitary\P_829_DA_.jpg,pituitary
data\raw\Epic and CSCR hospital Dataset\Train\glioma\G_776_RO_.jpg,glioma
data\raw\Epic and CSCR hospital Dataset\Train\glioma\G_86.jpg,glioma
data\raw\Epic and CSCR hospital Dataset\Train\notumor\1726.jpg,notumor
data\raw\Epic and CSCR hospital Dataset\Train\notumor\N_422_BR_.jpg,notumor
data\raw\Epic and CSCR hospital Dataset\Train\pituitary\P_775_SP_.jpg,pituitary
data\raw\Epic and CSCR hospital Dataset\Train\pituitary\Tr-pi_0214.jpg,pituitary
data\raw\Epic and CSCR hospital Dataset\Train\glioma\gg (492).jpg,glioma
data\raw\Epic and CSCR hospital Dataset\Train\notumor\20 no.jpg,notumor
data\raw\Epic and CSCR hospital Dataset\Train\pituitary\P_817_HF_.jpg,pituitary
data\raw\Epic and CSCR hospital Dataset\Train\glioma\G_741_DA_.jpg,glioma
data\raw\Epic and CSCR hospital Dataset\Train\notumor\N_390_VF_.jpg,notumor
data\raw\Epic and CSCR hospital Dataset\Train\glioma\G_767_BR_.jpg,glioma
data\raw\Epic and CSCR hospital Dataset\Train\meningioma\Tr-me_1056.jpg,meningioma
data\raw\Epic and CSCR hospital Dataset\Train\meningioma\m3 (117).jpg,meningioma
data\raw\Epic and CSCR hospital Dataset\Train\glioma\G_853_HF_.jpg,glioma
data\raw\Epic and CSCR hospital Dataset\Train\meningioma\Tr-me_1198.jpg,meningioma
data\raw\Epic and CSCR hospital Dataset\Train\notumor\Te-no_0136.jpg,notumor
data\raw\Epic and CSCR hospital Dataset\Train\meningioma\Tr-me_0911.jpg,meningioma
data\raw\Epic and CSCR hospital Dataset\Train\glioma\Tr-gl_0934.jpg,glioma
data\raw\Epic and CSCR hospital Dataset\Train\meningioma\M_882.jpg,meningioma
data\raw\Epic and CSCR hospital Dataset\Train\glioma\G_844_RO_.jpg,glioma
data\raw\Epic and CSCR hospital Dataset\Train\pituitary\P_744_VF_.jpg,pituitary
data\raw\Epic and CSCR hospital Dataset\Train\pituitary\P_827_RO_.jpg,pituitary
data\raw\Epic and CSCR hospital Dataset\Train\glioma\G_732_BR_.jpg,glioma
data\raw\Epic and CSCR hospital Dataset\Train\meningioma\Tr-me_0987.jpg,meningioma
data\raw\Epic and CSCR hospital Dataset\Train\glioma\Tr-gl_0499.jpg,glioma
data\raw\Epic and CSCR hospital Dataset\Train\notumor\Tr-no_0478.jpg,notumor
data\raw\Epic and CSCR hospital Dataset\Train\notumor\N_413.jpg,notumor
data\raw\Epic and CSCR hospital Dataset\Train\meningioma\M_877_DA_.jpg,meningioma
data\raw\Epic and CSCR hospital Dataset\Train\pituitary\P_73.jpg,pituitary
data\raw\Epic and CSCR hospital Dataset\Train\pituitary\P_746_SP_.jpg,pituitary
data\raw\Epic and CSCR hospital Dataset\Train\glioma\gg (619).jpg,glioma
data\raw\Epic and CSCR hospital Dataset\Train\glioma\image(77).jpg,glioma
data\raw\Epic and CSCR hospital Dataset\Train\meningioma\Te-me_0142.jpg,meningioma
data\raw\Epic and CSCR hospital Dataset\Train\glioma\G_854_SP_.jpg,glioma
data\raw\Epic and CSCR hospital Dataset\Train\meningioma\M_862_DA_.jpg,meningioma
data\raw\Epic and CSCR hospital Dataset\Train\notumor\N_416_SP_.jpg,notumor
data\raw\Epic and CSCR hospital Dataset\Train\glioma\Te-gl_0288.jpg,glioma
data\raw\Epic and CSCR hospital Dataset\Train\notumor\N_414_RO_.jpg,notumor
data\raw\Epic and CSCR hospital Dataset\Train\glioma\Tr-gl_0803.jpg,glioma
data\raw\Epic and CSCR hospital Dataset\Train\glioma\Tr-gl_0484.jpg,glioma
data\raw\Epic and CSCR hospital Dataset\Train\glioma\G_733.jpg,glioma
data\raw\Epic and CSCR hospital Dataset\Train\notumor\Tr-no_0515.jpg,notumor
data\raw\Epic and CSCR hospital Dataset\Train\notumor\Tr-no_0304.jpg,notumor
data\raw\Epic and CSCR hospital Dataset\Train\notumor\Tr-no_0599.jpg,notumor
data\raw\Epic and CSCR hospital Dataset\Train\glioma\G_793_RO_.jpg,glioma
data\raw\Epic and CSCR hospital Dataset\Train\notumor\Tr-no_0085.jpg,notumor
data\raw\Epic and CSCR hospital Dataset\Train\notumor\Tr-no_0072.jpg,notumor
data\raw\Epic and CSCR hospital Dataset\Train\pituitary\P_73_DA_.jpg,pituitary
data\raw\Epic and CSCR hospital Dataset\Train\pituitary\Tr-pi_1217.jpg,pituitary
data\raw\Epic and CSCR hospital Dataset\Train\glioma\G_861_SP_.jpg,glioma
data\raw\Epic and CSCR hospital Dataset\Train\pituitary\Tr-pi_0284.jpg,pituitary
data\raw\Epic and CSCR hospital Dataset\Train\pituitary\P_813_SP_.jpg,pituitary
data\raw\Epic and CSCR hospital Dataset\Train\glioma\G_762_RO_.jpg,glioma
data\raw\Epic and CSCR hospital Dataset\Train\glioma\gg (326).jpg,glioma
data\raw\Epic and CSCR hospital Dataset\Train\meningioma\Tr-me_0216.jpg,meningioma
data\raw\Epic and CSCR hospital Dataset\Train\meningioma\Tr-me_1048.jpg,meningioma
data\raw\Epic and CSCR hospital Dataset\Train\pituitary\P_793.jpg,pituitary
data\raw\Epic and CSCR hospital Dataset\Train\pituitary\P_750_BR_.jpg,pituitary
data\raw\Epic and CSCR hospital Dataset\Train\glioma\Tr-gl_0610.jpg,glioma
data\raw\Epic and CSCR hospital Dataset\Train\notumor\1767.jpg,notumor
data\raw\Epic and CSCR hospital Dataset\Train\glioma\Tr-gl_0441.jpg,glioma
data\raw\Epic and CSCR hospital Dataset\Train\pituitary\P_754_RO_.jpg,pituitary
data\raw\Epic and CSCR hospital Dataset\Train\meningioma\M_823_BR_.jpg,meningioma
data\raw\Epic and CSCR hospital Dataset\Train\glioma\G_721_BR_.jpg,glioma
data\raw\Epic and CSCR hospital Dataset\Train\meningioma\M_867_SP_.jpg,meningioma
data\raw\Epic and CSCR hospital Dataset\Train\glioma\Tr-gl_0605.jpg,glioma
data\raw\Epic and CSCR hospital Dataset\Train\notumor\1623.jpg,notumor
data\raw\Epic and CSCR hospital Dataset\Train\notumor\Tr-no_0430.jpg,notumor
data\raw\Epic and CSCR hospital Dataset\Train\pituitary\Tr-pi_0119.jpg,pituitary
data\raw\Epic and CSCR hospital Dataset\Train\meningioma\Tr-me_0901.jpg,meningioma
data\raw\Epic and CSCR hospital Dataset\Train\pituitary\Tr-pi_1361.jpg,pituitary
data\raw\Epic and CSCR hospital Dataset\Train\meningioma\Tr-me_0268.jpg,meningioma
data\raw\Epic and CSCR hospital Dataset\Train\pituitary\P_761_HF_.jpg,pituitary
data\raw\Epic and CSCR hospital Dataset\Train\pituitary\Tr-pi_0270.jpg,pituitary
data\raw\Epic and CSCR hospital Dataset\Train\pituitary\Tr-pi_1017.jpg,pituitary
data\raw\Epic and CSCR hospital Dataset\Train\meningioma\Tr-me_0286.jpg,meningioma
data\raw\Epic and CSCR hospital Dataset\Train\meningioma\Tr-me_0334.jpg,meningioma
data\raw\Epic and CSCR hospital Dataset\Train\notumor\Te-no_0144.jpg,notumor
data\raw\Epic and CSCR hospital Dataset\Train\pituitary\Tr-pi_0154.jpg,pituitary
data\raw\Epic and CSCR hospital Dataset\Train\pituitary\Tr-pi_0766.jpg,pituitary
data\raw\Epic and CSCR hospital Dataset\Train\notumor\Tr-no_0306.jpg,notumor
data\raw\Epic and CSCR hospital Dataset\Train\meningioma\M_884_DA_.jpg,meningioma
data\raw\Epic and CSCR hospital Dataset\Train\meningioma\m3 (126).jpg,meningioma
data\raw\Epic and CSCR hospital Dataset\Train\meningioma\M_864_BR_.jpg,meningioma
data\raw\Epic and CSCR hospital Dataset\Train\glioma\Tr-gl_0902.jpg,glioma
data\raw\Epic and CSCR hospital Dataset\Train\glioma\G_846_BR_.jpg,glioma
data\raw\Epic and CSCR hospital Dataset\Train\notumor\Te-no_0368.jpg,notumor
data\raw\Epic and CSCR hospital Dataset\Train\pituitary\Te-pi_0048.jpg,pituitary
data\raw\Epic and CSCR hospital Dataset\Train\glioma\Tr-gl_0224.jpg,glioma
data\raw\Epic and CSCR hospital Dataset\Train\notumor\Tr-no_0262.jpg,notumor
data\raw\Epic and CSCR hospital Dataset\Train\pituitary\Tr-pi_0790.jpg,pituitary
data\raw\Epic and CSCR hospital Dataset\Train\meningioma\Tr-me_1007.jpg,meningioma
data\raw\Epic and CSCR hospital Dataset\Train\pituitary\P_796_HF_.jpg,pituitary
data\raw\Epic and CSCR hospital Dataset\Train\notumor\N_37_SP_.jpg,notumor
data\raw\Epic and CSCR hospital Dataset\Train\meningioma\Tr-me_0206.jpg,meningioma
data\raw\Epic and CSCR hospital Dataset\Train\pituitary\Tr-pi_0628.jpg,pituitary
data\raw\Epic and CSCR hospital Dataset\Train\meningioma\M_841.jpg,meningioma
data\raw\Epic and CSCR hospital Dataset\Train\pituitary\Tr-pi_1296.jpg,pituitary
data\raw\Epic and CSCR hospital Dataset\Train\glioma\G_860_SP_.jpg,glioma
data\raw\Epic and CSCR hospital Dataset\Train\meningioma\m3 (176).jpg,meningioma
data\raw\Epic and CSCR hospital Dataset\Train\pituitary\P_801_RO_.jpg,pituitary
data\raw\Epic and CSCR hospital Dataset\Train\meningioma\Tr-me_0931.jpg,meningioma
data\raw\Epic and CSCR hospital Dataset\Train\glioma\G_869.jpg,glioma
data\raw\Epic and CSCR hospital Dataset\Train\pituitary\Te-pi_0091.jpg,pituitary
data\raw\Epic and CSCR hospital Dataset\Train\glioma\G_768_DA_.jpg,glioma
data\raw\Epic and CSCR hospital Dataset\Train\glioma\G_821_SP_.jpg,glioma
data\raw\Epic and CSCR hospital Dataset\Train\notumor\N_379_SP_.jpg,notumor
data\raw\Epic and CSCR hospital Dataset\Train\notumor\N_411_BR_.jpg,notumor
data\raw\Epic and CSCR hospital Dataset\Train\pituitary\P_722_HF_.jpg,pituitary
data\raw\Epic and CSCR hospital Dataset\Train\glioma\G_720_HF_.jpg,glioma
data\raw\Epic and CSCR hospital Dataset\Train\notumor\N_369.jpg,notumor
data\raw\Epic and CSCR hospital Dataset\Train\meningioma\m2 (150).jpg,meningioma
data\raw\Epic and CSCR hospital Dataset\Train\notumor\N_406_SP_.jpg,notumor
data\raw\Epic and CSCR hospital Dataset\Train\notumor\Te-no_0285.jpg,notumor
data\raw\Epic and CSCR hospital Dataset\Train\glioma\G_793_SP_.jpg,glioma
data\raw\Epic and CSCR hospital Dataset\Train\glioma\Tr-gl_0443.jpg,glioma
data\raw\Epic and CSCR hospital Dataset\Train\pituitary\P_826_BR_.jpg,pituitary
data\raw\Epic and CSCR hospital Dataset\Train\pituitary\P_778_VF_.jpg,pituitary
data\raw\Epic and CSCR hospital Dataset\Train\notumor\1858.jpg,notumor
data\raw\Epic and CSCR hospital Dataset\Train\glioma\G_813_DA_.jpg,glioma
data\raw\Epic and CSCR hospital Dataset\Train\pituitary\P_729_DA_.jpg,pituitary
data\raw\Epic and CSCR hospital Dataset\Train\notumor\N_415_RO_.jpg,notumor
data\raw\Epic and CSCR hospital Dataset\Train\notumor\Tr-no_0186.jpg,notumor
data\raw\Epic and CSCR hospital Dataset\Train\glioma\gg (462).jpg,glioma
data\raw\Epic and CSCR hospital Dataset\Train\pituitary\P_726_HF_.jpg,pituitary
data\raw\Epic and CSCR hospital Dataset\Train\notumor\Tr-no_0568.jpg,notumor
data\raw\Epic and CSCR hospital Dataset\Train\glioma\Tr-gl_1259.jpg,glioma
data\raw\Epic and CSCR hospital Dataset\Train\pituitary\P_812_DA_.jpg,pituitary
data\raw\Epic and CSCR hospital Dataset\Train\glioma\G_794_RO_.jpg,glioma
data\raw\Epic and CSCR hospital Dataset\Train\notumor\Tr-no_0435.jpg,notumor
data\raw\Epic and CSCR hospital Dataset\Train\pituitary\Tr-pi_1193.jpg,pituitary
data\raw\Epic and CSCR hospital Dataset\Train\glioma\Te-gl_0151.jpg,glioma
data\raw\Epic and CSCR hospital Dataset\Train\pituitary\Tr-pi_0621.jpg,pituitary
data\raw\Epic and CSCR hospital Dataset\Train\glioma\Tr-gl_0512.jpg,glioma
data\raw\Epic and CSCR hospital Dataset\Train\pituitary\Tr-pi_1268.jpg,pituitary
data\raw\Epic and CSCR hospital Dataset\Train\glioma\Tr-gl_0570.jpg,glioma
data\raw\Epic and CSCR hospital Dataset\Train\glioma\Te-gl_0142.jpg,glioma
data\raw\Epic and CSCR hospital Dataset\Train\glioma\Tr-gl_0406.jpg,glioma
data\raw\Epic and CSCR hospital Dataset\Train\pituitary\P_72_RO_.jpg,pituitary
data\raw\Epic and CSCR hospital Dataset\Train\meningioma\Tr-me_0614.jpg,meningioma
data\raw\Epic and CSCR hospital Dataset\Train\notumor\1760.jpg,notumor
data\raw\Epic and CSCR hospital Dataset\Train\glioma\Tr-gl_0194.jpg,glioma
data\raw\Epic and CSCR hospital Dataset\Train\glioma\gg (621).jpg,glioma
data\raw\Epic and CSCR hospital Dataset\Train\meningioma\Tr-me_0993.jpg,meningioma
data\raw\Epic and CSCR hospital Dataset\Train\pituitary\P_829_HF_.jpg,pituitary
data\raw\Epic and CSCR hospital Dataset\Train\meningioma\M_838_VF_.jpg,meningioma
data\raw\Epic and CSCR hospital Dataset\Train\pituitary\P_756_HF_.jpg,pituitary
data\raw\Epic and CSCR hospital Dataset\Train\notumor\Tr-no_0251.jpg,notumor
data\raw\Epic and CSCR hospital Dataset\Train\notumor\1924.jpg,notumor
data\raw\Epic and CSCR hospital Dataset\Train\notumor\1730.jpg,notumor
data\raw\Epic and CSCR hospital Dataset\Train\meningioma\M_849_DA_.jpg,meningioma
data\raw\Epic and CSCR hospital Dataset\Train\glioma\gg (639).jpg,glioma
data\raw\Epic and CSCR hospital Dataset\Train\glioma\G_764_HF_.jpg,glioma
data\raw\Epic and CSCR hospital Dataset\Train\meningioma\M_844_RO_.jpg,meningioma
data\raw\Epic and CSCR hospital Dataset\Train\pituitary\Tr-pi_1356.jpg,pituitary
data\raw\Epic and CSCR hospital Dataset\Train\glioma\gg (427).jpg,glioma
data\raw\Epic and CSCR hospital Dataset\Train\meningioma\Tr-me_0873.jpg,meningioma
data\raw\Epic and CSCR hospital Dataset\Train\pituitary\Tr-pi_1308.jpg,pituitary
data\raw\Epic and CSCR hospital Dataset\Train\glioma\G_870_VF_.jpg,glioma
data\raw\Epic and CSCR hospital Dataset\Train\notumor\Tr-no_0621.jpg,notumor
data\raw\Epic and CSCR hospital Dataset\Train\pituitary\p (593).jpg,pituitary
data\raw\Epic and CSCR hospital Dataset\Train\meningioma\M_819_VF_.jpg,meningioma
data\raw\Epic and CSCR hospital Dataset\Train\meningioma\M_819_SP_.jpg,meningioma
data\raw\Epic and CSCR hospital Dataset\Train\glioma\G_813_VF_.jpg,glioma
data\raw\Epic and CSCR hospital Dataset\Train\meningioma\Te-me_0257.jpg,meningioma
data\raw\Epic and CSCR hospital Dataset\Train\glioma\G_868_BR_.jpg,glioma
data\raw\Epic and CSCR hospital Dataset\Train\meningioma\m2 (114).jpg,meningioma
data\raw\Epic and CSCR hospital Dataset\Train\meningioma\m1(91).jpg,meningioma
data\raw\Epic and CSCR hospital Dataset\Train\glioma\Tr-gl_0462.jpg,glioma
data\raw\Epic and CSCR hospital Dataset\Train\pituitary\P_763_BR_.jpg,pituitary
data\raw\Epic and CSCR hospital Dataset\Train\glioma\G_866_RO_.jpg,glioma
data\raw\Epic and CSCR hospital Dataset\Train\meningioma\Te-me_0161.jpg,meningioma
data\raw\Epic and CSCR hospital Dataset\Train\glioma\G_767_SP_.jpg,glioma
data\raw\Epic and CSCR hospital Dataset\Train\glioma\Tr-gl_0567.jpg,glioma
data\raw\Epic and CSCR hospital Dataset\Train\glioma\Tr-gl_0588.jpg,glioma
data\raw\Epic and CSCR hospital Dataset\Train\pituitary\P_790_RO_.jpg,pituitary
data\raw\Epic and CSCR hospital Dataset\Train\meningioma\Tr-me_1024.jpg,meningioma
data\raw\Epic and CSCR hospital Dataset\Train\pituitary\P_788_RO_.jpg,pituitary
data\raw\Epic and CSCR hospital Dataset\Train\glioma\G_857_SP_.jpg,glioma
data\raw\Epic and CSCR hospital Dataset\Train\glioma\G_756_SP_.jpg,glioma
data\raw\Epic and CSCR hospital Dataset\Train\glioma\G_717_SP_.jpg,glioma
data\raw\Epic and CSCR hospital Dataset\Train\meningioma\M_824_HF_.jpg,meningioma
data\raw\Epic and CSCR hospital Dataset\Train\glioma\Te-gl_0085.jpg,glioma
data\raw\Epic and CSCR hospital Dataset\Train\meningioma\Tr-me_1261.jpg,meningioma
data\raw\Epic and CSCR hospital Dataset\Train\notumor\1631.jpg,notumor
data\raw\Epic and CSCR hospital Dataset\Train\meningioma\m2 (139).jpg,meningioma
data\raw\Epic and CSCR hospital Dataset\Train\pituitary\p (486).jpg,pituitary
data\raw\Epic and CSCR hospital Dataset\Train\notumor\N_371_DA_.jpg,notumor
data\raw\Epic and CSCR hospital Dataset\Train\pituitary\Tr-pi_1208.jpg,pituitary
data\raw\Epic and CSCR hospital Dataset\Train\meningioma\m2 (95).jpg,meningioma
data\raw\Epic and CSCR hospital Dataset\Train\glioma\Tr-gl_0433.jpg,glioma
data\raw\Epic and CSCR hospital Dataset\Train\meningioma\Tr-me_1181.jpg,meningioma
data\raw\Epic and CSCR hospital Dataset\Train\glioma\Tr-gl_1238.jpg,glioma
data\raw\Epic and CSCR hospital Dataset\Train\glioma\G_708_HF_.jpg,glioma
data\raw\Epic and CSCR hospital Dataset\Train\notumor\N_372_VF_.jpg,notumor
data\raw\Epic and CSCR hospital Dataset\Train\glioma\G_791_RO_.jpg,glioma
data\raw\Epic and CSCR hospital Dataset\Train\meningioma\Tr-me_0327.jpg,meningioma
data\raw\Epic and CSCR hospital Dataset\Train\glioma\Tr-gl_0402.jpg,glioma
data\raw\Epic and CSCR hospital Dataset\Train\pituitary\P_771_RO_.jpg,pituitary
data\raw\Epic and CSCR hospital Dataset\Train\meningioma\Tr-me_1070.jpg,meningioma
data\raw\Epic and CSCR hospital Dataset\Train\pituitary\P_807_BR_.jpg,pituitary
data\raw\Epic and CSCR hospital Dataset\Train\pituitary\P_820_BR_.jpg,pituitary
data\raw\Epic and CSCR hospital Dataset\Train\glioma\gg (414).jpg,glioma
data\raw\Epic and CSCR hospital Dataset\Train\pituitary\P_788_HF_.jpg,pituitary
data\raw\Epic and CSCR hospital Dataset\Train\meningioma\Tr-me_0189.jpg,meningioma
data\raw\Epic and CSCR hospital Dataset\Train\notumor\N_417_VF_.jpg,notumor
data\raw\Epic and CSCR hospital Dataset\Train\pituitary\Tr-pi_1253.jpg,pituitary
data\raw\Epic and CSCR hospital Dataset\Train\meningioma\M_858_RO_.jpg,meningioma
data\raw\Epic and CSCR hospital Dataset\Train\pituitary\Tr-pi_0147.jpg,pituitary
data\raw\Epic and CSCR hospital Dataset\Train\notumor\no 95.jpg,notumor
data\raw\Epic and CSCR hospital Dataset\Train\pituitary\Te-pi_0180.jpg,pituitary
data\raw\Epic and CSCR hospital Dataset\Train\pituitary\Tr-pi_1144.jpg,pituitary
data\raw\Epic and CSCR hospital Dataset\Train\glioma\G_874_BR_.jpg,glioma
data\raw\Epic and CSCR hospital Dataset\Train\glioma\Tr-gl_0329.jpg,glioma
data\raw\Epic and CSCR hospital Dataset\Train\notumor\N_375_BR_.jpg,notumor
data\raw\Epic and CSCR hospital Dataset\Train\glioma\G_873.jpg,glioma
data\raw\Epic and CSCR hospital Dataset\Train\glioma\G_823_RO_.jpg,glioma
data\raw\Epic and CSCR hospital Dataset\Train\pituitary\Tr-pi_0226.jpg,pituitary
data\raw\Epic and CSCR hospital Dataset\Train\pituitary\Tr-pi_0281.jpg,pituitary
data\raw\Epic and CSCR hospital Dataset\Train\glioma\Tr-gl_0880.jpg,glioma
data\raw\Epic and CSCR hospital Dataset\Train\glioma\G_852_SP_.jpg,glioma
data\raw\Epic and CSCR hospital Dataset\Train\meningioma\M_831_BR_.jpg,meningioma
data\raw\Epic and CSCR hospital Dataset\Train\meningioma\m2 (28).jpg,meningioma
data\raw\Epic and CSCR hospital Dataset\Train\notumor\N_434.jpg,notumor
data\raw\Epic and CSCR hospital Dataset\Train\glioma\G_752_HF_.jpg,glioma
data\raw\Epic and CSCR hospital Dataset\Train\meningioma\Tr-me_0615.jpg,meningioma
data\raw\Epic and CSCR hospital Dataset\Train\glioma\G_720_VF_.jpg,glioma
data\raw\Epic and CSCR hospital Dataset\Train\meningioma\M_859_VF_.jpg,meningioma
data\raw\Epic and CSCR hospital Dataset\Train\glioma\G_829_DA_.jpg,glioma
data\raw\Epic and CSCR hospital Dataset\Train\pituitary\P_844_SP_.jpg,pituitary
data\raw\Epic and CSCR hospital Dataset\Train\notumor\N_47_SP_.jpg,notumor
data\raw\Epic and CSCR hospital Dataset\Train\notumor\1637.jpg,notumor
data\raw\Epic and CSCR hospital Dataset\Train\meningioma\Tr-me_0245.jpg,meningioma
data\raw\Epic and CSCR hospital Dataset\Train\pituitary\Tr-pi_0784.jpg,pituitary
data\raw\Epic and CSCR hospital Dataset\Train\pituitary\Te-pi_0145.jpg,pituitary
data\raw\Epic and CSCR hospital Dataset\Train\notumor\N_393_HF_.jpg,notumor
data\raw\Epic and CSCR hospital Dataset\Train\pituitary\P_793_BR_.jpg,pituitary
data\raw\Epic and CSCR hospital Dataset\Train\pituitary\Tr-pi_0614.jpg,pituitary
data\raw\Epic and CSCR hospital Dataset\Train\meningioma\Te-me_0249.jpg,meningioma
data\raw\Epic and CSCR hospital Dataset\Train\pituitary\Te-pi_0085.jpg,pituitary
data\raw\Epic and CSCR hospital Dataset\Train\glioma\G_739_RO_.jpg,glioma
data\raw\Epic and CSCR hospital Dataset\Train\meningioma\m2 (116).jpg,meningioma
data\raw\Epic and CSCR hospital Dataset\Train\notumor\Tr-no_0389.jpg,notumor
data\raw\Epic and CSCR hospital Dataset\Train\pituitary\Tr-pi_1037.jpg,pituitary
data\raw\Epic and CSCR hospital Dataset\Train\glioma\G_88_RO_.jpg,glioma
data\raw\Epic and CSCR hospital Dataset\Train\notumor\N_430_SP_.jpg,notumor
data\raw\Epic and CSCR hospital Dataset\Train\notumor\N_384_DA_.jpg,notumor
data\raw\Epic and CSCR hospital Dataset\Train\notumor\Tr-no_0493.jpg,notumor
data\raw\Epic and CSCR hospital Dataset\Train\meningioma\m2 (30).jpg,meningioma
data\raw\Epic and CSCR hospital Dataset\Train\meningioma\m2 (147).jpg,meningioma
data\raw\Epic and CSCR hospital Dataset\Train\pituitary\P_835.jpg,pituitary
data\raw\Epic and CSCR hospital Dataset\Train\notumor\Te-no_0268.jpg,notumor
data\raw\Epic and CSCR hospital Dataset\Train\meningioma\Tr-me_1244.jpg,meningioma
data\raw\Epic and CSCR hospital Dataset\Train\meningioma\m2 (16).jpg,meningioma
data\raw\Epic and CSCR hospital Dataset\Train\glioma\G_724.jpg,glioma
data\raw\Epic and CSCR hospital Dataset\Train\glioma\G_870.jpg,glioma
data\raw\Epic and CSCR hospital Dataset\Train\pituitary\Tr-pi_0585.jpg,pituitary
data\raw\Epic and CSCR hospital Dataset\Train\glioma\G_761_DA_.jpg,glioma
data\raw\Epic and CSCR hospital Dataset\Train\glioma\G_844_VF_.jpg,glioma
data\raw\Epic and CSCR hospital Dataset\Train\meningioma\M_854_DA_.jpg,meningioma
data\raw\Epic and CSCR hospital Dataset\Train\pituitary\P_735_DA_.jpg,pituitary
data\raw\Epic and CSCR hospital Dataset\Train\pituitary\Tr-pi_0947.jpg,pituitary
data\raw\Epic and CSCR hospital Dataset\Train\meningioma\m2 (20).jpg,meningioma
data\raw\Epic and CSCR hospital Dataset\Train\notumor\Tr-no_0062.jpg,notumor
data\raw\Epic and CSCR hospital Dataset\Train\notumor\Tr-no_0539.jpg,notumor
data\raw\Epic and CSCR hospital Dataset\Train\glioma\G_734_VF_.jpg,glioma
data\raw\Epic and CSCR hospital Dataset\Train\meningioma\Te-me_0204.jpg,meningioma
data\raw\Epic and CSCR hospital Dataset\Train\glioma\Tr-gl_0792.jpg,glioma
data\raw\Epic and CSCR hospital Dataset\Train\notumor\image(182).jpg,notumor
data\raw\Epic and CSCR hospital Dataset\Train\pituitary\P_841_DA_.jpg,pituitary
data\raw\Epic and CSCR hospital Dataset\Train\glioma\Tr-gl_0169.jpg,glioma
data\raw\Epic and CSCR hospital Dataset\Train\glioma\Tr-gl_0983.jpg,glioma
data\raw\Epic and CSCR hospital Dataset\Train\glioma\Tr-gl_1223.jpg,glioma
data\raw\Epic and CSCR hospital Dataset\Train\glioma\G_839_SP_.jpg,glioma
data\raw\Epic and CSCR hospital Dataset\Train\pituitary\Te-pi_0148.jpg,pituitary
data\raw\Epic and CSCR hospital Dataset\Train\notumor\Te-no_0183.jpg,notumor
data\raw\Epic and CSCR hospital Dataset\Train\notumor\Tr-no_0572.jpg,notumor
data\raw\Epic and CSCR hospital Dataset\Train\notumor\N_389_SP_.jpg,notumor
data\raw\Epic and CSCR hospital Dataset\Train\pituitary\P_731_SP_.jpg,pituitary
data\raw\Epic and CSCR hospital Dataset\Train\notumor\N_428.jpg,notumor
data\raw\Epic and CSCR hospital Dataset\Train\pituitary\Te-pi_0202.jpg,pituitary
data\raw\Epic and CSCR hospital Dataset\Train\glioma\Tr-gl_0432.jpg,glioma
data\raw\Epic and CSCR hospital Dataset\Train\glioma\gg (393).jpg,glioma
data\raw\Epic and CSCR hospital Dataset\Train\glioma\Tr-gl_0142.jpg,glioma
data\raw\Epic and CSCR hospital Dataset\Train\pituitary\P_80_HF_.jpg,pituitary
data\raw\Epic and CSCR hospital Dataset\Train\glioma\G_767_HF_.jpg,glioma
data\raw\Epic and CSCR hospital Dataset\Train\notumor\N_412_BR_.jpg,notumor
data\raw\Epic and CSCR hospital Dataset\Train\pituitary\Te-pi_0088.jpg,pituitary
data\raw\Epic and CSCR hospital Dataset\Train\notumor\N_383_BR_.jpg,notumor
data\raw\Epic and CSCR hospital Dataset\Train\meningioma\Tr-me_0218.jpg,meningioma
data\raw\Epic and CSCR hospital Dataset\Train\notumor\Te-no_0234.jpg,notumor
data\raw\Epic and CSCR hospital Dataset\Train\meningioma\m1(99).jpg,meningioma
data\raw\Epic and CSCR hospital Dataset\Train\glioma\G_706_SP_.jpg,glioma
data\raw\Epic and CSCR hospital Dataset\Train\pituitary\P_7_VF_.jpg,pituitary
data\raw\Epic and CSCR hospital Dataset\Train\meningioma\Tr-me_0887.jpg,meningioma
data\raw\Epic and CSCR hospital Dataset\Train\glioma\G_839_BR_.jpg,glioma
data\raw\Epic and CSCR hospital Dataset\Train\pituitary\P_778.jpg,pituitary
data\raw\Epic and CSCR hospital Dataset\Train\glioma\gg (347).jpg,glioma
data\raw\Epic and CSCR hospital Dataset\Train\glioma\G_805_RO_.jpg,glioma
data\raw\Epic and CSCR hospital Dataset\Train\glioma\gg (496).jpg,glioma
data\raw\Epic and CSCR hospital Dataset\Train\meningioma\m2 (117).jpg,meningioma
data\raw\Epic and CSCR hospital Dataset\Train\glioma\Te-gl_0075.jpg,glioma
data\raw\Epic and CSCR hospital Dataset\Train\pituitary\P_710_RO_.jpg,pituitary
data\raw\Epic and CSCR hospital Dataset\Train\meningioma\Tr-me_0941.jpg,meningioma
data\raw\Epic and CSCR hospital Dataset\Train\meningioma\Tr-me_0177.jpg,meningioma
data\raw\Epic and CSCR hospital Dataset\Train\glioma\G_750_BR_.jpg,glioma
data\raw\Epic and CSCR hospital Dataset\Train\meningioma\m2 (174).jpg,meningioma
data\raw\Epic and CSCR hospital Dataset\Train\pituitary\P_840_BR_.jpg,pituitary
data\raw\Epic and CSCR hospital Dataset\Train\glioma\Tr-gl_0387.jpg,glioma
data\raw\Epic and CSCR hospital Dataset\Train\notumor\1805.jpg,notumor
data\raw\Epic and CSCR hospital Dataset\Train\pituitary\Tr-pi_0688.jpg,pituitary
data\raw\Epic and CSCR hospital Dataset\Train\glioma\gg (616).jpg,glioma
data\raw\Epic and CSCR hospital Dataset\Train\pituitary\Te-pi_0103.jpg,pituitary
data\raw\Epic and CSCR hospital Dataset\Train\notumor\Tr-no_0532.jpg,notumor
data\raw\Epic and CSCR hospital Dataset\Train\glioma\gg (435).jpg,glioma
data\raw\Epic and CSCR hospital Dataset\Train\notumor\Te-no_0071.jpg,notumor
data\raw\Epic and CSCR hospital Dataset\Train\glioma\Tr-gl_0269.jpg,glioma
data\raw\Epic and CSCR hospital Dataset\Train\glioma\G_758_BR_.jpg,glioma
data\raw\Epic and CSCR hospital Dataset\Train\glioma\Tr-gl_0620.jpg,glioma
data\raw\Epic and CSCR hospital Dataset\Train\glioma\G_769_SP_.jpg,glioma
data\raw\Epic and CSCR hospital Dataset\Train\glioma\Tr-gl_0144.jpg,glioma
data\raw\Epic and CSCR hospital Dataset\Train\glioma\Te-gl_0218.jpg,glioma
data\raw\Epic and CSCR hospital Dataset\Train\pituitary\Tr-pi_1159.jpg,pituitary
data\raw\Epic and CSCR hospital Dataset\Train\glioma\gg (418).jpg,glioma
data\raw\Epic and CSCR hospital Dataset\Train\notumor\Tr-no_0520.jpg,notumor
data\raw\Epic and CSCR hospital Dataset\Train\notumor\Tr-no_0432.jpg,notumor
data\raw\Epic and CSCR hospital Dataset\Train\meningioma\Tr-me_0967.jpg,meningioma
data\raw\Epic and CSCR hospital Dataset\Train\meningioma\Tr-me_0899.jpg,meningioma
data\raw\Epic and CSCR hospital Dataset\Train\pituitary\P_821_DA_.jpg,pituitary
data\raw\Epic and CSCR hospital Dataset\Train\glioma\G_739_SP_.jpg,glioma
data\raw\Epic and CSCR hospital Dataset\Train\meningioma\m2 (35).jpg,meningioma
data\raw\Epic and CSCR hospital Dataset\Train\pituitary\P_844_RO_.jpg,pituitary
data\raw\Epic and CSCR hospital Dataset\Train\notumor\Te-no_0188.jpg,notumor
data\raw\Epic and CSCR hospital Dataset\Train\notumor\N_383.jpg,notumor
data\raw\Epic and CSCR hospital Dataset\Train\pituitary\P_707.jpg,pituitary
data\raw\Epic and CSCR hospital Dataset\Train\notumor\Te-no_0139.jpg,notumor
data\raw\Epic and CSCR hospital Dataset\Train\glioma\gg (478).jpg,glioma
data\raw\Epic and CSCR hospital Dataset\Train\pituitary\P_723_RO_.jpg,pituitary
data\raw\Epic and CSCR hospital Dataset\Train\glioma\Te-gl_0133.jpg,glioma
data\raw\Epic and CSCR hospital Dataset\Train\meningioma\m3 (1).jpg,meningioma
data\raw\Epic and CSCR hospital Dataset\Train\pituitary\P_729_BR_.jpg,pituitary
data\raw\Epic and CSCR hospital Dataset\Train\notumor\N_389.jpg,notumor
data\raw\Epic and CSCR hospital Dataset\Train\notumor\image(116).jpg,notumor
data\raw\Epic and CSCR hospital Dataset\Train\pituitary\Tr-pi_0120.jpg,pituitary
data\raw\Epic and CSCR hospital Dataset\Train\glioma\G_804_SP_.jpg,glioma
data\raw\Epic and CSCR hospital Dataset\Train\glioma\G_865_DA_.jpg,glioma
data\raw\Epic and CSCR hospital Dataset\Train\glioma\gg (480).jpg,glioma
data\raw\Epic and CSCR hospital Dataset\Train\glioma\G_735_BR_.jpg,glioma
data\raw\Epic and CSCR hospital Dataset\Train\glioma\Tr-gl_0578.jpg,glioma
data\raw\Epic and CSCR hospital Dataset\Train\glioma\Tr-gl_0307.jpg,glioma
data\raw\Epic and CSCR hospital Dataset\Train\notumor\Tr-no_0266.jpg,notumor
data\raw\Epic and CSCR hospital Dataset\Train\pituitary\P_784_HF_.jpg,pituitary
data\raw\Epic and CSCR hospital Dataset\Train\meningioma\1305.jpg,meningioma
data\raw\Epic and CSCR hospital Dataset\Train\meningioma\M_858.jpg,meningioma
data\raw\Epic and CSCR hospital Dataset\Train\pituitary\P_720_BR_.jpg,pituitary
data\raw\Epic and CSCR hospital Dataset\Train\glioma\Tr-gl_0682.jpg,glioma
data\raw\Epic and CSCR hospital Dataset\Train\glioma\G_804_VF_.jpg,glioma
data\raw\Epic and CSCR hospital Dataset\Train\notumor\1595.jpg,notumor
data\raw\Epic and CSCR hospital Dataset\Train\glioma\G_851_SP_.jpg,glioma
data\raw\Epic and CSCR hospital Dataset\Train\pituitary\P_70_BR_.jpg,pituitary
data\raw\Epic and CSCR hospital Dataset\Train\pituitary\Te-pi_0125.jpg,pituitary
data\raw\Epic and CSCR hospital Dataset\Train\glioma\Tr-gl_0890.jpg,glioma
data\raw\Epic and CSCR hospital Dataset\Train\notumor\N_394_VF_.jpg,notumor
data\raw\Epic and CSCR hospital Dataset\Train\pituitary\P_785_DA_.jpg,pituitary
data\raw\Epic and CSCR hospital Dataset\Train\pituitary\P_841_RO_.jpg,pituitary
data\raw\Epic and CSCR hospital Dataset\Train\meningioma\Tr-me_0259.jpg,meningioma
data\raw\Epic and CSCR hospital Dataset\Train\glioma\G_759_SP_.jpg,glioma
data\raw\Epic and CSCR hospital Dataset\Train\pituitary\P_714_BR_.jpg,pituitary
data\raw\Epic and CSCR hospital Dataset\Train\pituitary\Tr-pi_1005.jpg,pituitary
data\raw\Epic and CSCR hospital Dataset\Train\glioma\Te-gl_0077.jpg,glioma
data\raw\Epic and CSCR hospital Dataset\Train\glioma\Tr-gl_0121.jpg,glioma
data\raw\Epic and CSCR hospital Dataset\Train\glioma\gg (522).jpg,glioma
data\raw\Epic and CSCR hospital Dataset\Train\meningioma\1423.jpg,meningioma
data\raw\Epic and CSCR hospital Dataset\Train\pituitary\P_736_VF_.jpg,pituitary
data\raw\Epic and CSCR hospital Dataset\Train\pituitary\p (513).jpg,pituitary
data\raw\Epic and CSCR hospital Dataset\Train\glioma\Tr-gl_1264.jpg,glioma
data\raw\Epic and CSCR hospital Dataset\Train\pituitary\P_838_HF_.jpg,pituitary
data\raw\Epic and CSCR hospital Dataset\Train\notumor\Tr-no_0590.jpg,notumor
data\raw\Epic and CSCR hospital Dataset\Train\meningioma\Tr-me_0037.jpg,meningioma
data\raw\Epic and CSCR hospital Dataset\Train\pituitary\Tr-pi_0144.jpg,pituitary
data\raw\Epic and CSCR hospital Dataset\Train\glioma\G_734_HF_.jpg,glioma
data\raw\Epic and CSCR hospital Dataset\Train\notumor\Tr-no_0388.jpg,notumor
data\raw\Epic and CSCR hospital Dataset\Train\meningioma\Tr-me_1037.jpg,meningioma
data\raw\Epic and CSCR hospital Dataset\Train\pituitary\P_844_VF_.jpg,pituitary
data\raw\Epic and CSCR hospital Dataset\Train\notumor\N_420_RO_.jpg,notumor
data\raw\Epic and CSCR hospital Dataset\Train\pituitary\Tr-pi_1149.jpg,pituitary
data\raw\Epic and CSCR hospital Dataset\Train\glioma\gg (432).jpg,glioma
data\raw\Epic and CSCR hospital Dataset\Train\glioma\G_805_VF_.jpg,glioma
data\raw\Epic and CSCR hospital Dataset\Train\meningioma\M_824.jpg,meningioma
data\raw\Epic and CSCR hospital Dataset\Train\pituitary\Te-pi_0198.jpg,pituitary
data\raw\Epic and CSCR hospital Dataset\Train\glioma\Te-gl_0252.jpg,glioma
data\raw\Epic and CSCR hospital Dataset\Train\meningioma\Tr-me_0950.jpg,meningioma
data\raw\Epic and CSCR hospital Dataset\Train\notumor\N_376_HF_.jpg,notumor
data\raw\Epic and CSCR hospital Dataset\Train\pituitary\Tr-pi_0191.jpg,pituitary
data\raw\Epic and CSCR hospital Dataset\Train\meningioma\Tr-me_0116.jpg,meningioma
data\raw\Epic and CSCR hospital Dataset\Train\glioma\image(70).jpg,glioma
data\raw\Epic and CSCR hospital Dataset\Train\notumor\Te-no_0235.jpg,notumor
data\raw\Epic and CSCR hospital Dataset\Train\notumor\1626.jpg,notumor
data\raw\Epic and CSCR hospital Dataset\Train\notumor\1673.jpg,notumor
data\raw\Epic and CSCR hospital Dataset\Train\notumor\Tr-no_0288.jpg,notumor
data\raw\Epic and CSCR hospital Dataset\Train\glioma\gg (612).jpg,glioma
data\raw\Epic and CSCR hospital Dataset\Train\glioma\Te-gl_0118.jpg,glioma
data\raw\Epic and CSCR hospital Dataset\Train\glioma\G_744_VF_.jpg,glioma
data\raw\Epic and CSCR hospital Dataset\Train\pituitary\P_819_DA_.jpg,pituitary
data\raw\Epic and CSCR hospital Dataset\Train\notumor\N_39_SP_.jpg,notumor
data\raw\Epic and CSCR hospital Dataset\Train\notumor\Tr-no_0424.jpg,notumor
data\raw\Epic and CSCR hospital Dataset\Train\notumor\1640.jpg,notumor
data\raw\Epic and CSCR hospital Dataset\Train\pituitary\P_833_RO_.jpg,pituitary
data\raw\Epic and CSCR hospital Dataset\Train\pituitary\Tr-pi_0782.jpg,pituitary
data\raw\Epic and CSCR hospital Dataset\Train\notumor\Tr-no_0583.jpg,notumor
data\raw\Epic and CSCR hospital Dataset\Train\notumor\Te-no_0280.jpg,notumor
data\raw\Epic and CSCR hospital Dataset\Train\notumor\Te-no_0229.jpg,notumor
data\raw\Epic and CSCR hospital Dataset\Train\meningioma\Te-me_0186.jpg,meningioma
data\raw\Epic and CSCR hospital Dataset\Train\glioma\Tr-gl_0825.jpg,glioma
data\raw\Epic and CSCR hospital Dataset\Train\glioma\G_839_RO_.jpg,glioma
data\raw\Epic and CSCR hospital Dataset\Train\pituitary\Te-pi_0177.jpg,pituitary
data\raw\Epic and CSCR hospital Dataset\Train\pituitary\Tr-pi_1179.jpg,pituitary
data\raw\Epic and CSCR hospital Dataset\Train\meningioma\1434.jpg,meningioma
data\raw\Epic and CSCR hospital Dataset\Train\glioma\Te-gl_0221.jpg,glioma
data\raw\Epic and CSCR hospital Dataset\Train\glioma\G_778_VF_.jpg,glioma
data\raw\Epic and CSCR hospital Dataset\Train\meningioma\1339.jpg,meningioma
data\raw\Epic and CSCR hospital Dataset\Train\glioma\gg (397).jpg,glioma
data\raw\Epic and CSCR hospital Dataset\Train\glioma\G_788_DA_.jpg,glioma
data\raw\Epic and CSCR hospital Dataset\Train\glioma\Te-gl_0099.jpg,glioma
data\raw\Epic and CSCR hospital Dataset\Train\pituitary\Tr-pi_1447.jpg,pituitary
data\raw\Epic and CSCR hospital Dataset\Train\glioma\G_732_HF_.jpg,glioma
data\raw\Epic and CSCR hospital Dataset\Train\notumor\Tr-no_0422.jpg,notumor
data\raw\Epic and CSCR hospital Dataset\Train\meningioma\M_847_SP_.jpg,meningioma
data\raw\Epic and CSCR hospital Dataset\Train\meningioma\M_860_BR_.jpg,meningioma
data\raw\Epic and CSCR hospital Dataset\Train\notumor\Te-no_0250.jpg,notumor
data\raw\Epic and CSCR hospital Dataset\Train\glioma\Tr-gl_0153.jpg,glioma
data\raw\Epic and CSCR hospital Dataset\Train\meningioma\M_876_SP_.jpg,meningioma
data\raw\Epic and CSCR hospital Dataset\Train\glioma\G_785_RO_.jpg,glioma
data\raw\Epic and CSCR hospital Dataset\Train\glioma\Tr-gl_1210.jpg,glioma
data\raw\Epic and CSCR hospital Dataset\Train\pituitary\P_717_DA_.jpg,pituitary
data\raw\Epic and CSCR hospital Dataset\Train\glioma\Tr-gl_0888.jpg,glioma
data\raw\Epic and CSCR hospital Dataset\Train\pituitary\P_726_SP_.jpg,pituitary
data\raw\Epic and CSCR hospital Dataset\Train\meningioma\1362.jpg,meningioma
data\raw\Epic and CSCR hospital Dataset\Train\notumor\N_38_HF_.jpg,notumor
data\raw\Epic and CSCR hospital Dataset\Train\pituitary\p (489).jpg,pituitary
data\raw\Epic and CSCR hospital Dataset\Train\pituitary\P_833.jpg,pituitary
data\raw\Epic and CSCR hospital Dataset\Train\pituitary\P_829_BR_.jpg,pituitary
data\raw\Epic and CSCR hospital Dataset\Train\glioma\Tr-gl_0207.jpg,glioma
data\raw\Epic and CSCR hospital Dataset\Train\pituitary\P_771_VF_.jpg,pituitary
data\raw\Epic and CSCR hospital Dataset\Train\pituitary\P_794_BR_.jpg,pituitary
data\raw\Epic and CSCR hospital Dataset\Train\notumor\Tr-no_0525.jpg,notumor
data\raw\Epic and CSCR hospital Dataset\Train\meningioma\1314.jpg,meningioma
data\raw\Epic and CSCR hospital Dataset\Train\pituitary\P_830_BR_.jpg,pituitary
data\raw\Epic and CSCR hospital Dataset\Train\meningioma\1382.jpg,meningioma
data\raw\Epic and CSCR hospital Dataset\Train\meningioma\m3 (156).jpg,meningioma
data\raw\Epic and CSCR hospital Dataset\Train\notumor\N_437_SP_.jpg,notumor
data\raw\Epic and CSCR hospital Dataset\Train\glioma\Tr-gl_0859.jpg,glioma
data\raw\Epic and CSCR hospital Dataset\Train\glioma\Tr-gl_0625.jpg,glioma
data\raw\Epic and CSCR hospital Dataset\Train\pituitary\Tr-pi_1191.jpg,pituitary
data\raw\Epic and CSCR hospital Dataset\Train\pituitary\P_77_BR_.jpg,pituitary
data\raw\Epic and CSCR hospital Dataset\Train\notumor\Tr-no_0505.jpg,notumor
data\raw\Epic and CSCR hospital Dataset\Train\glioma\Tr-gl_0226.jpg,glioma
data\raw\Epic and CSCR hospital Dataset\Train\glioma\Tr-gl_1069.jpg,glioma
data\raw\Epic and CSCR hospital Dataset\Train\pituitary\P_782_BR_.jpg,pituitary
data\raw\Epic and CSCR hospital Dataset\Train\glioma\G_783_SP_.jpg,glioma
data\raw\Epic and CSCR hospital Dataset\Train\notumor\1790.jpg,notumor
data\raw\Epic and CSCR hospital Dataset\Train\pituitary\P_772.jpg,pituitary
data\raw\Epic and CSCR hospital Dataset\Train\meningioma\M_873_HF_.jpg,meningioma
data\raw\Epic and CSCR hospital Dataset\Train\glioma\Tr-gl_0991.jpg,glioma
data\raw\Epic and CSCR hospital Dataset\Train\meningioma\m2 (11).jpg,meningioma
data\raw\Epic and CSCR hospital Dataset\Train\glioma\gg (382).jpg,glioma
data\raw\Epic and CSCR hospital Dataset\Train\pituitary\Tr-pi_1343.jpg,pituitary
data\raw\Epic and CSCR hospital Dataset\Train\glioma\Tr-gl_0953.jpg,glioma
data\raw\Epic and CSCR hospital Dataset\Train\pituitary\P_762_BR_.jpg,pituitary
data\raw\Epic and CSCR hospital Dataset\Train\notumor\N_389_RO_.jpg,notumor
data\raw\Epic and CSCR hospital Dataset\Train\notumor\N_404_HF_.jpg,notumor
data\raw\Epic and CSCR hospital Dataset\Train\meningioma\Te-me_0206.jpg,meningioma
data\raw\Epic and CSCR hospital Dataset\Train\glioma\G_855_VF_.jpg,glioma
data\raw\Epic and CSCR hospital Dataset\Train\glioma\Tr-gl_0905.jpg,glioma
data\raw\Epic and CSCR hospital Dataset\Train\glioma\Tr-gl_0325.jpg,glioma
data\raw\Epic and CSCR hospital Dataset\Train\notumor\Tr-no_0485.jpg,notumor
data\raw\Epic and CSCR hospital Dataset\Train\meningioma\Tr-me_1135.jpg,meningioma
data\raw\Epic and CSCR hospital Dataset\Train\notumor\Tr-no_0620.jpg,notumor
data\raw\Epic and CSCR hospital Dataset\Train\notumor\N_409_RO_.jpg,notumor
data\raw\Epic and CSCR hospital Dataset\Train\glioma\G_871_SP_.jpg,glioma
data\raw\Epic and CSCR hospital Dataset\Train\glioma\Tr-gl_0977.jpg,glioma
data\raw\Epic and CSCR hospital Dataset\Train\meningioma\m3 (112).jpg,meningioma
data\raw\Epic and CSCR hospital Dataset\Train\meningioma\m2 (115).jpg,meningioma
data\raw\Epic and CSCR hospital Dataset\Train\notumor\Tr-no_0447.jpg,notumor
data\raw\Epic and CSCR hospital Dataset\Train\glioma\gg (598).jpg,glioma
data\raw\Epic and CSCR hospital Dataset\Train\pituitary\Te-pi_0161.jpg,pituitary
data\raw\Epic and CSCR hospital Dataset\Train\glioma\G_888_SP_.jpg,glioma
data\raw\Epic and CSCR hospital Dataset\Train\glioma\G_719.jpg,glioma
data\raw\Epic and CSCR hospital Dataset\Train\notumor\N_409.jpg,notumor
data\raw\Epic and CSCR hospital Dataset\Train\glioma\Tr-gl_0384.jpg,glioma
data\raw\Epic and CSCR hospital Dataset\Train\meningioma\Tr-me_0138.jpg,meningioma
data\raw\Epic and CSCR hospital Dataset\Train\meningioma\M_863_DA_.jpg,meningioma
data\raw\Epic and CSCR hospital Dataset\Train\meningioma\m2 (106).jpg,meningioma
data\raw\Epic and CSCR hospital Dataset\Train\notumor\N_422_RO_.jpg,notumor
data\raw\Epic and CSCR hospital Dataset\Train\glioma\Tr-gl_0985.jpg,glioma
data\raw\Epic and CSCR hospital Dataset\Train\notumor\N_438_SP_.jpg,notumor
data\raw\Epic and CSCR hospital Dataset\Train\glioma\Tr-gl_0612.jpg,glioma
data\raw\Epic and CSCR hospital Dataset\Train\notumor\Te-no_0163.jpg,notumor
data\raw\Epic and CSCR hospital Dataset\Train\glioma\G_791_VF_.jpg,glioma
data\raw\Epic and CSCR hospital Dataset\Train\pituitary\Tr-pi_1336.jpg,pituitary
data\raw\Epic and CSCR hospital Dataset\Train\pituitary\P_771_SP_.jpg,pituitary
data\raw\Epic and CSCR hospital Dataset\Train\pituitary\Tr-pi_0195.jpg,pituitary
data\raw\Epic and CSCR hospital Dataset\Train\pituitary\Te-pi_0136.jpg,pituitary
data\raw\Epic and CSCR hospital Dataset\Train\glioma\G_712_VF_.jpg,glioma
data\raw\Epic and CSCR hospital Dataset\Train\pituitary\Tr-pi_0764.jpg,pituitary
data\raw\Epic and CSCR hospital Dataset\Train\pituitary\P_722_VF_.jpg,pituitary
data\raw\Epic and CSCR hospital Dataset\Train\pituitary\P_705_VF_.jpg,pituitary
data\raw\Epic and CSCR hospital Dataset\Train\glioma\G_858_BR_.jpg,glioma
data\raw\Epic and CSCR hospital Dataset\Train\glioma\G_802_HF_.jpg,glioma
data\raw\Epic and CSCR hospital Dataset\Train\glioma\Te-gl_0195.jpg,glioma
data\raw\Epic and CSCR hospital Dataset\Train\notumor\N_405.jpg,notumor
data\raw\Epic and CSCR hospital Dataset\Train\glioma\G_782_RO_.jpg,glioma
data\raw\Epic and CSCR hospital Dataset\Train\glioma\G_777_VF_.jpg,glioma
data\raw\Epic and CSCR hospital Dataset\Train\glioma\gg (365).jpg,glioma
data\raw\Epic and CSCR hospital Dataset\Train\meningioma\M_884_BR_.jpg,meningioma
data\raw\Epic and CSCR hospital Dataset\Train\meningioma\Te-me_0146.jpg,meningioma
data\raw\Epic and CSCR hospital Dataset\Train\meningioma\Tr-me_1208.jpg,meningioma
data\raw\Epic and CSCR hospital Dataset\Train\meningioma\Tr-me_0977.jpg,meningioma
data\raw\Epic and CSCR hospital Dataset\Train\notumor\N_368.jpg,notumor
data\raw\Epic and CSCR hospital Dataset\Train\glioma\G_793_BR_.jpg,glioma
data\raw\Epic and CSCR hospital Dataset\Train\pituitary\Tr-pi_1397.jpg,pituitary
data\raw\Epic and CSCR hospital Dataset\Train\glioma\G_731_DA_.jpg,glioma
data\raw\Epic and CSCR hospital Dataset\Train\meningioma\Tr-me_0145.jpg,meningioma
data\raw\Epic and CSCR hospital Dataset\Train\notumor\N_430.jpg,notumor
data\raw\Epic and CSCR hospital Dataset\Train\glioma\Tr-gl_1012.jpg,glioma
data\raw\Epic and CSCR hospital Dataset\Train\glioma\G_874.jpg,glioma
data\raw\Epic and CSCR hospital Dataset\Train\pituitary\Tr-pi_1063.jpg,pituitary
data\raw\Epic and CSCR hospital Dataset\Train\glioma\G_858_HF_.jpg,glioma
data\raw\Epic and CSCR hospital Dataset\Train\glioma\gg (493).jpg,glioma
data\raw\Epic and CSCR hospital Dataset\Train\glioma\Tr-gl_0314.jpg,glioma
data\raw\Epic and CSCR hospital Dataset\Train\pituitary\P_825_RO_.jpg,pituitary
data\raw\Epic and CSCR hospital Dataset\Train\meningioma\Tr-me_1109.jpg,meningioma
data\raw\Epic and CSCR hospital Dataset\Train\pituitary\P_714_HF_.jpg,pituitary
data\raw\Epic and CSCR hospital Dataset\Train\glioma\G_707_DA_.jpg,glioma
data\raw\Epic and CSCR hospital Dataset\Train\meningioma\Tr-me_0147.jpg,meningioma
data\raw\Epic and CSCR hospital Dataset\Train\glioma\Tr-gl_1022.jpg,glioma
data\raw\Epic and CSCR hospital Dataset\Train\glioma\Tr-gl_0866.jpg,glioma
data\raw\Epic and CSCR hospital Dataset\Train\pituitary\P_70_HF_.jpg,pituitary
data\raw\Epic and CSCR hospital Dataset\Train\glioma\G_816_RO_.jpg,glioma
data\raw\Epic and CSCR hospital Dataset\Train\glioma\image(30).jpg,glioma
data\raw\Epic and CSCR hospital Dataset\Train\glioma\G_803_DA_.jpg,glioma
data\raw\Epic and CSCR hospital Dataset\Train\notumor\Tr-no_0693.jpg,notumor
data\raw\Epic and CSCR hospital Dataset\Train\notumor\1823.jpg,notumor
data\raw\Epic and CSCR hospital Dataset\Train\glioma\G_814.jpg,glioma
data\raw\Epic and CSCR hospital Dataset\Train\pituitary\Tr-pi_0255.jpg,pituitary
data\raw\Epic and CSCR hospital Dataset\Train\glioma\gg (595).jpg,glioma
data\raw\Epic and CSCR hospital Dataset\Train\meningioma\1444.jpg,meningioma
data\raw\Epic and CSCR hospital Dataset\Train\notumor\1720.jpg,notumor
data\raw\Epic and CSCR hospital Dataset\Train\glioma\Te-gl_0155.jpg,glioma
data\raw\Epic and CSCR hospital Dataset\Train\glioma\G_756_VF_.jpg,glioma
data\raw\Epic and CSCR hospital Dataset\Train\notumor\N_390_RO_.jpg,notumor
data\raw\Epic and CSCR hospital Dataset\Train\pituitary\P_731_DA_.jpg,pituitary
data\raw\Epic and CSCR hospital Dataset\Train\glioma\gg (623).jpg,glioma
data\raw\Epic and CSCR hospital Dataset\Train\pituitary\p (524).jpg,pituitary
data\raw\Epic and CSCR hospital Dataset\Train\pituitary\Tr-pi_1155.jpg,pituitary
data\raw\Epic and CSCR hospital Dataset\Train\glioma\gg (467).jpg,glioma
data\raw\Epic and CSCR hospital Dataset\Train\glioma\gg (627).jpg,glioma
data\raw\Epic and CSCR hospital Dataset\Train\glioma\Te-gl_0209.jpg,glioma
data\raw\Epic and CSCR hospital Dataset\Train\notumor\1694.jpg,notumor
data\raw\Epic and CSCR hospital Dataset\Train\pituitary\Tr-pi_0993.jpg,pituitary
data\raw\Epic and CSCR hospital Dataset\Train\meningioma\1432.jpg,meningioma
data\raw\Epic and CSCR hospital Dataset\Train\notumor\N_380_SP_.jpg,notumor
data\raw\Epic and CSCR hospital Dataset\Train\meningioma\M_846_HF_.jpg,meningioma
data\raw\Epic and CSCR hospital Dataset\Train\notumor\N_377_SP_.jpg,notumor
data\raw\Epic and CSCR hospital Dataset\Train\pituitary\Tr-pi_0146.jpg,pituitary
data\raw\Epic and CSCR hospital Dataset\Train\pituitary\Tr-pi_0055.jpg,pituitary
data\raw\Epic and CSCR hospital Dataset\Train\glioma\G_841_BR_.jpg,glioma
data\raw\Epic and CSCR hospital Dataset\Train\pituitary\Te-pi_0050.jpg,pituitary
data\raw\Epic and CSCR hospital Dataset\Train\meningioma\1418.jpg,meningioma
data\raw\Epic and CSCR hospital Dataset\Train\glioma\G_879_BR_.jpg,glioma
data\raw\Epic and CSCR hospital Dataset\Train\meningioma\Te-me_0262.jpg,meningioma
data\raw\Epic and CSCR hospital Dataset\Train\glioma\G_88_HF_.jpg,glioma
data\raw\Epic and CSCR hospital Dataset\Train\meningioma\M_863_HF_.jpg,meningioma
data\raw\Epic and CSCR hospital Dataset\Train\pituitary\Te-pi_0146.jpg,pituitary
data\raw\Epic and CSCR hospital Dataset\Train\glioma\image(31).jpg,glioma
data\raw\Epic and CSCR hospital Dataset\Train\pituitary\P_751_VF_.jpg,pituitary
data\raw\Epic and CSCR hospital Dataset\Train\notumor\Te-no_0224.jpg,notumor
data\raw\Epic and CSCR hospital Dataset\Train\meningioma\Tr-me_1238.jpg,meningioma
data\raw\Epic and CSCR hospital Dataset\Train\meningioma\Tr-me_0988.jpg,meningioma
data\raw\Epic and CSCR hospital Dataset\Train\meningioma\m2 (23).jpg,meningioma
data\raw\Epic and CSCR hospital Dataset\Train\pituitary\p (490).jpg,pituitary
data\raw\Epic and CSCR hospital Dataset\Train\pituitary\P_78_HF_.jpg,pituitary
data\raw\Epic and CSCR hospital Dataset\Train\notumor\Te-no_0274.jpg,notumor
data\raw\Epic and CSCR hospital Dataset\Train\glioma\gg (43).jpg,glioma
data\raw\Epic and CSCR hospital Dataset\Train\glioma\Tr-gl_0874.jpg,glioma
data\raw\Epic and CSCR hospital Dataset\Train\glioma\G_710_BR_.jpg,glioma
data\raw\Epic and CSCR hospital Dataset\Train\pituitary\P_741_VF_.jpg,pituitary
data\raw\Epic and CSCR hospital Dataset\Train\meningioma\M_857.jpg,meningioma
data\raw\Epic and CSCR hospital Dataset\Train\pituitary\P_822_DA_.jpg,pituitary
data\raw\Epic and CSCR hospital Dataset\Train\glioma\G_748_BR_.jpg,glioma
data\raw\Epic and CSCR hospital Dataset\Train\notumor\N_398_SP_.jpg,notumor
data\raw\Epic and CSCR hospital Dataset\Train\meningioma\Tr-me_0102.jpg,meningioma
data\raw\Epic and CSCR hospital Dataset\Train\glioma\Tr-gl_0095.jpg,glioma
data\raw\Epic and CSCR hospital Dataset\Train\meningioma\Tr-me_0935.jpg,meningioma
data\raw\Epic and CSCR hospital Dataset\Train\meningioma\Tr-me_0233.jpg,meningioma
data\raw\Epic and CSCR hospital Dataset\Train\pituitary\Te-pi_0151.jpg,pituitary
data\raw\Epic and CSCR hospital Dataset\Train\pituitary\Te-pi_0087.jpg,pituitary
data\raw\Epic and CSCR hospital Dataset\Train\meningioma\M_844_DA_.jpg,meningioma
data\raw\Epic and CSCR hospital Dataset\Train\meningioma\Tr-me_0209.jpg,meningioma
data\raw\Epic and CSCR hospital Dataset\Train\meningioma\M_871_SP_.jpg,meningioma
data\raw\Epic and CSCR hospital Dataset\Train\meningioma\Tr-me_1223.jpg,meningioma
data\raw\Epic and CSCR hospital Dataset\Train\notumor\Tr-no_0227.jpg,notumor
data\raw\Epic and CSCR hospital Dataset\Train\meningioma\Tr-me_0970.jpg,meningioma
data\raw\Epic and CSCR hospital Dataset\Train\meningioma\M_852_DA_.jpg,meningioma
data\raw\Epic and CSCR hospital Dataset\Train\pituitary\P_779_RO_.jpg,pituitary
data\raw\Epic and CSCR hospital Dataset\Train\glioma\G_744.jpg,glioma
data\raw\Epic and CSCR hospital Dataset\Train\notumor\Tr-no_0438.jpg,notumor
data\raw\Epic and CSCR hospital Dataset\Train\meningioma\M_822_DA_.jpg,meningioma
data\raw\Epic and CSCR hospital Dataset\Train\notumor\no 90.jpg,notumor
data\raw\Epic and CSCR hospital Dataset\Train\pituitary\P_755_BR_.jpg,pituitary
data\raw\Epic and CSCR hospital Dataset\Train\pituitary\P_780_SP_.jpg,pituitary
data\raw\Epic and CSCR hospital Dataset\Train\notumor\Tr-no_0313.jpg,notumor
data\raw\Epic and CSCR hospital Dataset\Train\pituitary\Tr-pi_0792.jpg,pituitary
data\raw\Epic and CSCR hospital Dataset\Train\glioma\G_816_SP_.jpg,glioma
data\raw\Epic and CSCR hospital Dataset\Train\pituitary\P_760_HF_.jpg,pituitary
data\raw\Epic and CSCR hospital Dataset\Train\glioma\G_767_RO_.jpg,glioma
data\raw\Epic and CSCR hospital Dataset\Train\glioma\gg (671).jpg,glioma
data\raw\Epic and CSCR hospital Dataset\Train\glioma\gg (677).jpg,glioma
data\raw\Epic and CSCR hospital Dataset\Train\pituitary\P_778_HF_.jpg,pituitary
data\raw\Epic and CSCR hospital Dataset\Train\meningioma\Tr-me_0077.jpg,meningioma
data\raw\Epic and CSCR hospital Dataset\Train\pituitary\P_716.jpg,pituitary
data\raw\Epic and CSCR hospital Dataset\Train\notumor\N_370_BR_.jpg,notumor
data\raw\Epic and CSCR hospital Dataset\Train\meningioma\Te-me_0207.jpg,meningioma
data\raw\Epic and CSCR hospital Dataset\Train\glioma\G_824_DA_.jpg,glioma
data\raw\Epic and CSCR hospital Dataset\Train\glioma\G_743_HF_.jpg,glioma
data\raw\Epic and CSCR hospital Dataset\Train\pituitary\Tr-pi_1133.jpg,pituitary
data\raw\Epic and CSCR hospital Dataset\Train\notumor\Tr-no_0537.jpg,notumor
data\raw\Epic and CSCR hospital Dataset\Train\pituitary\P_747_HF_.jpg,pituitary
data\raw\Epic and CSCR hospital Dataset\Train\glioma\G_832_HF_.jpg,glioma
data\raw\Epic and CSCR hospital Dataset\Train\glioma\G_802.jpg,glioma
data\raw\Epic and CSCR hospital Dataset\Train\pituitary\P_812_HF_.jpg,pituitary
data\raw\Epic and CSCR hospital Dataset\Train\glioma\gg (464).jpg,glioma
data\raw\Epic and CSCR hospital Dataset\Train\meningioma\Te-me_0179.jpg,meningioma
data\raw\Epic and CSCR hospital Dataset\Train\notumor\N_430_BR_.jpg,notumor
data\raw\Epic and CSCR hospital Dataset\Train\pituitary\P_827_HF_.jpg,pituitary
data\raw\Epic and CSCR hospital Dataset\Train\pituitary\P_759.jpg,pituitary
data\raw\Epic and CSCR hospital Dataset\Train\pituitary\P_826.jpg,pituitary
data\raw\Epic and CSCR hospital Dataset\Train\glioma\G_828_BR_.jpg,glioma
data\raw\Epic and CSCR hospital Dataset\Train\glioma\Tr-gl_1161.jpg,glioma
data\raw\Epic and CSCR hospital Dataset\Train\glioma\G_842_BR_.jpg,glioma
data\raw\Epic and CSCR hospital Dataset\Train\pituitary\p (512).jpg,pituitary
data\raw\Epic and CSCR hospital Dataset\Train\meningioma\Tr-me_0862.jpg,meningioma
data\raw\Epic and CSCR hospital Dataset\Train\pituitary\Tr-pi_0992.jpg,pituitary
data\raw\Epic and CSCR hospital Dataset\Train\pituitary\Tr-pi_1240.jpg,pituitary
data\raw\Epic and CSCR hospital Dataset\Train\pituitary\P_76_BR_.jpg,pituitary
data\raw\Epic and CSCR hospital Dataset\Train\meningioma\Tr-me_0244.jpg,meningioma
data\raw\Epic and CSCR hospital Dataset\Train\glioma\Tr-gl_0431.jpg,glioma
data\raw\Epic and CSCR hospital Dataset\Train\pituitary\Tr-pi_1194.jpg,pituitary
data\raw\Epic and CSCR hospital Dataset\Train\pituitary\1179.jpg,pituitary
data\raw\Epic and CSCR hospital Dataset\Train\notumor\Te-no_0236.jpg,notumor
data\raw\Epic and CSCR hospital Dataset\Train\notumor\N_418_VF_.jpg,notumor
data\raw\Epic and CSCR hospital Dataset\Train\notumor\Te-no_0244.jpg,notumor
data\raw\Epic and CSCR hospital Dataset\Train\meningioma\m2 (44).jpg,meningioma
data\raw\Epic and CSCR hospital Dataset\Train\glioma\Tr-gl_0877.jpg,glioma
data\raw\Epic and CSCR hospital Dataset\Train\pituitary\Tr-pi_0545.jpg,pituitary
data\raw\Epic and CSCR hospital Dataset\Train\notumor\Tr-no_0630.jpg,notumor
data\raw\Epic and CSCR hospital Dataset\Train\meningioma\M_857_VF_.jpg,meningioma
data\raw\Epic and CSCR hospital Dataset\Train\pituitary\Tr-pi_0686.jpg,pituitary
data\raw\Epic and CSCR hospital Dataset\Train\glioma\Tr-gl_0217.jpg,glioma
data\raw\Epic and CSCR hospital Dataset\Train\glioma\Tr-gl_0979.jpg,glioma
data\raw\Epic and CSCR hospital Dataset\Train\meningioma\Tr-me_0959.jpg,meningioma
data\raw\Epic and CSCR hospital Dataset\Train\notumor\Tr-no_0273.jpg,notumor
data\raw\Epic and CSCR hospital Dataset\Train\glioma\Tr-gl_0238.jpg,glioma
data\raw\Epic and CSCR hospital Dataset\Train\meningioma\Tr-me_0265.jpg,meningioma
data\raw\Epic and CSCR hospital Dataset\Train\meningioma\Tr-me_0236.jpg,meningioma
data\raw\Epic and CSCR hospital Dataset\Train\notumor\N_390.jpg,notumor
data\raw\Epic and CSCR hospital Dataset\Train\glioma\G_859_BR_.jpg,glioma
data\raw\Epic and CSCR hospital Dataset\Train\glioma\G_895_SP_.jpg,glioma
data\raw\Epic and CSCR hospital Dataset\Train\meningioma\Tr-me_0852.jpg,meningioma
data\raw\Epic and CSCR hospital Dataset\Train\glioma\Tr-gl_0981.jpg,glioma
data\raw\Epic and CSCR hospital Dataset\Train\pituitary\Te-pi_0110.jpg,pituitary
data\raw\Epic and CSCR hospital Dataset\Train\meningioma\1329.jpg,meningioma
data\raw\Epic and CSCR hospital Dataset\Train\meningioma\M_885_RO_.jpg,meningioma
data\raw\Epic and CSCR hospital Dataset\Train\meningioma\Te-me_0167.jpg,meningioma
data\raw\Epic and CSCR hospital Dataset\Train\notumor\Tr-no_0055.jpg,notumor
data\raw\Epic and CSCR hospital Dataset\Train\pituitary\P_769_SP_.jpg,pituitary
data\raw\Epic and CSCR hospital Dataset\Train\glioma\Tr-gl_0451.jpg,glioma
data\raw\Epic and CSCR hospital Dataset\Train\pituitary\P_83.jpg,pituitary
data\raw\Epic and CSCR hospital Dataset\Train\meningioma\Tr-me_1114.jpg,meningioma
data\raw\Epic and CSCR hospital Dataset\Train\glioma\Te-gl_0184.jpg,glioma
data\raw\Epic and CSCR hospital Dataset\Train\pituitary\1185.jpg,pituitary
data\raw\Epic and CSCR hospital Dataset\Train\glioma\Tr-gl_0864.jpg,glioma
data\raw\Epic and CSCR hospital Dataset\Train\notumor\N_371_HF_.jpg,notumor
data\raw\Epic and CSCR hospital Dataset\Train\glioma\Tr-gl_0916.jpg,glioma
data\raw\Epic and CSCR hospital Dataset\Train\meningioma\M_844.jpg,meningioma
data\raw\Epic and CSCR hospital Dataset\Train\meningioma\Tr-me_0920.jpg,meningioma
data\raw\Epic and CSCR hospital Dataset\Train\glioma\Tr-gl_0261.jpg,glioma
data\raw\Epic and CSCR hospital Dataset\Train\glioma\Tr-gl_1114.jpg,glioma
data\raw\Epic and CSCR hospital Dataset\Train\glioma\Tr-gl_1153.jpg,glioma
data\raw\Epic and CSCR hospital Dataset\Train\pituitary\p (562).jpg,pituitary
data\raw\Epic and CSCR hospital Dataset\Train\glioma\Tr-gl_0596.jpg,glioma
data\raw\Epic and CSCR hospital Dataset\Train\pituitary\Tr-pi_0666.jpg,pituitary
data\raw\Epic and CSCR hospital Dataset\Train\pituitary\P_767.jpg,pituitary
data\raw\Epic and CSCR hospital Dataset\Train\meningioma\Tr-me_0845.jpg,meningioma
data\raw\Epic and CSCR hospital Dataset\Train\glioma\Tr-gl_0225.jpg,glioma
data\raw\Epic and CSCR hospital Dataset\Train\glioma\Tr-gl_0989.jpg,glioma
data\raw\Epic and CSCR hospital Dataset\Train\glioma\G_887_SP_.jpg,glioma
data\raw\Epic and CSCR hospital Dataset\Train\meningioma\M_832.jpg,meningioma
data\raw\Epic and CSCR hospital Dataset\Train\notumor\Te-no_0164.jpg,notumor
data\raw\Epic and CSCR hospital Dataset\Train\meningioma\M_826.jpg,meningioma
data\raw\Epic and CSCR hospital Dataset\Train\glioma\G_87_DA_.jpg,glioma
data\raw\Epic and CSCR hospital Dataset\Train\glioma\Tr-gl_0247.jpg,glioma
data\raw\Epic and CSCR hospital Dataset\Train\notumor\15 no.jpg,notumor
data\raw\Epic and CSCR hospital Dataset\Train\meningioma\Tr-me_1012.jpg,meningioma
data\raw\Epic and CSCR hospital Dataset\Train\glioma\G_757_RO_.jpg,glioma
data\raw\Epic and CSCR hospital Dataset\Train\pituitary\P_837_HF_.jpg,pituitary
data\raw\Epic and CSCR hospital Dataset\Train\notumor\Tr-no_0490.jpg,notumor
data\raw\Epic and CSCR hospital Dataset\Train\notumor\no.jpg,notumor
data\raw\Epic and CSCR hospital Dataset\Train\meningioma\Te-me_0134.jpg,meningioma
data\raw\Epic and CSCR hospital Dataset\Train\glioma\Tr-gl_1062.jpg,glioma
data\raw\Epic and CSCR hospital Dataset\Train\meningioma\Tr-me_0287.jpg,meningioma
data\raw\Epic and CSCR hospital Dataset\Train\glioma\G_777_SP_.jpg,glioma
data\raw\Epic and CSCR hospital Dataset\Train\glioma\Tr-gl_0363.jpg,glioma
data\raw\Epic and CSCR hospital Dataset\Train\pituitary\Tr-pi_0662.jpg,pituitary
data\raw\Epic and CSCR hospital Dataset\Train\meningioma\1425.jpg,meningioma
data\raw\Epic and CSCR hospital Dataset\Train\glioma\G_842_SP_.jpg,glioma
data\raw\Epic and CSCR hospital Dataset\Train\glioma\Tr-gl_0861.jpg,glioma
data\raw\Epic and CSCR hospital Dataset\Train\meningioma\Tr-me_0039.jpg,meningioma
data\raw\Epic and CSCR hospital Dataset\Train\glioma\Te-gl_0130.jpg,glioma
data\raw\Epic and CSCR hospital Dataset\Train\meningioma\Tr-me_1157.jpg,meningioma
data\raw\Epic and CSCR hospital Dataset\Train\pituitary\Tr-pi_0559.jpg,pituitary
data\raw\Epic and CSCR hospital Dataset\Train\meningioma\M_876.jpg,meningioma
data\raw\Epic and CSCR hospital Dataset\Train\meningioma\1336.jpg,meningioma
data\raw\Epic and CSCR hospital Dataset\Train\meningioma\Te-me_0244.jpg,meningioma
data\raw\Epic and CSCR hospital Dataset\Train\meningioma\Tr-me_0260.jpg,meningioma
data\raw\Epic and CSCR hospital Dataset\Train\meningioma\M_834_SP_.jpg,meningioma
data\raw\Epic and CSCR hospital Dataset\Train\meningioma\Tr-me_1113.jpg,meningioma
data\raw\Epic and CSCR hospital Dataset\Train\notumor\Te-no_0296.jpg,notumor
data\raw\Epic and CSCR hospital Dataset\Train\notumor\N_423_DA_.jpg,notumor
data\raw\Epic and CSCR hospital Dataset\Train\glioma\gg (556).jpg,glioma
data\raw\Epic and CSCR hospital Dataset\Train\glioma\Tr-gl_0364.jpg,glioma
data\raw\Epic and CSCR hospital Dataset\Train\notumor\N_400_VF_.jpg,notumor
data\raw\Epic and CSCR hospital Dataset\Train\glioma\G_871_VF_.jpg,glioma
data\raw\Epic and CSCR hospital Dataset\Train\glioma\G_848_VF_.jpg,glioma
data\raw\Epic and CSCR hospital Dataset\Train\pituitary\P_808_DA_.jpg,pituitary
data\raw\Epic and CSCR hospital Dataset\Train\glioma\G_785.jpg,glioma
data\raw\Epic and CSCR hospital Dataset\Train\meningioma\Tr-me_0829.jpg,meningioma
data\raw\Epic and CSCR hospital Dataset\Train\glioma\gg (490).jpg,glioma
data\raw\Epic and CSCR hospital Dataset\Train\meningioma\m3 (12).jpg,meningioma
data\raw\Epic and CSCR hospital Dataset\Train\pituitary\P_764_BR_.jpg,pituitary
data\raw\Epic and CSCR hospital Dataset\Train\meningioma\m3 (180).jpg,meningioma
data\raw\Epic and CSCR hospital Dataset\Train\glioma\G_704_DA_.jpg,glioma
data\raw\Epic and CSCR hospital Dataset\Train\meningioma\m2 (97).jpg,meningioma
data\raw\Epic and CSCR hospital Dataset\Train\meningioma\Te-me_0234.jpg,meningioma
data\raw\Epic and CSCR hospital Dataset\Train\meningioma\M_860_DA_.jpg,meningioma
data\raw\Epic and CSCR hospital Dataset\Train\meningioma\1398.jpg,meningioma
data\raw\Epic and CSCR hospital Dataset\Train\glioma\G_850_VF_.jpg,glioma
data\raw\Epic and CSCR hospital Dataset\Train\glioma\Te-gl_0105.jpg,glioma
data\raw\Epic and CSCR hospital Dataset\Train\notumor\Te-no_0277.jpg,notumor
data\raw\Epic and CSCR hospital Dataset\Train\pituitary\Tr-pi_0053.jpg,pituitary
data\raw\Epic and CSCR hospital Dataset\Train\notumor\1693.jpg,notumor
data\raw\Epic and CSCR hospital Dataset\Train\pituitary\Te-pi_0140.jpg,pituitary
data\raw\Epic and CSCR hospital Dataset\Train\glioma\G_854_VF_.jpg,glioma
data\raw\Epic and CSCR hospital Dataset\Train\meningioma\M_871_HF_.jpg,meningioma
data\raw\Epic and CSCR hospital Dataset\Train\notumor\Te-no_0301.jpg,notumor
data\raw\Epic and CSCR hospital Dataset\Train\pituitary\P_805_HF_.jpg,pituitary
data\raw\Epic and CSCR hospital Dataset\Train\meningioma\1311.jpg,meningioma
data\raw\Epic and CSCR hospital Dataset\Train\glioma\Tr-gl_0904.jpg,glioma
data\raw\Epic and CSCR hospital Dataset\Train\meningioma\Tr-me_0289.jpg,meningioma
data\raw\Epic and CSCR hospital Dataset\Train\pituitary\Tr-pi_1175.jpg,pituitary
data\raw\Epic and CSCR hospital Dataset\Train\meningioma\Tr-me_0847.jpg,meningioma
data\raw\Epic and CSCR hospital Dataset\Train\meningioma\m3 (134).jpg,meningioma
data\raw\Epic and CSCR hospital Dataset\Train\notumor\Tr-no_0285.jpg,notumor
data\raw\Epic and CSCR hospital Dataset\Train\glioma\G_789_SP_.jpg,glioma
data\raw\Epic and CSCR hospital Dataset\Train\pituitary\P_774_HF_.jpg,pituitary
data\raw\Epic and CSCR hospital Dataset\Train\meningioma\Te-me_0085.jpg,meningioma
data\raw\Epic and CSCR hospital Dataset\Train\meningioma\M_865_VF_.jpg,meningioma
data\raw\Epic and CSCR hospital Dataset\Train\glioma\Tr-gl_0793.jpg,glioma
data\raw\Epic and CSCR hospital Dataset\Train\pituitary\Tr-pi_0646.jpg,pituitary
data\raw\Epic and CSCR hospital Dataset\Train\glioma\G_811_DA_.jpg,glioma
data\raw\Epic and CSCR hospital Dataset\Train\pituitary\Te-pi_0083.jpg,pituitary
data\raw\Epic and CSCR hospital Dataset\Train\pituitary\P_777_DA_.jpg,pituitary
data\raw\Epic and CSCR hospital Dataset\Train\notumor\Te-no_0141.jpg,notumor
data\raw\Epic and CSCR hospital Dataset\Train\pituitary\Tr-pi_1165.jpg,pituitary
data\raw\Epic and CSCR hospital Dataset\Train\pituitary\Te-pi_0099.jpg,pituitary
data\raw\Epic and CSCR hospital Dataset\Train\glioma\gg (421).jpg,glioma
data\raw\Epic and CSCR hospital Dataset\Train\glioma\G_740_VF_.jpg,glioma
data\raw\Epic and CSCR hospital Dataset\Train\meningioma\M_843_HF_.jpg,meningioma
data\raw\Epic and CSCR hospital Dataset\Train\glioma\gg (330).jpg,glioma
data\raw\Epic and CSCR hospital Dataset\Train\glioma\Tr-gl_0526.jpg,glioma
data\raw\Epic and CSCR hospital Dataset\Train\pituitary\Tr-pi_0141.jpg,pituitary
data\raw\Epic and CSCR hospital Dataset\Train\meningioma\Tr-me_0898.jpg,meningioma
data\raw\Epic and CSCR hospital Dataset\Train\pituitary\P_793_VF_.jpg,pituitary
data\raw\Epic and CSCR hospital Dataset\Train\meningioma\Tr-me_0115.jpg,meningioma
data\raw\Epic and CSCR hospital Dataset\Train\notumor\No22.jpg,notumor
data\raw\Epic and CSCR hospital Dataset\Train\notumor\Te-no_0078.jpg,notumor
data\raw\Epic and CSCR hospital Dataset\Train\glioma\Te-gl_0219.jpg,glioma
data\raw\Epic and CSCR hospital Dataset\Train\notumor\Te-no_0150.jpg,notumor
data\raw\Epic and CSCR hospital Dataset\Train\notumor\Tr-no_0058.jpg,notumor
data\raw\Epic and CSCR hospital Dataset\Train\notumor\Tr-no_0112.jpg,notumor
data\raw\Epic and CSCR hospital Dataset\Train\glioma\G_806_DA_.jpg,glioma
data\raw\Epic and CSCR hospital Dataset\Train\pituitary\p (520).jpg,pituitary
data\raw\Epic and CSCR hospital Dataset\Train\notumor\Tr-no_0254.jpg,notumor
data\raw\Epic and CSCR hospital Dataset\Train\glioma\Te-gl_0139.jpg,glioma
data\raw\Epic and CSCR hospital Dataset\Train\pituitary\P_777.jpg,pituitary
data\raw\Epic and CSCR hospital Dataset\Train\pituitary\Tr-pi_0794.jpg,pituitary
data\raw\Epic and CSCR hospital Dataset\Train\notumor\N_382.jpg,notumor
data\raw\Epic and CSCR hospital Dataset\Train\pituitary\P_814_SP_.jpg,pituitary
data\raw\Epic and CSCR hospital Dataset\Train\glioma\G_876_HF_.jpg,glioma
data\raw\Epic and CSCR hospital Dataset\Train\glioma\G_759_DA_.jpg,glioma
data\raw\Epic and CSCR hospital Dataset\Train\meningioma\Tr-me_1250.jpg,meningioma
data\raw\Epic and CSCR hospital Dataset\Train\glioma\gg (583).jpg,glioma
data\raw\Epic and CSCR hospital Dataset\Train\pituitary\P_796_RO_.jpg,pituitary
data\raw\Epic and CSCR hospital Dataset\Train\notumor\Te-no_0216.jpg,notumor
data\raw\Epic and CSCR hospital Dataset\Train\meningioma\Tr-me_0900.jpg,meningioma
data\raw\Epic and CSCR hospital Dataset\Train\glioma\G_799_SP_.jpg,glioma
data\raw\Epic and CSCR hospital Dataset\Train\pituitary\P_712_RO_.jpg,pituitary
data\raw\Epic and CSCR hospital Dataset\Train\glioma\G_786_BR_.jpg,glioma
data\raw\Epic and CSCR hospital Dataset\Train\pituitary\p (518).jpg,pituitary
data\raw\Epic and CSCR hospital Dataset\Train\notumor\Tr-no_0563.jpg,notumor
data\raw\Epic and CSCR hospital Dataset\Train\notumor\Tr-no_0646.jpg,notumor
data\raw\Epic and CSCR hospital Dataset\Train\meningioma\M_845_BR_.jpg,meningioma
data\raw\Epic and CSCR hospital Dataset\Train\meningioma\Tr-me_0974.jpg,meningioma
data\raw\Epic and CSCR hospital Dataset\Train\glioma\Te-gl_0100.jpg,glioma
data\raw\Epic and CSCR hospital Dataset\Train\glioma\Tr-gl_0986.jpg,glioma
data\raw\Epic and CSCR hospital Dataset\Train\glioma\G_793_HF_.jpg,glioma
data\raw\Epic and CSCR hospital Dataset\Train\meningioma\Te-me_0226.jpg,meningioma
data\raw\Epic and CSCR hospital Dataset\Train\notumor\Te-no_0137.jpg,notumor
data\raw\Epic and CSCR hospital Dataset\Train\glioma\Tr-gl_1214.jpg,glioma
data\raw\Epic and CSCR hospital Dataset\Train\meningioma\Tr-me_0229.jpg,meningioma
data\raw\Epic and CSCR hospital Dataset\Train\glioma\G_716_DA_.jpg,glioma
data\raw\Epic and CSCR hospital Dataset\Train\glioma\gg (495).jpg,glioma
data\raw\Epic and CSCR hospital Dataset\Train\notumor\Tr-no_0188.jpg,notumor
data\raw\Epic and CSCR hospital Dataset\Train\meningioma\Tr-me_1187.jpg,meningioma
data\raw\Epic and CSCR hospital Dataset\Train\pituitary\Tr-pi_0587.jpg,pituitary
data\raw\Epic and CSCR hospital Dataset\Train\glioma\G_710_RO_.jpg,glioma
data\raw\Epic and CSCR hospital Dataset\Train\glioma\Tr-gl_1138.jpg,glioma
data\raw\Epic and CSCR hospital Dataset\Train\meningioma\1344.jpg,meningioma
data\raw\Epic and CSCR hospital Dataset\Train\glioma\Te-gl_0097.jpg,glioma
data\raw\Epic and CSCR hospital Dataset\Train\pituitary\P_809_BR_.jpg,pituitary
data\raw\Epic and CSCR hospital Dataset\Train\glioma\G_840_BR_.jpg,glioma
data\raw\Epic and CSCR hospital Dataset\Train\notumor\N19.JPG,notumor
data\raw\Epic and CSCR hospital Dataset\Train\meningioma\1331.jpg,meningioma
data\raw\Epic and CSCR hospital Dataset\Train\glioma\Tr-gl_1188.jpg,glioma
data\raw\Epic and CSCR hospital Dataset\Train\pituitary\p (544).jpg,pituitary
data\raw\Epic and CSCR hospital Dataset\Train\glioma\G_715_BR_.jpg,glioma
data\raw\Epic and CSCR hospital Dataset\Train\glioma\G_778_HF_.jpg,glioma
data\raw\Epic and CSCR hospital Dataset\Train\meningioma\Te-me_0165.jpg,meningioma
data\raw\Epic and CSCR hospital Dataset\Train\pituitary\Tr-pi_0049.jpg,pituitary
data\raw\Epic and CSCR hospital Dataset\Train\pituitary\P_729_HF_.jpg,pituitary
data\raw\Epic and CSCR hospital Dataset\Train\glioma\G_728_VF_.jpg,glioma
data\raw\Epic and CSCR hospital Dataset\Train\glioma\G_724_HF_.jpg,glioma
data\raw\Epic and CSCR hospital Dataset\Train\glioma\G_839_DA_.jpg,glioma
data\raw\Epic and CSCR hospital Dataset\Train\pituitary\P_770_BR_.jpg,pituitary
data\raw\Epic and CSCR hospital Dataset\Train\pituitary\P_771.jpg,pituitary
data\raw\Epic and CSCR hospital Dataset\Train\glioma\gg (539).jpg,glioma
data\raw\Epic and CSCR hospital Dataset\Train\notumor\Te-no_0119.jpg,notumor
data\raw\Epic and CSCR hospital Dataset\Train\notumor\N_37_VF_.jpg,notumor
data\raw\Epic and CSCR hospital Dataset\Train\pituitary\Tr-pi_1201.jpg,pituitary
data\raw\Epic and CSCR hospital Dataset\Train\notumor\Tr-no_0667.jpg,notumor
data\raw\Epic and CSCR hospital Dataset\Train\pituitary\P_739_SP_.jpg,pituitary
data\raw\Epic and CSCR hospital Dataset\Train\meningioma\m2 (172).jpg,meningioma
data\raw\Epic and CSCR hospital Dataset\Train\notumor\1852.jpg,notumor
data\raw\Epic and CSCR hospital Dataset\Train\meningioma\m2 (102).jpg,meningioma
data\raw\Epic and CSCR hospital Dataset\Train\notumor\Tr-no_0582.jpg,notumor
data\raw\Epic and CSCR hospital Dataset\Train\glioma\G_733_BR_.jpg,glioma
data\raw\Epic and CSCR hospital Dataset\Train\meningioma\Tr-me_0813.jpg,meningioma
data\raw\Epic and CSCR hospital Dataset\Train\glioma\Tr-gl_0305.jpg,glioma
data\raw\Epic and CSCR hospital Dataset\Train\meningioma\Tr-me_0917.jpg,meningioma
data\raw\Epic and CSCR hospital Dataset\Train\meningioma\M_858_SP_.jpg,meningioma
data\raw\Epic and CSCR hospital Dataset\Train\pituitary\P_820_RO_.jpg,pituitary
data\raw\Epic and CSCR hospital Dataset\Train\glioma\G_808_VF_.jpg,glioma
data\raw\Epic and CSCR hospital Dataset\Train\notumor\Tr-no_0541.jpg,notumor
data\raw\Epic and CSCR hospital Dataset\Train\pituitary\P_804_BR_.jpg,pituitary
data\raw\Epic and CSCR hospital Dataset\Train\notumor\Tr-no_0256.jpg,notumor
data\raw\Epic and CSCR hospital Dataset\Train\notumor\1827.jpg,notumor
data\raw\Epic and CSCR hospital Dataset\Train\notumor\N_395_SP_.jpg,notumor
data\raw\Epic and CSCR hospital Dataset\Train\pituitary\P_797_RO_.jpg,pituitary
data\raw\Epic and CSCR hospital Dataset\Train\pituitary\Tr-pi_1251.jpg,pituitary
data\raw\Epic and CSCR hospital Dataset\Train\notumor\1593.jpg,notumor
data\raw\Epic and CSCR hospital Dataset\Train\pituitary\P_740_SP_.jpg,pituitary
data\raw\Epic and CSCR hospital Dataset\Train\notumor\Tr-no_0317.jpg,notumor
data\raw\Epic and CSCR hospital Dataset\Train\meningioma\M_837_VF_.jpg,meningioma
data\raw\Epic and CSCR hospital Dataset\Train\pituitary\P_813_HF_.jpg,pituitary
data\raw\Epic and CSCR hospital Dataset\Train\glioma\G_805_BR_.jpg,glioma
data\raw\Epic and CSCR hospital Dataset\Train\glioma\Tr-gl_0887.jpg,glioma
data\raw\Epic and CSCR hospital Dataset\Train\pituitary\P_837_VF_.jpg,pituitary
data\raw\Epic and CSCR hospital Dataset\Train\pituitary\P_789_BR_.jpg,pituitary
data\raw\Epic and CSCR hospital Dataset\Train\meningioma\Tr-me_0871.jpg,meningioma
data\raw\Epic and CSCR hospital Dataset\Train\glioma\G_824.jpg,glioma
data\raw\Epic and CSCR hospital Dataset\Train\pituitary\Tr-pi_1138.jpg,pituitary
data\raw\Epic and CSCR hospital Dataset\Train\meningioma\Tr-me_0982.jpg,meningioma
data\raw\Epic and CSCR hospital Dataset\Train\glioma\G_843_HF_.jpg,glioma
data\raw\Epic and CSCR hospital Dataset\Train\glioma\Tr-gl_0885.jpg,glioma
data\raw\Epic and CSCR hospital Dataset\Train\meningioma\M_873_DA_.jpg,meningioma
data\raw\Epic and CSCR hospital Dataset\Train\meningioma\m2 (14).jpg,meningioma
data\raw\Epic and CSCR hospital Dataset\Train\pituitary\P_733_HF_.jpg,pituitary
data\raw\Epic and CSCR hospital Dataset\Train\glioma\G_874_RO_.jpg,glioma
data\raw\Epic and CSCR hospital Dataset\Train\glioma\G_793_DA_.jpg,glioma
data\raw\Epic and CSCR hospital Dataset\Train\glioma\gg (578).jpg,glioma
data\raw\Epic and CSCR hospital Dataset\Train\meningioma\Te-me_0088.jpg,meningioma
data\raw\Epic and CSCR hospital Dataset\Train\meningioma\Te-me_0205.jpg,meningioma
data\raw\Epic and CSCR hospital Dataset\Train\notumor\N_405_RO_.jpg,notumor
data\raw\Epic and CSCR hospital Dataset\Train\glioma\G_742_BR_.jpg,glioma
data\raw\Epic and CSCR hospital Dataset\Train\glioma\G_885_SP_.jpg,glioma
data\raw\Epic and CSCR hospital Dataset\Train\notumor\Te-no_0305.jpg,notumor
data\raw\Epic and CSCR hospital Dataset\Train\meningioma\Tr-me_0294.jpg,meningioma
data\raw\Epic and CSCR hospital Dataset\Train\notumor\N_397_SP_.jpg,notumor
data\raw\Epic and CSCR hospital Dataset\Train\glioma\G_831_RO_.jpg,glioma
data\raw\Epic and CSCR hospital Dataset\Train\notumor\Tr-no_0575.jpg,notumor
data\raw\Epic and CSCR hospital Dataset\Train\pituitary\P_734.jpg,pituitary
data\raw\Epic and CSCR hospital Dataset\Train\glioma\G_818.jpg,glioma
data\raw\Epic and CSCR hospital Dataset\Train\pituitary\Te-pi_0119.jpg,pituitary
data\raw\Epic and CSCR hospital Dataset\Train\glioma\G_720_DA_.jpg,glioma
data\raw\Epic and CSCR hospital Dataset\Train\glioma\Tr-gl_0507.jpg,glioma
data\raw\Epic and CSCR hospital Dataset\Train\glioma\Tr-gl_1121.jpg,glioma
data\raw\Epic and CSCR hospital Dataset\Train\glioma\G_884_BR_.jpg,glioma
data\raw\Epic and CSCR hospital Dataset\Train\pituitary\Tr-pi_0219.jpg,pituitary
data\raw\Epic and CSCR hospital Dataset\Train\meningioma\Tr-me_0992.jpg,meningioma
data\raw\Epic and CSCR hospital Dataset\Train\glioma\Tr-gl_1205.jpg,glioma
data\raw\Epic and CSCR hospital Dataset\Train\notumor\N_428_HF_.jpg,notumor
data\raw\Epic and CSCR hospital Dataset\Train\pituitary\Tr-pi_1245.jpg,pituitary
data\raw\Epic and CSCR hospital Dataset\Train\glioma\image(59).jpg,glioma
data\raw\Epic and CSCR hospital Dataset\Train\glioma\G_890_SP_.jpg,glioma
data\raw\Epic and CSCR hospital Dataset\Train\glioma\G_87_HF_.jpg,glioma
data\raw\Epic and CSCR hospital Dataset\Train\glioma\G_817_SP_.jpg,glioma
data\raw\Epic and CSCR hospital Dataset\Train\notumor\N_392.jpg,notumor
data\raw\Epic and CSCR hospital Dataset\Train\glioma\G_817.jpg,glioma
data\raw\Epic and CSCR hospital Dataset\Train\notumor\N_421_RO_.jpg,notumor
data\raw\Epic and CSCR hospital Dataset\Train\pituitary\p (497).jpg,pituitary
data\raw\Epic and CSCR hospital Dataset\Train\pituitary\P_784_DA_.jpg,pituitary
data\raw\Epic and CSCR hospital Dataset\Train\glioma\Tr-gl_0467.jpg,glioma
data\raw\Epic and CSCR hospital Dataset\Train\glioma\G_721_VF_.jpg,glioma
data\raw\Epic and CSCR hospital Dataset\Train\meningioma\M_867_DA_.jpg,meningioma
data\raw\Epic and CSCR hospital Dataset\Train\meningioma\M_866_VF_.jpg,meningioma
data\raw\Epic and CSCR hospital Dataset\Train\meningioma\1378.jpg,meningioma
data\raw\Epic and CSCR hospital Dataset\Train\glioma\Tr-gl_0995.jpg,glioma
data\raw\Epic and CSCR hospital Dataset\Train\notumor\image(140) - Copy.jpg,notumor
data\raw\Epic and CSCR hospital Dataset\Train\pituitary\P_705_RO_.jpg,pituitary
data\raw\Epic and CSCR hospital Dataset\Train\meningioma\Tr-me_0213.jpg,meningioma
data\raw\Epic and CSCR hospital Dataset\Train\glioma\G_828.jpg,glioma
data\raw\Epic and CSCR hospital Dataset\Train\notumor\Tr-no_0581.jpg,notumor
data\raw\Epic and CSCR hospital Dataset\Train\glioma\G_764_SP_.jpg,glioma
data\raw\Epic and CSCR hospital Dataset\Train\glioma\Tr-gl_0933.jpg,glioma
data\raw\Epic and CSCR hospital Dataset\Train\glioma\Tr-gl_0094.jpg,glioma
data\raw\Epic and CSCR hospital Dataset\Train\meningioma\m2 (72).jpg,meningioma
data\raw\Epic and CSCR hospital Dataset\Train\meningioma\Tr-me_1104.jpg,meningioma
data\raw\Epic and CSCR hospital Dataset\Train\glioma\Tr-gl_0316.jpg,glioma
data\raw\Epic and CSCR hospital Dataset\Train\pituitary\P_786_DA_.jpg,pituitary
data\raw\Epic and CSCR hospital Dataset\Train\glioma\G_781.jpg,glioma
data\raw\Epic and CSCR hospital Dataset\Train\pituitary\P_739_HF_.jpg,pituitary
data\raw\Epic and CSCR hospital Dataset\Train\glioma\Tr-gl_0147.jpg,glioma
data\raw\Epic and CSCR hospital Dataset\Train\meningioma\Te-me_0193.jpg,meningioma
data\raw\Epic and CSCR hospital Dataset\Train\notumor\Tr-no_0178.jpg,notumor
data\raw\Epic and CSCR hospital Dataset\Train\glioma\Tr-gl_0306.jpg,glioma
data\raw\Epic and CSCR hospital Dataset\Train\notumor\Te-no_0223.jpg,notumor
data\raw\Epic and CSCR hospital Dataset\Train\pituitary\P_843_SP_.jpg,pituitary
data\raw\Epic and CSCR hospital Dataset\Train\glioma\Tr-gl_0546.jpg,glioma
data\raw\Epic and CSCR hospital Dataset\Train\glioma\Tr-gl_0919.jpg,glioma
data\raw\Epic and CSCR hospital Dataset\Train\glioma\G_772_RO_.jpg,glioma
data\raw\Epic and CSCR hospital Dataset\Train\pituitary\P_767_VF_.jpg,pituitary
data\raw\Epic and CSCR hospital Dataset\Train\glioma\Te-gl_0110.jpg,glioma
data\raw\Epic and CSCR hospital Dataset\Train\meningioma\M_848_HF_.jpg,meningioma
data\raw\Epic and CSCR hospital Dataset\Train\glioma\Tr-gl_0557.jpg,glioma
data\raw\Epic and CSCR hospital Dataset\Train\meningioma\Tr-me_0863.jpg,meningioma
data\raw\Epic and CSCR hospital Dataset\Train\glioma\G_870_DA_.jpg,glioma
data\raw\Epic and CSCR hospital Dataset\Train\notumor\Te-no_0187.jpg,notumor
data\raw\Epic and CSCR hospital Dataset\Train\glioma\gg (660).jpg,glioma
data\raw\Epic and CSCR hospital Dataset\Train\pituitary\p (569).jpg,pituitary
data\raw\Epic and CSCR hospital Dataset\Train\notumor\Tr-no_0627.jpg,notumor
data\raw\Epic and CSCR hospital Dataset\Train\pituitary\P_833_DA_.jpg,pituitary
data\raw\Epic and CSCR hospital Dataset\Train\notumor\N_375.jpg,notumor
data\raw\Epic and CSCR hospital Dataset\Train\meningioma\M_877_BR_.jpg,meningioma
data\raw\Epic and CSCR hospital Dataset\Train\glioma\Tr-gl_0291.jpg,glioma
data\raw\Epic and CSCR hospital Dataset\Train\pituitary\P_829_SP_.jpg,pituitary
data\raw\Epic and CSCR hospital Dataset\Train\glioma\G_820_SP_.jpg,glioma
data\raw\Epic and CSCR hospital Dataset\Train\glioma\Tr-gl_1027.jpg,glioma
data\raw\Epic and CSCR hospital Dataset\Train\glioma\G_860_VF_.jpg,glioma
data\raw\Epic and CSCR hospital Dataset\Train\meningioma\Tr-me_1080.jpg,meningioma
data\raw\Epic and CSCR hospital Dataset\Train\pituitary\P_788_VF_.jpg,pituitary
data\raw\Epic and CSCR hospital Dataset\Train\meningioma\M_820_BR_.jpg,meningioma
data\raw\Epic and CSCR hospital Dataset\Train\meningioma\Tr-me_1061.jpg,meningioma
data\raw\Epic and CSCR hospital Dataset\Train\meningioma\M_880_BR_.jpg,meningioma
data\raw\Epic and CSCR hospital Dataset\Train\meningioma\Tr-me_0085.jpg,meningioma
data\raw\Epic and CSCR hospital Dataset\Train\glioma\gg (337).jpg,glioma
data\raw\Epic and CSCR hospital Dataset\Train\glioma\gg (666).jpg,glioma
data\raw\Epic and CSCR hospital Dataset\Train\meningioma\Tr-me_0272.jpg,meningioma
data\raw\Epic and CSCR hospital Dataset\Train\glioma\gg (535).jpg,glioma
data\raw\Epic and CSCR hospital Dataset\Train\notumor\N_387_HF_.jpg,notumor
data\raw\Epic and CSCR hospital Dataset\Train\glioma\Te-gl_0294.jpg,glioma
data\raw\Epic and CSCR hospital Dataset\Train\glioma\Tr-gl_0960.jpg,glioma
data\raw\Epic and CSCR hospital Dataset\Train\glioma\G_771_VF_.jpg,glioma
data\raw\Epic and CSCR hospital Dataset\Train\pituitary\Tr-pi_1388.jpg,pituitary
data\raw\Epic and CSCR hospital Dataset\Train\meningioma\Tr-me_0190.jpg,meningioma
data\raw\Epic and CSCR hospital Dataset\Train\meningioma\m2 (96).jpg,meningioma
data\raw\Epic and CSCR hospital Dataset\Train\pituitary\Tr-pi_0560.jpg,pituitary
data\raw\Epic and CSCR hospital Dataset\Train\pituitary\P_759_RO_.jpg,pituitary
data\raw\Epic and CSCR hospital Dataset\Train\pituitary\P_7_BR_.jpg,pituitary
data\raw\Epic and CSCR hospital Dataset\Train\meningioma\m2 (71).jpg,meningioma
data\raw\Epic and CSCR hospital Dataset\Train\glioma\G_734_DA_.jpg,glioma
data\raw\Epic and CSCR hospital Dataset\Train\notumor\N_51_SP_.jpg,notumor
data\raw\Epic and CSCR hospital Dataset\Train\meningioma\m3 (178).jpg,meningioma
data\raw\Epic and CSCR hospital Dataset\Train\meningioma\m1(71).jpg,meningioma
data\raw\Epic and CSCR hospital Dataset\Train\glioma\G_846_RO_.jpg,glioma
data\raw\Epic and CSCR hospital Dataset\Train\glioma\G_834_VF_.jpg,glioma
data\raw\Epic and CSCR hospital Dataset\Train\glioma\G_827_HF_.jpg,glioma
data\raw\Epic and CSCR hospital Dataset\Train\notumor\N_420.jpg,notumor
data\raw\Epic and CSCR hospital Dataset\Train\glioma\G_735_RO_.jpg,glioma
data\raw\Epic and CSCR hospital Dataset\Train\glioma\G_771_DA_.jpg,glioma
data\raw\Epic and CSCR hospital Dataset\Train\pituitary\Te-pi_0084.jpg,pituitary
data\raw\Epic and CSCR hospital Dataset\Train\glioma\G_789_VF_.jpg,glioma
data\raw\Epic and CSCR hospital Dataset\Train\pituitary\P_825_SP_.jpg,pituitary
data\raw\Epic and CSCR hospital Dataset\Train\glioma\G_804_HF_.jpg,glioma
data\raw\Epic and CSCR hospital Dataset\Train\notumor\N_404_DA_.jpg,notumor
data\raw\Epic and CSCR hospital Dataset\Train\glioma\image(75).jpg,glioma
data\raw\Epic and CSCR hospital Dataset\Train\pituitary\Tr-pi_1210.jpg,pituitary
data\raw\Epic and CSCR hospital Dataset\Train\meningioma\m2 (127).jpg,meningioma
data\raw\Epic and CSCR hospital Dataset\Train\meningioma\Te-me_0219.jpg,meningioma
data\raw\Epic and CSCR hospital Dataset\Train\pituitary\Te-pi_0159.jpg,pituitary
data\raw\Epic and CSCR hospital Dataset\Train\glioma\G_866_SP_.jpg,glioma
data\raw\Epic and CSCR hospital Dataset\Train\meningioma\M_843_DA_.jpg,meningioma
data\raw\Epic and CSCR hospital Dataset\Train\pituitary\p (483).jpg,pituitary
data\raw\Epic and CSCR hospital Dataset\Train\pituitary\Tr-pi_0575.jpg,pituitary
data\raw\Epic and CSCR hospital Dataset\Train\pituitary\Tr-pi_1300.jpg,pituitary
data\raw\Epic and CSCR hospital Dataset\Train\pituitary\Tr-pi_1134.jpg,pituitary
data\raw\Epic and CSCR hospital Dataset\Train\meningioma\Tr-me_1122.jpg,meningioma
data\raw\Epic and CSCR hospital Dataset\Train\pituitary\Te-pi_0070.jpg,pituitary
data\raw\Epic and CSCR hospital Dataset\Train\glioma\Tr-gl_0944.jpg,glioma
data\raw\Epic and CSCR hospital Dataset\Train\glioma\G_854_RO_.jpg,glioma
data\raw\Epic and CSCR hospital Dataset\Train\notumor\Tr-no_0555.jpg,notumor
data\raw\Epic and CSCR hospital Dataset\Train\pituitary\Tr-pi_0224.jpg,pituitary
data\raw\Epic and CSCR hospital Dataset\Train\pituitary\Tr-pi_1189.jpg,pituitary
data\raw\Epic and CSCR hospital Dataset\Train\pituitary\Tr-pi_0131.jpg,pituitary
data\raw\Epic and CSCR hospital Dataset\Train\notumor\N_377.jpg,notumor
data\raw\Epic and CSCR hospital Dataset\Train\meningioma\Tr-me_0128.jpg,meningioma
data\raw\Epic and CSCR hospital Dataset\Train\pituitary\p (575).jpg,pituitary
data\raw\Epic and CSCR hospital Dataset\Train\glioma\Te-gl_0102.jpg,glioma
data\raw\Epic and CSCR hospital Dataset\Train\notumor\Tr-no_0635.jpg,notumor
data\raw\Epic and CSCR hospital Dataset\Train\meningioma\Te-me_0236.jpg,meningioma
data\raw\Epic and CSCR hospital Dataset\Train\glioma\G_862_VF_.jpg,glioma
data\raw\Epic and CSCR hospital Dataset\Train\meningioma\m2 (151).jpg,meningioma
data\raw\Epic and CSCR hospital Dataset\Train\glioma\G_732_VF_.jpg,glioma
data\raw\Epic and CSCR hospital Dataset\Train\glioma\Tr-gl_1006.jpg,glioma
data\raw\Epic and CSCR hospital Dataset\Train\pituitary\P_842_HF_.jpg,pituitary
data\raw\Epic and CSCR hospital Dataset\Train\glioma\Tr-gl_0491.jpg,glioma
data\raw\Epic and CSCR hospital Dataset\Train\meningioma\Te-me_0099.jpg,meningioma
data\raw\Epic and CSCR hospital Dataset\Train\notumor\Tr-no_0275.jpg,notumor
data\raw\Epic and CSCR hospital Dataset\Train\notumor\2 no.jpeg,notumor
data\raw\Epic and CSCR hospital Dataset\Train\notumor\1661.jpg,notumor
data\raw\Epic and CSCR hospital Dataset\Train\meningioma\Tr-me_0910.jpg,meningioma
data\raw\Epic and CSCR hospital Dataset\Train\notumor\1701.jpg,notumor
data\raw\Epic and CSCR hospital Dataset\Train\notumor\Te-no_0143.jpg,notumor
data\raw\Epic and CSCR hospital Dataset\Train\glioma\G_879_SP_.jpg,glioma
data\raw\Epic and CSCR hospital Dataset\Train\notumor\image(147) - Copy.jpg,notumor
data\raw\Epic and CSCR hospital Dataset\Train\meningioma\M_833_BR_.jpg,meningioma
data\raw\Epic and CSCR hospital Dataset\Train\pituitary\P_744_RO_.jpg,pituitary
data\raw\Epic and CSCR hospital Dataset\Train\glioma\G_836.jpg,glioma
data\raw\Epic and CSCR hospital Dataset\Train\glioma\Tr-gl_0990.jpg,glioma
data\raw\Epic and CSCR hospital Dataset\Train\glioma\G_792_SP_.jpg,glioma
data\raw\Epic and CSCR hospital Dataset\Train\meningioma\Tr-me_1200.jpg,meningioma
data\raw\Epic and CSCR hospital Dataset\Train\glioma\Tr-gl_0631.jpg,glioma
data\raw\Epic and CSCR hospital Dataset\Train\meningioma\Tr-me_1014.jpg,meningioma
data\raw\Epic and CSCR hospital Dataset\Train\meningioma\Te-me_0252.jpg,meningioma
data\raw\Epic and CSCR hospital Dataset\Train\notumor\Te-no_0153.jpg,notumor
data\raw\Epic and CSCR hospital Dataset\Train\pituitary\Te-pi_0192.jpg,pituitary
data\raw\Epic and CSCR hospital Dataset\Train\pituitary\P_751_DA_.jpg,pituitary
data\raw\Epic and CSCR hospital Dataset\Train\pituitary\P_81_DA_.jpg,pituitary
data\raw\Epic and CSCR hospital Dataset\Train\meningioma\1439.jpg,meningioma
data\raw\Epic and CSCR hospital Dataset\Train\meningioma\Tr-me_1001.jpg,meningioma
data\raw\Epic and CSCR hospital Dataset\Train\pituitary\Tr-pi_1104.jpg,pituitary
data\raw\Epic and CSCR hospital Dataset\Train\glioma\G_884_SP_.jpg,glioma
data\raw\Epic and CSCR hospital Dataset\Train\glioma\Tr-gl_0366.jpg,glioma
data\raw\Epic and CSCR hospital Dataset\Train\notumor\N_400.jpg,notumor
data\raw\Epic and CSCR hospital Dataset\Train\meningioma\m3 (132).jpg,meningioma
data\raw\Epic and CSCR hospital Dataset\Train\glioma\G_760.jpg,glioma
data\raw\Epic and CSCR hospital Dataset\Train\pituitary\Tr-pi_1231.jpg,pituitary
data\raw\Epic and CSCR hospital Dataset\Train\glioma\G_779_DA_.jpg,glioma
data\raw\Epic and CSCR hospital Dataset\Train\notumor\Tr-no_0284.jpg,notumor
data\raw\Epic and CSCR hospital Dataset\Train\notumor\1838.jpg,notumor
data\raw\Epic and CSCR hospital Dataset\Train\notumor\Tr-no_0283.jpg,notumor
data\raw\Epic and CSCR hospital Dataset\Train\pituitary\P_762_DA_.jpg,pituitary
data\raw\Epic and CSCR hospital Dataset\Train\pituitary\P_711_DA_.jpg,pituitary
data\raw\Epic and CSCR hospital Dataset\Train\meningioma\Tr-me_0317.jpg,meningioma
data\raw\Epic and CSCR hospital Dataset\Train\glioma\G_773_BR_.jpg,glioma
data\raw\Epic and CSCR hospital Dataset\Train\pituitary\Tr-pi_0181.jpg,pituitary
data\raw\Epic and CSCR hospital Dataset\Train\glioma\Te-gl_0226.jpg,glioma
data\raw\Epic and CSCR hospital Dataset\Train\pituitary\P_831.jpg,pituitary
data\raw\Epic and CSCR hospital Dataset\Train\meningioma\Tr-me_0945.jpg,meningioma
data\raw\Epic and CSCR hospital Dataset\Train\notumor\N_390_SP_.jpg,notumor
data\raw\Epic and CSCR hospital Dataset\Train\glioma\Tr-gl_0899.jpg,glioma
data\raw\Epic and CSCR hospital Dataset\Train\glioma\gg (622).jpg,glioma
data\raw\Epic and CSCR hospital Dataset\Train\notumor\N_430_VF_.jpg,notumor
data\raw\Epic and CSCR hospital Dataset\Train\glioma\Te-gl_0287.jpg,glioma
data\raw\Epic and CSCR hospital Dataset\Train\glioma\gg (527).jpg,glioma
data\raw\Epic and CSCR hospital Dataset\Train\glioma\gg (479).jpg,glioma
data\raw\Epic and CSCR hospital Dataset\Train\pituitary\P_802_VF_.jpg,pituitary
data\raw\Epic and CSCR hospital Dataset\Train\pituitary\Tr-pi_0995.jpg,pituitary
data\raw\Epic and CSCR hospital Dataset\Train\notumor\Tr-no_0559.jpg,notumor
data\raw\Epic and CSCR hospital Dataset\Train\meningioma\Tr-me_1074.jpg,meningioma
data\raw\Epic and CSCR hospital Dataset\Train\glioma\Tr-gl_1041.jpg,glioma
data\raw\Epic and CSCR hospital Dataset\Train\meningioma\M_827_BR_.jpg,meningioma
data\raw\Epic and CSCR hospital Dataset\Train\glioma\G_823_DA_.jpg,glioma
data\raw\Epic and CSCR hospital Dataset\Train\meningioma\Tr-me_1215.jpg,meningioma
data\raw\Epic and CSCR hospital Dataset\Train\notumor\Tr-no_0398.jpg,notumor
data\raw\Epic and CSCR hospital Dataset\Train\pituitary\Tr-pi_0663.jpg,pituitary
data\raw\Epic and CSCR hospital Dataset\Train\meningioma\Tr-me_0877.jpg,meningioma
data\raw\Epic and CSCR hospital Dataset\Train\glioma\G_751_HF_.jpg,glioma
data\raw\Epic and CSCR hospital Dataset\Train\meningioma\Tr-me_0983.jpg,meningioma
data\raw\Epic and CSCR hospital Dataset\Train\meningioma\M_848_DA_.jpg,meningioma
data\raw\Epic and CSCR hospital Dataset\Train\notumor\N_399.jpg,notumor
data\raw\Epic and CSCR hospital Dataset\Train\notumor\N_389_HF_.jpg,notumor
data\raw\Epic and CSCR hospital Dataset\Train\pituitary\P_796_VF_.jpg,pituitary
data\raw\Epic and CSCR hospital Dataset\Train\notumor\1643.jpg,notumor
data\raw\Epic and CSCR hospital Dataset\Train\meningioma\Tr-me_0928.jpg,meningioma
data\raw\Epic and CSCR hospital Dataset\Train\pituitary\P_776_RO_.jpg,pituitary
data\raw\Epic and CSCR hospital Dataset\Train\glioma\Tr-gl_0503.jpg,glioma
data\raw\Epic and CSCR hospital Dataset\Train\glioma\Tr-gl_0331.jpg,glioma
data\raw\Epic and CSCR hospital Dataset\Train\notumor\Tr-no_0403.jpg,notumor
data\raw\Epic and CSCR hospital Dataset\Train\pituitary\P_755_SP_.jpg,pituitary
data\raw\Epic and CSCR hospital Dataset\Train\notumor\1747.jpg,notumor
data\raw\Epic and CSCR hospital Dataset\Train\pituitary\P_731_HF_.jpg,pituitary
data\raw\Epic and CSCR hospital Dataset\Train\notumor\N_429_BR_.jpg,notumor
data\raw\Epic and CSCR hospital Dataset\Train\notumor\Te-no_0233.jpg,notumor
data\raw\Epic and CSCR hospital Dataset\Train\meningioma\Tr-me_0098.jpg,meningioma
data\raw\Epic and CSCR hospital Dataset\Train\pituitary\P_739.jpg,pituitary
data\raw\Epic and CSCR hospital Dataset\Train\meningioma\Tr-me_1237.jpg,meningioma
data\raw\Epic and CSCR hospital Dataset\Train\glioma\G_851_RO_.jpg,glioma
data\raw\Epic and CSCR hospital Dataset\Train\notumor\Tr-no_0601.jpg,notumor
data\raw\Epic and CSCR hospital Dataset\Train\meningioma\Te-me_0153.jpg,meningioma
data\raw\Epic and CSCR hospital Dataset\Train\notumor\N_372.jpg,notumor
data\raw\Epic and CSCR hospital Dataset\Train\glioma\G_891_HF_.jpg,glioma
data\raw\Epic and CSCR hospital Dataset\Train\pituitary\Tr-pi_0690.jpg,pituitary
data\raw\Epic and CSCR hospital Dataset\Train\glioma\Tr-gl_0478.jpg,glioma
data\raw\Epic and CSCR hospital Dataset\Train\notumor\1801.jpg,notumor
data\raw\Epic and CSCR hospital Dataset\Train\glioma\Tr-gl_1077.jpg,glioma
data\raw\Epic and CSCR hospital Dataset\Train\pituitary\P_747_SP_.jpg,pituitary
data\raw\Epic and CSCR hospital Dataset\Train\glioma\G_802_SP_.jpg,glioma
data\raw\Epic and CSCR hospital Dataset\Train\notumor\Tr-no_0426.jpg,notumor
data\raw\Epic and CSCR hospital Dataset\Train\meningioma\1431.jpg,meningioma
data\raw\Epic and CSCR hospital Dataset\Train\meningioma\m2 (85).jpg,meningioma
data\raw\Epic and CSCR hospital Dataset\Train\glioma\G_712_BR_.jpg,glioma
data\raw\Epic and CSCR hospital Dataset\Train\meningioma\m3 (173).jpg,meningioma
data\raw\Epic and CSCR hospital Dataset\Train\pituitary\p (498).jpg,pituitary
data\raw\Epic and CSCR hospital Dataset\Train\glioma\Tr-gl_0530.jpg,glioma
data\raw\Epic and CSCR hospital Dataset\Train\pituitary\Tr-pi_1148.jpg,pituitary
data\raw\Epic and CSCR hospital Dataset\Train\glioma\G_772_HF_.jpg,glioma
data\raw\Epic and CSCR hospital Dataset\Train\meningioma\M_875_BR_.jpg,meningioma
data\raw\Epic and CSCR hospital Dataset\Train\meningioma\M_872.jpg,meningioma
data\raw\Epic and CSCR hospital Dataset\Train\meningioma\m3 (143).jpg,meningioma
data\raw\Epic and CSCR hospital Dataset\Train\pituitary\P_778_BR_.jpg,pituitary
data\raw\Epic and CSCR hospital Dataset\Train\notumor\1734.jpg,notumor
data\raw\Epic and CSCR hospital Dataset\Train\notumor\N_410_BR_.jpg,notumor
data\raw\Epic and CSCR hospital Dataset\Train\pituitary\Tr-pi_0601.jpg,pituitary
data\raw\Epic and CSCR hospital Dataset\Train\meningioma\Te-me_0181.jpg,meningioma
data\raw\Epic and CSCR hospital Dataset\Train\glioma\gg (458).jpg,glioma
data\raw\Epic and CSCR hospital Dataset\Train\glioma\Tr-gl_0534.jpg,glioma
data\raw\Epic and CSCR hospital Dataset\Train\glioma\G_719_VF_.jpg,glioma
data\raw\Epic and CSCR hospital Dataset\Train\pituitary\p (534).jpg,pituitary
data\raw\Epic and CSCR hospital Dataset\Train\pituitary\P_718_HF_.jpg,pituitary
data\raw\Epic and CSCR hospital Dataset\Train\pituitary\P_843_HF_.jpg,pituitary
data\raw\Epic and CSCR hospital Dataset\Train\meningioma\m2 (25).jpg,meningioma
data\raw\Epic and CSCR hospital Dataset\Train\glioma\gg (555).jpg,glioma
data\raw\Epic and CSCR hospital Dataset\Train\notumor\Te-no_0083.jpg,notumor
data\raw\Epic and CSCR hospital Dataset\Train\meningioma\M_830_SP_.jpg,meningioma
data\raw\Epic and CSCR hospital Dataset\Train\meningioma\Tr-me_0938.jpg,meningioma
data\raw\Epic and CSCR hospital Dataset\Train\meningioma\Tr-me_0139.jpg,meningioma
data\raw\Epic and CSCR hospital Dataset\Train\pituitary\Tr-pi_1007.jpg,pituitary
data\raw\Epic and CSCR hospital Dataset\Train\pituitary\Te-pi_0112.jpg,pituitary
data\raw\Epic and CSCR hospital Dataset\Train\pituitary\P_839_VF_.jpg,pituitary
data\raw\Epic and CSCR hospital Dataset\Train\glioma\Tr-gl_0950.jpg,glioma
data\raw\Epic and CSCR hospital Dataset\Train\notumor\1926.jpg,notumor
data\raw\Epic and CSCR hospital Dataset\Train\glioma\gg (538).jpg,glioma
data\raw\Epic and CSCR hospital Dataset\Train\pituitary\Tr-pi_0678.jpg,pituitary
data\raw\Epic and CSCR hospital Dataset\Train\glioma\Te-gl_0215.jpg,glioma
data\raw\Epic and CSCR hospital Dataset\Train\glioma\G_760_SP_.jpg,glioma
data\raw\Epic and CSCR hospital Dataset\Train\pituitary\P_719_VF_.jpg,pituitary
data\raw\Epic and CSCR hospital Dataset\Train\glioma\G_837_BR_.jpg,glioma
data\raw\Epic and CSCR hospital Dataset\Train\notumor\N_38_DA_.jpg,notumor
data\raw\Epic and CSCR hospital Dataset\Train\glioma\gg (343).jpg,glioma
data\raw\Epic and CSCR hospital Dataset\Train\pituitary\P_828_VF_.jpg,pituitary
data\raw\Epic and CSCR hospital Dataset\Train\pituitary\Te-pi_0171.jpg,pituitary
data\raw\Epic and CSCR hospital Dataset\Train\notumor\1645.jpg,notumor
data\raw\Epic and CSCR hospital Dataset\Train\glioma\image(62).jpg,glioma
data\raw\Epic and CSCR hospital Dataset\Train\pituitary\P_723_VF_.jpg,pituitary
data\raw\Epic and CSCR hospital Dataset\Train\glioma\Te-gl_0202.jpg,glioma
data\raw\Epic and CSCR hospital Dataset\Train\glioma\Tr-gl_0973.jpg,glioma
data\raw\Epic and CSCR hospital Dataset\Train\glioma\gg (509).jpg,glioma
data\raw\Epic and CSCR hospital Dataset\Train\glioma\gg (58).jpg,glioma
data\raw\Epic and CSCR hospital Dataset\Train\glioma\Tr-gl_1018.jpg,glioma
data\raw\Epic and CSCR hospital Dataset\Train\pituitary\P_768_RO_.jpg,pituitary
data\raw\Epic and CSCR hospital Dataset\Train\notumor\Tr-no_0228.jpg,notumor
data\raw\Epic and CSCR hospital Dataset\Train\notumor\1647.jpg,notumor
data\raw\Epic and CSCR hospital Dataset\Train\notumor\N_381_BR_.jpg,notumor
data\raw\Epic and CSCR hospital Dataset\Train\glioma\Tr-gl_0907.jpg,glioma
data\raw\Epic and CSCR hospital Dataset\Train\glioma\Tr-gl_0243.jpg,glioma
data\raw\Epic and CSCR hospital Dataset\Train\pituitary\P_731_BR_.jpg,pituitary
data\raw\Epic and CSCR hospital Dataset\Train\glioma\G_789_BR_.jpg,glioma
data\raw\Epic and CSCR hospital Dataset\Train\glioma\G_743_SP_.jpg,glioma
data\raw\Epic and CSCR hospital Dataset\Train\pituitary\P_825_BR_.jpg,pituitary
data\raw\Epic and CSCR hospital Dataset\Train\meningioma\1320.jpg,meningioma
data\raw\Epic and CSCR hospital Dataset\Train\glioma\Tr-gl_0173.jpg,glioma
data\raw\Epic and CSCR hospital Dataset\Train\glioma\G_769_VF_.jpg,glioma
data\raw\Epic and CSCR hospital Dataset\Train\meningioma\m3 (14).jpg,meningioma
data\raw\Epic and CSCR hospital Dataset\Train\pituitary\Tr-pi_1029.jpg,pituitary
data\raw\Epic and CSCR hospital Dataset\Train\meningioma\Tr-me_1234.jpg,meningioma
data\raw\Epic and CSCR hospital Dataset\Train\notumor\Tr-no_0110.jpg,notumor
data\raw\Epic and CSCR hospital Dataset\Train\pituitary\Tr-pi_0574.jpg,pituitary
data\raw\Epic and CSCR hospital Dataset\Train\meningioma\m3 (150).jpg,meningioma
data\raw\Epic and CSCR hospital Dataset\Train\pituitary\Tr-pi_1068.jpg,pituitary
data\raw\Epic and CSCR hospital Dataset\Train\meningioma\Te-me_0095.jpg,meningioma
data\raw\Epic and CSCR hospital Dataset\Train\meningioma\Tr-me_1036.jpg,meningioma
data\raw\Epic and CSCR hospital Dataset\Train\meningioma\m2 (175).jpg,meningioma
data\raw\Epic and CSCR hospital Dataset\Train\meningioma\M_851.jpg,meningioma
data\raw\Epic and CSCR hospital Dataset\Train\notumor\Tr-no_0305.jpg,notumor
data\raw\Epic and CSCR hospital Dataset\Train\notumor\N_423_BR_.jpg,notumor
data\raw\Epic and CSCR hospital Dataset\Train\meningioma\M_865_HF_.jpg,meningioma
data\raw\Epic and CSCR hospital Dataset\Train\glioma\G_740_RO_.jpg,glioma
data\raw\Epic and CSCR hospital Dataset\Train\notumor\N_4_DA_.jpg,notumor
data\raw\Epic and CSCR hospital Dataset\Train\glioma\G_877_BR_.jpg,glioma
data\raw\Epic and CSCR hospital Dataset\Train\meningioma\m2 (170).jpg,meningioma
data\raw\Epic and CSCR hospital Dataset\Train\notumor\N_375_VF_.jpg,notumor
data\raw\Epic and CSCR hospital Dataset\Train\pituitary\Tr-pi_1054.jpg,pituitary
data\raw\Epic and CSCR hospital Dataset\Train\glioma\G_85_SP_.jpg,glioma
data\raw\Epic and CSCR hospital Dataset\Train\glioma\G_762_DA_.jpg,glioma
data\raw\Epic and CSCR hospital Dataset\Train\glioma\G_741.jpg,glioma
data\raw\Epic and CSCR hospital Dataset\Train\pituitary\P_748_DA_.jpg,pituitary
data\raw\Epic and CSCR hospital Dataset\Train\notumor\1795.jpg,notumor
data\raw\Epic and CSCR hospital Dataset\Train\glioma\Tr-gl_0538.jpg,glioma
data\raw\Epic and CSCR hospital Dataset\Train\meningioma\Te-me_0241.jpg,meningioma
data\raw\Epic and CSCR hospital Dataset\Train\glioma\G_759_RO_.jpg,glioma
data\raw\Epic and CSCR hospital Dataset\Train\notumor\N_369_HF_.jpg,notumor
data\raw\Epic and CSCR hospital Dataset\Train\meningioma\Tr-me_0299.jpg,meningioma
data\raw\Epic and CSCR hospital Dataset\Train\meningioma\m2 (163).jpg,meningioma
data\raw\Epic and CSCR hospital Dataset\Train\meningioma\Tr-me_0168.jpg,meningioma
data\raw\Epic and CSCR hospital Dataset\Train\glioma\G_861_HF_.jpg,glioma
data\raw\Epic and CSCR hospital Dataset\Train\meningioma\Tr-me_1286.jpg,meningioma
data\raw\Epic and CSCR hospital Dataset\Train\glioma\Tr-gl_0288.jpg,glioma
data\raw\Epic and CSCR hospital Dataset\Train\meningioma\Tr-me_0258.jpg,meningioma
data\raw\Epic and CSCR hospital Dataset\Train\glioma\G_872_SP_.jpg,glioma
data\raw\Epic and CSCR hospital Dataset\Train\glioma\G_765_SP_.jpg,glioma
data\raw\Epic and CSCR hospital Dataset\Train\pituitary\Te-pi_0023.jpg,pituitary
data\raw\Epic and CSCR hospital Dataset\Train\glioma\G_844_SP_.jpg,glioma
data\raw\Epic and CSCR hospital Dataset\Train\pituitary\P_777_RO_.jpg,pituitary
data\raw\Epic and CSCR hospital Dataset\Train\meningioma\M_877_SP_.jpg,meningioma
data\raw\Epic and CSCR hospital Dataset\Train\notumor\N_380_BR_.jpg,notumor
data\raw\Epic and CSCR hospital Dataset\Train\glioma\Tr-gl_0146.jpg,glioma
data\raw\Epic and CSCR hospital Dataset\Train\meningioma\m2 (131).jpg,meningioma
data\raw\Epic and CSCR hospital Dataset\Train\pituitary\P_802_HF_.jpg,pituitary
data\raw\Epic and CSCR hospital Dataset\Train\meningioma\Tr-me_1183.jpg,meningioma
data\raw\Epic and CSCR hospital Dataset\Train\notumor\1771.jpg,notumor
data\raw\Epic and CSCR hospital Dataset\Train\meningioma\Tr-me_1083.jpg,meningioma
data\raw\Epic and CSCR hospital Dataset\Train\meningioma\Te-me_0160.jpg,meningioma
data\raw\Epic and CSCR hospital Dataset\Train\glioma\Tr-gl_0322.jpg,glioma
data\raw\Epic and CSCR hospital Dataset\Train\meningioma\Te-me_0203.jpg,meningioma
data\raw\Epic and CSCR hospital Dataset\Train\notumor\1874.jpg,notumor
data\raw\Epic and CSCR hospital Dataset\Train\notumor\Tr-no_0576.jpg,notumor
data\raw\Epic and CSCR hospital Dataset\Train\notumor\N_41_SP_.jpg,notumor
data\raw\Epic and CSCR hospital Dataset\Train\notumor\Te-no_0201.jpg,notumor
data\raw\Epic and CSCR hospital Dataset\Train\pituitary\P_713_DA_.jpg,pituitary
data\raw\Epic and CSCR hospital Dataset\Train\pituitary\Tr-pi_0594.jpg,pituitary
data\raw\Epic and CSCR hospital Dataset\Train\pituitary\Tr-pi_0608.jpg,pituitary
data\raw\Epic and CSCR hospital Dataset\Train\glioma\Tr-gl_0502.jpg,glioma
data\raw\Epic and CSCR hospital Dataset\Train\notumor\Te-no_0313.jpg,notumor
data\raw\Epic and CSCR hospital Dataset\Train\meningioma\M_840_DA_.jpg,meningioma
data\raw\Epic and CSCR hospital Dataset\Train\glioma\gg (665).jpg,glioma
data\raw\Epic and CSCR hospital Dataset\Train\pituitary\P_835_HF_.jpg,pituitary
data\raw\Epic and CSCR hospital Dataset\Train\pituitary\Tr-pi_1337.jpg,pituitary
data\raw\Epic and CSCR hospital Dataset\Train\notumor\Te-no_0249.jpg,notumor
data\raw\Epic and CSCR hospital Dataset\Train\notumor\1629.jpg,notumor
data\raw\Epic and CSCR hospital Dataset\Train\glioma\Tr-gl_0277.jpg,glioma
data\raw\Epic and CSCR hospital Dataset\Train\glioma\image(57).jpg,glioma
data\raw\Epic and CSCR hospital Dataset\Train\pituitary\P_750_HF_.jpg,pituitary
data\raw\Epic and CSCR hospital Dataset\Train\glioma\Tr-gl_1029.jpg,glioma
data\raw\Epic and CSCR hospital Dataset\Train\notumor\Te-no_0212.jpg,notumor
data\raw\Epic and CSCR hospital Dataset\Train\meningioma\Tr-me_1218.jpg,meningioma
data\raw\Epic and CSCR hospital Dataset\Train\pituitary\P_723.jpg,pituitary
data\raw\Epic and CSCR hospital Dataset\Train\glioma\G_847_BR_.jpg,glioma
data\raw\Epic and CSCR hospital Dataset\Train\notumor\1603.jpg,notumor
data\raw\Epic and CSCR hospital Dataset\Train\glioma\G_774.jpg,glioma
data\raw\Epic and CSCR hospital Dataset\Train\notumor\1855.jpg,notumor
data\raw\Epic and CSCR hospital Dataset\Train\notumor\5 no.jpg,notumor
data\raw\Epic and CSCR hospital Dataset\Train\glioma\G_809_BR_.jpg,glioma
data\raw\Epic and CSCR hospital Dataset\Train\glioma\G_878_BR_.jpg,glioma
data\raw\Epic and CSCR hospital Dataset\Train\notumor\N_406.jpg,notumor
data\raw\Epic and CSCR hospital Dataset\Train\meningioma\M_887_DA_.jpg,meningioma
data\raw\Epic and CSCR hospital Dataset\Train\pituitary\Tr-pi_0998.jpg,pituitary
data\raw\Epic and CSCR hospital Dataset\Train\meningioma\M_883_HF_.jpg,meningioma
data\raw\Epic and CSCR hospital Dataset\Train\meningioma\Tr-me_0143.jpg,meningioma
data\raw\Epic and CSCR hospital Dataset\Train\meningioma\M_847_DA_.jpg,meningioma
data\raw\Epic and CSCR hospital Dataset\Train\notumor\Tr-no_0546.jpg,notumor
data\raw\Epic and CSCR hospital Dataset\Train\glioma\Tr-gl_0532.jpg,glioma
data\raw\Epic and CSCR hospital Dataset\Train\glioma\Tr-gl_0945.jpg,glioma
data\raw\Epic and CSCR hospital Dataset\Train\glioma\gg (392).jpg,glioma
data\raw\Epic and CSCR hospital Dataset\Train\glioma\G_743_RO_.jpg,glioma
data\raw\Epic and CSCR hospital Dataset\Train\pituitary\Tr-pi_1272.jpg,pituitary
data\raw\Epic and CSCR hospital Dataset\Train\pituitary\1180.jpg,pituitary
data\raw\Epic and CSCR hospital Dataset\Train\pituitary\P_800_HF_.jpg,pituitary
data\raw\Epic and CSCR hospital Dataset\Train\pituitary\Te-pi_0209.jpg,pituitary
data\raw\Epic and CSCR hospital Dataset\Train\notumor\Tr-no_0190.jpg,notumor
data\raw\Epic and CSCR hospital Dataset\Train\glioma\Tr-gl_1171.jpg,glioma
data\raw\Epic and CSCR hospital Dataset\Train\pituitary\Tr-pi_0052.jpg,pituitary
data\raw\Epic and CSCR hospital Dataset\Train\pituitary\P_738_BR_.jpg,pituitary
data\raw\Epic and CSCR hospital Dataset\Train\glioma\G_841_HF_.jpg,glioma
data\raw\Epic and CSCR hospital Dataset\Train\meningioma\Te-me_0155.jpg,meningioma
data\raw\Epic and CSCR hospital Dataset\Train\pituitary\Tr-pi_0133.jpg,pituitary
data\raw\Epic and CSCR hospital Dataset\Train\glioma\G_817_RO_.jpg,glioma
data\raw\Epic and CSCR hospital Dataset\Train\meningioma\Tr-me_1043.jpg,meningioma
data\raw\Epic and CSCR hospital Dataset\Train\glioma\G_768_HF_.jpg,glioma
data\raw\Epic and CSCR hospital Dataset\Train\meningioma\Te-me_0137.jpg,meningioma
data\raw\Epic and CSCR hospital Dataset\Train\glioma\G_772_BR_.jpg,glioma
data\raw\Epic and CSCR hospital Dataset\Train\glioma\G_882_HF_.jpg,glioma
data\raw\Epic and CSCR hospital Dataset\Train\glioma\G_848_HF_.jpg,glioma
data\raw\Epic and CSCR hospital Dataset\Train\pituitary\Tr-pi_1275.jpg,pituitary
data\raw\Epic and CSCR hospital Dataset\Train\glioma\Tr-gl_0237.jpg,glioma
data\raw\Epic and CSCR hospital Dataset\Train\glioma\gg (454).jpg,glioma
data\raw\Epic and CSCR hospital Dataset\Train\glioma\G_824_HF_.jpg,glioma
data\raw\Epic and CSCR hospital Dataset\Train\glioma\G_824_BR_.jpg,glioma
data\raw\Epic and CSCR hospital Dataset\Train\pituitary\Tr-pi_1226.jpg,pituitary
data\raw\Epic and CSCR hospital Dataset\Train\notumor\1612.jpg,notumor
data\raw\Epic and CSCR hospital Dataset\Train\meningioma\Tr-me_0320.jpg,meningioma
data\raw\Epic and CSCR hospital Dataset\Train\glioma\Tr-gl_0448.jpg,glioma
data\raw\Epic and CSCR hospital Dataset\Train\glioma\Tr-gl_0851.jpg,glioma
data\raw\Epic and CSCR hospital Dataset\Train\glioma\Te-gl_0098.jpg,glioma
data\raw\Epic and CSCR hospital Dataset\Train\glioma\G_749_BR_.jpg,glioma
data\raw\Epic and CSCR hospital Dataset\Train\pituitary\P_724_BR_.jpg,pituitary
data\raw\Epic and CSCR hospital Dataset\Train\glioma\Tr-gl_1074.jpg,glioma
data\raw\Epic and CSCR hospital Dataset\Train\glioma\Tr-gl_0812.jpg,glioma
data\raw\Epic and CSCR hospital Dataset\Train\pituitary\p (570).jpg,pituitary
data\raw\Epic and CSCR hospital Dataset\Train\pituitary\P_818_RO_.jpg,pituitary
data\raw\Epic and CSCR hospital Dataset\Train\meningioma\M_886.jpg,meningioma
data\raw\Epic and CSCR hospital Dataset\Train\pituitary\Tr-pi_1072.jpg,pituitary
data\raw\Epic and CSCR hospital Dataset\Train\notumor\image(179).jpg,notumor
data\raw\Epic and CSCR hospital Dataset\Train\glioma\Tr-gl_0929.jpg,glioma
data\raw\Epic and CSCR hospital Dataset\Train\meningioma\Tr-me_0946.jpg,meningioma
data\raw\Epic and CSCR hospital Dataset\Train\glioma\Tr-gl_1263.jpg,glioma
data\raw\Epic and CSCR hospital Dataset\Train\pituitary\P_755_VF_.jpg,pituitary
data\raw\Epic and CSCR hospital Dataset\Train\glioma\Tr-gl_1055.jpg,glioma
data\raw\Epic and CSCR hospital Dataset\Train\pituitary\Tr-pi_1311.jpg,pituitary
data\raw\Epic and CSCR hospital Dataset\Train\glioma\Tr-gl_0597.jpg,glioma
data\raw\Epic and CSCR hospital Dataset\Train\pituitary\Tr-pi_0681.jpg,pituitary
data\raw\Epic and CSCR hospital Dataset\Train\glioma\G_813_BR_.jpg,glioma
data\raw\Epic and CSCR hospital Dataset\Train\pituitary\P_805_RO_.jpg,pituitary
data\raw\Epic and CSCR hospital Dataset\Train\pituitary\P_737_HF_.jpg,pituitary
data\raw\Epic and CSCR hospital Dataset\Train\glioma\G_807_DA_.jpg,glioma
data\raw\Epic and CSCR hospital Dataset\Train\glioma\Te-gl_0116.jpg,glioma
data\raw\Epic and CSCR hospital Dataset\Train\meningioma\M_848_SP_.jpg,meningioma
data\raw\Epic and CSCR hospital Dataset\Train\glioma\Te-gl_0129.jpg,glioma
data\raw\Epic and CSCR hospital Dataset\Train\meningioma\1428.jpg,meningioma
data\raw\Epic and CSCR hospital Dataset\Train\meningioma\Tr-me_0851.jpg,meningioma
data\raw\Epic and CSCR hospital Dataset\Train\meningioma\M_881_BR_.jpg,meningioma
data\raw\Epic and CSCR hospital Dataset\Train\glioma\G_746_RO_.jpg,glioma
data\raw\Epic and CSCR hospital Dataset\Train\glioma\gg (488).jpg,glioma
data\raw\Epic and CSCR hospital Dataset\Train\notumor\Te-no_0218.jpg,notumor
data\raw\Epic and CSCR hospital Dataset\Train\meningioma\Te-me_0188.jpg,meningioma
data\raw\Epic and CSCR hospital Dataset\Train\glioma\gg (423).jpg,glioma
data\raw\Epic and CSCR hospital Dataset\Train\glioma\Tr-gl_0572.jpg,glioma
data\raw\Epic and CSCR hospital Dataset\Train\notumor\N_378.jpg,notumor
data\raw\Epic and CSCR hospital Dataset\Train\glioma\gg (511).jpg,glioma
data\raw\Epic and CSCR hospital Dataset\Train\glioma\Te-gl_0090.jpg,glioma
data\raw\Epic and CSCR hospital Dataset\Train\meningioma\Tr-me_1163.jpg,meningioma
data\raw\Epic and CSCR hospital Dataset\Train\pituitary\Tr-pi_0212.jpg,pituitary
data\raw\Epic and CSCR hospital Dataset\Train\pituitary\P_78_RO_.jpg,pituitary
data\raw\Epic and CSCR hospital Dataset\Train\glioma\Tr-gl_1023.jpg,glioma
data\raw\Epic and CSCR hospital Dataset\Train\glioma\gg (4).jpg,glioma
data\raw\Epic and CSCR hospital Dataset\Train\pituitary\Tr-pi_1013.jpg,pituitary
data\raw\Epic and CSCR hospital Dataset\Train\meningioma\m2 (38).jpg,meningioma
data\raw\Epic and CSCR hospital Dataset\Train\glioma\gg (528).jpg,glioma
data\raw\Epic and CSCR hospital Dataset\Train\notumor\Tr-no_0616.jpg,notumor
data\raw\Epic and CSCR hospital Dataset\Train\meningioma\M_832_RO_.jpg,meningioma
data\raw\Epic and CSCR hospital Dataset\Train\pituitary\P_809_DA_.jpg,pituitary
data\raw\Epic and CSCR hospital Dataset\Train\notumor\N_4_RO_.jpg,notumor
data\raw\Epic and CSCR hospital Dataset\Train\meningioma\m3 (186).jpg,meningioma
data\raw\Epic and CSCR hospital Dataset\Train\pituitary\Tr-pi_1101.jpg,pituitary
data\raw\Epic and CSCR hospital Dataset\Train\pituitary\P_830_DA_.jpg,pituitary
data\raw\Epic and CSCR hospital Dataset\Train\pituitary\Te-pi_0098.jpg,pituitary
data\raw\Epic and CSCR hospital Dataset\Train\pituitary\Tr-pi_1318.jpg,pituitary
data\raw\Epic and CSCR hospital Dataset\Train\meningioma\M_885_VF_.jpg,meningioma
data\raw\Epic and CSCR hospital Dataset\Train\glioma\G_853_SP_.jpg,glioma
data\raw\Epic and CSCR hospital Dataset\Train\glioma\G_859_HF_.jpg,glioma
data\raw\Epic and CSCR hospital Dataset\Train\notumor\N_427_DA_.jpg,notumor
data\raw\Epic and CSCR hospital Dataset\Train\glioma\Te-gl_0114.jpg,glioma
data\raw\Epic and CSCR hospital Dataset\Train\glioma\Te-gl_0251.jpg,glioma
data\raw\Epic and CSCR hospital Dataset\Train\pituitary\p (574).jpg,pituitary
data\raw\Epic and CSCR hospital Dataset\Train\pituitary\P_756_VF_.jpg,pituitary
data\raw\Epic and CSCR hospital Dataset\Train\pituitary\Tr-pi_0274.jpg,pituitary
data\raw\Epic and CSCR hospital Dataset\Train\pituitary\P_717_HF_.jpg,pituitary
data\raw\Epic and CSCR hospital Dataset\Train\notumor\Tr-no_0625.jpg,notumor
data\raw\Epic and CSCR hospital Dataset\Train\glioma\G_806_VF_.jpg,glioma
data\raw\Epic and CSCR hospital Dataset\Train\glioma\gg (346).jpg,glioma
data\raw\Epic and CSCR hospital Dataset\Train\glioma\G_860_RO_.jpg,glioma
data\raw\Epic and CSCR hospital Dataset\Train\notumor\N_392_VF_.jpg,notumor
data\raw\Epic and CSCR hospital Dataset\Train\notumor\1715.jpg,notumor
data\raw\Epic and CSCR hospital Dataset\Train\glioma\G_760_DA_.jpg,glioma
data\raw\Epic and CSCR hospital Dataset\Train\meningioma\M_828_HF_.jpg,meningioma
data\raw\Epic and CSCR hospital Dataset\Train\glioma\Tr-gl_0940.jpg,glioma
data\raw\Epic and CSCR hospital Dataset\Train\meningioma\Tr-me_0840.jpg,meningioma
data\raw\Epic and CSCR hospital Dataset\Train\notumor\N_430_HF_.jpg,notumor
data\raw\Epic and CSCR hospital Dataset\Train\meningioma\Tr-me_0107.jpg,meningioma
data\raw\Epic and CSCR hospital Dataset\Train\meningioma\M_865_BR_.jpg,meningioma
data\raw\Epic and CSCR hospital Dataset\Train\pituitary\P_798_HF_.jpg,pituitary
data\raw\Epic and CSCR hospital Dataset\Train\pituitary\P_806_RO_.jpg,pituitary
data\raw\Epic and CSCR hospital Dataset\Train\notumor\Tr-no_0561.jpg,notumor
data\raw\Epic and CSCR hospital Dataset\Train\notumor\Te-no_0194.jpg,notumor
data\raw\Epic and CSCR hospital Dataset\Train\meningioma\1353.jpg,meningioma
data\raw\Epic and CSCR hospital Dataset\Train\meningioma\Tr-me_0305.jpg,meningioma
data\raw\Epic and CSCR hospital Dataset\Train\notumor\Tr-no_0586.jpg,notumor
data\raw\Epic and CSCR hospital Dataset\Train\notumor\Tr-no_0176.jpg,notumor
data\raw\Epic and CSCR hospital Dataset\Train\meningioma\M_886_SP_.jpg,meningioma
data\raw\Epic and CSCR hospital Dataset\Train\notumor\no 97.jpg,notumor
data\raw\Epic and CSCR hospital Dataset\Train\meningioma\Tr-me_0140.jpg,meningioma
data\raw\Epic and CSCR hospital Dataset\Train\glioma\Tr-gl_1215.jpg,glioma
data\raw\Epic and CSCR hospital Dataset\Train\glioma\Te-gl_0132.jpg,glioma
data\raw\Epic and CSCR hospital Dataset\Train\pituitary\Tr-pi_0999.jpg,pituitary
data\raw\Epic and CSCR hospital Dataset\Train\glioma\Tr-gl_0870.jpg,glioma
data\raw\Epic and CSCR hospital Dataset\Train\glioma\G_805_SP_.jpg,glioma
data\raw\Epic and CSCR hospital Dataset\Train\glioma\G_825_HF_.jpg,glioma
data\raw\Epic and CSCR hospital Dataset\Train\meningioma\Tr-me_0867.jpg,meningioma
data\raw\Epic and CSCR hospital Dataset\Train\notumor\1784.jpg,notumor
data\raw\Epic and CSCR hospital Dataset\Train\meningioma\M_833_VF_.jpg,meningioma
data\raw\Epic and CSCR hospital Dataset\Train\meningioma\Tr-me_0816.jpg,meningioma
data\raw\Epic and CSCR hospital Dataset\Train\pituitary\P_801_HF_.jpg,pituitary
data\raw\Epic and CSCR hospital Dataset\Train\pituitary\P_74.jpg,pituitary
data\raw\Epic and CSCR hospital Dataset\Train\notumor\N_412_HF_.jpg,notumor
data\raw\Epic and CSCR hospital Dataset\Train\notumor\Te-no_0367.jpg,notumor
data\raw\Epic and CSCR hospital Dataset\Train\pituitary\Tr-pi_0190.jpg,pituitary
data\raw\Epic and CSCR hospital Dataset\Train\notumor\N_425_HF_.jpg,notumor
data\raw\Epic and CSCR hospital Dataset\Train\glioma\G_822_BR_.jpg,glioma
data\raw\Epic and CSCR hospital Dataset\Train\notumor\1679.jpg,notumor
data\raw\Epic and CSCR hospital Dataset\Train\pituitary\Tr-pi_0658.jpg,pituitary
data\raw\Epic and CSCR hospital Dataset\Train\notumor\N_398_RO_.jpg,notumor
data\raw\Epic and CSCR hospital Dataset\Train\glioma\Tr-gl_0911.jpg,glioma
data\raw\Epic and CSCR hospital Dataset\Train\pituitary\Te-pi_0115.jpg,pituitary
data\raw\Epic and CSCR hospital Dataset\Train\glioma\Tr-gl_0204.jpg,glioma
data\raw\Epic and CSCR hospital Dataset\Train\pituitary\P_784.jpg,pituitary
data\raw\Epic and CSCR hospital Dataset\Train\notumor\N_383_SP_.jpg,notumor
data\raw\Epic and CSCR hospital Dataset\Train\meningioma\Tr-me_0087.jpg,meningioma
data\raw\Epic and CSCR hospital Dataset\Train\pituitary\Tr-pi_0693.jpg,pituitary
data\raw\Epic and CSCR hospital Dataset\Train\pituitary\Te-pi_0044.jpg,pituitary
data\raw\Epic and CSCR hospital Dataset\Train\pituitary\Tr-pi_0783.jpg,pituitary
data\raw\Epic and CSCR hospital Dataset\Train\pituitary\Tr-pi_0643.jpg,pituitary
data\raw\Epic and CSCR hospital Dataset\Train\meningioma\m2 (22).jpg,meningioma
data\raw\Epic and CSCR hospital Dataset\Train\glioma\G_755_SP_.jpg,glioma
data\raw\Epic and CSCR hospital Dataset\Train\notumor\Tr-no_0529.jpg,notumor
data\raw\Epic and CSCR hospital Dataset\Train\notumor\1744.jpg,notumor
data\raw\Epic and CSCR hospital Dataset\Train\pituitary\Te-pi_0024.jpg,pituitary
data\raw\Epic and CSCR hospital Dataset\Train\pituitary\Te-pi_0033.jpg,pituitary
data\raw\Epic and CSCR hospital Dataset\Train\meningioma\M_858_BR_.jpg,meningioma
data\raw\Epic and CSCR hospital Dataset\Train\meningioma\Tr-me_0032.jpg,meningioma
data\raw\Epic and CSCR hospital Dataset\Train\glioma\Tr-gl_0686.jpg,glioma
data\raw\Epic and CSCR hospital Dataset\Train\notumor\1681.jpg,notumor
data\raw\Epic and CSCR hospital Dataset\Train\pituitary\P_76_DA_.jpg,pituitary
data\raw\Epic and CSCR hospital Dataset\Train\glioma\Tr-gl_0365.jpg,glioma
data\raw\Epic and CSCR hospital Dataset\Train\meningioma\1426.jpg,meningioma
data\raw\Epic and CSCR hospital Dataset\Train\notumor\1782.jpg,notumor
data\raw\Epic and CSCR hospital Dataset\Train\glioma\G_722.jpg,glioma
data\raw\Epic and CSCR hospital Dataset\Train\pituitary\P_706.jpg,pituitary
data\raw\Epic and CSCR hospital Dataset\Train\pituitary\P_812_BR_.jpg,pituitary
data\raw\Epic and CSCR hospital Dataset\Train\pituitary\p (482).jpg,pituitary
data\raw\Epic and CSCR hospital Dataset\Train\glioma\Tr-gl_1146.jpg,glioma
data\raw\Epic and CSCR hospital Dataset\Train\notumor\N_44_HF_.jpg,notumor
data\raw\Epic and CSCR hospital Dataset\Train\glioma\gg (540).jpg,glioma
data\raw\Epic and CSCR hospital Dataset\Train\pituitary\Tr-pi_0588.jpg,pituitary
data\raw\Epic and CSCR hospital Dataset\Train\glioma\Tr-gl_0149.jpg,glioma
data\raw\Epic and CSCR hospital Dataset\Train\pituitary\Tr-pi_0132.jpg,pituitary
data\raw\Epic and CSCR hospital Dataset\Train\notumor\Tr-no_0218.jpg,notumor
data\raw\Epic and CSCR hospital Dataset\Train\notumor\N_376_BR_.jpg,notumor
data\raw\Epic and CSCR hospital Dataset\Train\glioma\G_832_VF_.jpg,glioma
data\raw\Epic and CSCR hospital Dataset\Train\glioma\Tr-gl_1222.jpg,glioma
data\raw\Epic and CSCR hospital Dataset\Train\meningioma\Tr-me_1212.jpg,meningioma
data\raw\Epic and CSCR hospital Dataset\Train\glioma\G_769_DA_.jpg,glioma
data\raw\Epic and CSCR hospital Dataset\Train\glioma\Tr-gl_0583.jpg,glioma
data\raw\Epic and CSCR hospital Dataset\Train\pituitary\P_711_HF_.jpg,pituitary
data\raw\Epic and CSCR hospital Dataset\Train\pituitary\P_762.jpg,pituitary
data\raw\Epic and CSCR hospital Dataset\Train\pituitary\P_837_SP_.jpg,pituitary
data\raw\Epic and CSCR hospital Dataset\Train\glioma\G_876_RO_.jpg,glioma
data\raw\Epic and CSCR hospital Dataset\Train\pituitary\Te-pi_0173.jpg,pituitary
data\raw\Epic and CSCR hospital Dataset\Train\glioma\Tr-gl_0804.jpg,glioma
data\raw\Epic and CSCR hospital Dataset\Train\pituitary\Tr-pi_1354.jpg,pituitary
data\raw\Epic and CSCR hospital Dataset\Train\notumor\19 no.jpg,notumor
data\raw\Epic and CSCR hospital Dataset\Train\meningioma\Tr-me_0202.jpg,meningioma
data\raw\Epic and CSCR hospital Dataset\Train\notumor\Tr-no_0410.jpg,notumor
data\raw\Epic and CSCR hospital Dataset\Train\glioma\G_734_BR_.jpg,glioma
data\raw\Epic and CSCR hospital Dataset\Train\meningioma\Te-me_0086.jpg,meningioma
data\raw\Epic and CSCR hospital Dataset\Train\notumor\N_429_DA_.jpg,notumor
data\raw\Epic and CSCR hospital Dataset\Train\notumor\N_423.jpg,notumor
data\raw\Epic and CSCR hospital Dataset\Train\glioma\Tr-gl_1149.jpg,glioma
data\raw\Epic and CSCR hospital Dataset\Train\glioma\G_849_SP_.jpg,glioma
data\raw\Epic and CSCR hospital Dataset\Train\pituitary\Te-pi_0090.jpg,pituitary
data\raw\Epic and CSCR hospital Dataset\Train\meningioma\m1(72).jpg,meningioma
data\raw\Epic and CSCR hospital Dataset\Train\glioma\Tr-gl_1192.jpg,glioma
data\raw\Epic and CSCR hospital Dataset\Train\pituitary\P_768_SP_.jpg,pituitary
data\raw\Epic and CSCR hospital Dataset\Train\glioma\Tr-gl_0177.jpg,glioma
data\raw\Epic and CSCR hospital Dataset\Train\meningioma\M_844_BR_.jpg,meningioma
data\raw\Epic and CSCR hospital Dataset\Train\glioma\Tr-gl_1025.jpg,glioma
data\raw\Epic and CSCR hospital Dataset\Train\glioma\gg (400).jpg,glioma
data\raw\Epic and CSCR hospital Dataset\Train\glioma\Te-gl_0201.jpg,glioma
data\raw\Epic and CSCR hospital Dataset\Train\meningioma\Tr-me_1195.jpg,meningioma
data\raw\Epic and CSCR hospital Dataset\Train\notumor\N_387_SP_.jpg,notumor
data\raw\Epic and CSCR hospital Dataset\Train\pituitary\Tr-pi_1112.jpg,pituitary
data\raw\Epic and CSCR hospital Dataset\Train\glioma\G_818_HF_.jpg,glioma
data\raw\Epic and CSCR hospital Dataset\Train\pituitary\P_718.jpg,pituitary
data\raw\Epic and CSCR hospital Dataset\Train\meningioma\1354.jpg,meningioma
data\raw\Epic and CSCR hospital Dataset\Train\pituitary\P_810_HF_.jpg,pituitary
data\raw\Epic and CSCR hospital Dataset\Train\glioma\G_835_RO_.jpg,glioma
data\raw\Epic and CSCR hospital Dataset\Train\notumor\N_428_SP_.jpg,notumor
data\raw\Epic and CSCR hospital Dataset\Train\pituitary\P_791_DA_.jpg,pituitary
data\raw\Epic and CSCR hospital Dataset\Train\glioma\G_896.jpg,glioma
data\raw\Epic and CSCR hospital Dataset\Train\meningioma\M_828_SP_.jpg,meningioma
data\raw\Epic and CSCR hospital Dataset\Train\pituitary\Tr-pi_0251.jpg,pituitary
data\raw\Epic and CSCR hospital Dataset\Train\glioma\G_778_DA_.jpg,glioma
data\raw\Epic and CSCR hospital Dataset\Train\glioma\gg (41).jpg,glioma
data\raw\Epic and CSCR hospital Dataset\Train\glioma\G_834_HF_.jpg,glioma
data\raw\Epic and CSCR hospital Dataset\Train\glioma\Tr-gl_0382.jpg,glioma
data\raw\Epic and CSCR hospital Dataset\Train\pituitary\Tr-pi_0581.jpg,pituitary
data\raw\Epic and CSCR hospital Dataset\Train\glioma\image(34).jpg,glioma
data\raw\Epic and CSCR hospital Dataset\Train\glioma\Tr-gl_0500.jpg,glioma
data\raw\Epic and CSCR hospital Dataset\Train\notumor\N_388_BR_.jpg,notumor
data\raw\Epic and CSCR hospital Dataset\Train\glioma\G_768_VF_.jpg,glioma
data\raw\Epic and CSCR hospital Dataset\Train\pituitary\P_753_SP_.jpg,pituitary
data\raw\Epic and CSCR hospital Dataset\Train\glioma\Tr-gl_0313.jpg,glioma
data\raw\Epic and CSCR hospital Dataset\Train\meningioma\Tr-me_1217.jpg,meningioma
data\raw\Epic and CSCR hospital Dataset\Train\pituitary\P_830_RO_.jpg,pituitary
data\raw\Epic and CSCR hospital Dataset\Train\meningioma\Tr-me_0212.jpg,meningioma
data\raw\Epic and CSCR hospital Dataset\Train\meningioma\Tr-me_1039.jpg,meningioma
data\raw\Epic and CSCR hospital Dataset\Train\notumor\N_432_RO_.jpg,notumor
data\raw\Epic and CSCR hospital Dataset\Train\meningioma\m1(44).jpg,meningioma
data\raw\Epic and CSCR hospital Dataset\Train\glioma\Tr-gl_0421.jpg,glioma
data\raw\Epic and CSCR hospital Dataset\Train\glioma\gg (447).jpg,glioma
data\raw\Epic and CSCR hospital Dataset\Train\glioma\Tr-gl_0883.jpg,glioma
data\raw\Epic and CSCR hospital Dataset\Train\glioma\gg (439).jpg,glioma
data\raw\Epic and CSCR hospital Dataset\Train\notumor\N_385_RO_.jpg,notumor
data\raw\Epic and CSCR hospital Dataset\Train\meningioma\1321.jpg,meningioma
data\raw\Epic and CSCR hospital Dataset\Train\meningioma\Tr-me_1025.jpg,meningioma
data\raw\Epic and CSCR hospital Dataset\Train\meningioma\Tr-me_0332.jpg,meningioma
data\raw\Epic and CSCR hospital Dataset\Train\notumor\N_374_HF_.jpg,notumor
data\raw\Epic and CSCR hospital Dataset\Train\glioma\Te-gl_0227.jpg,glioma
data\raw\Epic and CSCR hospital Dataset\Train\pituitary\P_733_VF_.jpg,pituitary
data\raw\Epic and CSCR hospital Dataset\Train\meningioma\m2 (99).jpg,meningioma
data\raw\Epic and CSCR hospital Dataset\Train\meningioma\M_840_SP_.jpg,meningioma
data\raw\Epic and CSCR hospital Dataset\Train\meningioma\Tr-me_0266.jpg,meningioma
data\raw\Epic and CSCR hospital Dataset\Train\pituitary\P_843_RO_.jpg,pituitary
data\raw\Epic and CSCR hospital Dataset\Train\notumor\Te-no_0209.jpg,notumor
data\raw\Epic and CSCR hospital Dataset\Train\notumor\Te-no_0247.jpg,notumor
data\raw\Epic and CSCR hospital Dataset\Train\pituitary\p (488).jpg,pituitary
data\raw\Epic and CSCR hospital Dataset\Train\pituitary\Tr-pi_1359.jpg,pituitary
data\raw\Epic and CSCR hospital Dataset\Train\meningioma\m2 (78).jpg,meningioma
data\raw\Epic and CSCR hospital Dataset\Train\notumor\N_422_SP_.jpg,notumor
data\raw\Epic and CSCR hospital Dataset\Train\glioma\Tr-gl_0446.jpg,glioma
data\raw\Epic and CSCR hospital Dataset\Train\pituitary\P_798_RO_.jpg,pituitary
data\raw\Epic and CSCR hospital Dataset\Train\notumor\N_377_RO_.jpg,notumor
data\raw\Epic and CSCR hospital Dataset\Train\glioma\G_872_RO_.jpg,glioma
data\raw\Epic and CSCR hospital Dataset\Train\glioma\gg (521).jpg,glioma
data\raw\Epic and CSCR hospital Dataset\Train\glioma\Te-gl_0080.jpg,glioma
data\raw\Epic and CSCR hospital Dataset\Train\pituitary\P_800.jpg,pituitary
data\raw\Epic and CSCR hospital Dataset\Train\glioma\Tr-gl_1157.jpg,glioma
data\raw\Epic and CSCR hospital Dataset\Train\notumor\N_417_HF_.jpg,notumor
data\raw\Epic and CSCR hospital Dataset\Train\glioma\G_708_RO_.jpg,glioma
data\raw\Epic and CSCR hospital Dataset\Train\glioma\gg (420).jpg,glioma
data\raw\Epic and CSCR hospital Dataset\Train\glioma\G_883_BR_.jpg,glioma
data\raw\Epic and CSCR hospital Dataset\Train\pituitary\P_844_HF_.jpg,pituitary
data\raw\Epic and CSCR hospital Dataset\Train\pituitary\P_769_HF_.jpg,pituitary
data\raw\Epic and CSCR hospital Dataset\Train\glioma\G_779_VF_.jpg,glioma
data\raw\Epic and CSCR hospital Dataset\Train\glioma\G_832_SP_.jpg,glioma
data\raw\Epic and CSCR hospital Dataset\Train\notumor\image(145) - Copy.jpg,notumor
data\raw\Epic and CSCR hospital Dataset\Train\notumor\36 no.jpg,notumor
data\raw\Epic and CSCR hospital Dataset\Train\pituitary\Tr-pi_0121.jpg,pituitary
data\raw\Epic and CSCR hospital Dataset\Train\pituitary\P_716_HF_.jpg,pituitary
data\raw\Epic and CSCR hospital Dataset\Train\notumor\Tr-no_0326.jpg,notumor
data\raw\Epic and CSCR hospital Dataset\Train\glioma\gg (551).jpg,glioma
data\raw\Epic and CSCR hospital Dataset\Train\pituitary\P_750.jpg,pituitary
data\raw\Epic and CSCR hospital Dataset\Train\glioma\Tr-gl_1068.jpg,glioma
data\raw\Epic and CSCR hospital Dataset\Train\meningioma\Tr-me_0092.jpg,meningioma
data\raw\Epic and CSCR hospital Dataset\Train\pituitary\Tr-pi_1057.jpg,pituitary
data\raw\Epic and CSCR hospital Dataset\Train\pituitary\P_804_RO_.jpg,pituitary
data\raw\Epic and CSCR hospital Dataset\Train\pituitary\Tr-pi_0571.jpg,pituitary
data\raw\Epic and CSCR hospital Dataset\Train\pituitary\Tr-pi_0536.jpg,pituitary
data\raw\Epic and CSCR hospital Dataset\Train\meningioma\Tr-me_0170.jpg,meningioma
data\raw\Epic and CSCR hospital Dataset\Train\notumor\1657.jpg,notumor
data\raw\Epic and CSCR hospital Dataset\Train\glioma\G_800_HF_.jpg,glioma
data\raw\Epic and CSCR hospital Dataset\Train\glioma\gg (571).jpg,glioma
data\raw\Epic and CSCR hospital Dataset\Train\glioma\G_735_VF_.jpg,glioma
data\raw\Epic and CSCR hospital Dataset\Train\notumor\N_36_RO_.jpg,notumor
data\raw\Epic and CSCR hospital Dataset\Train\pituitary\Te-pi_0157.jpg,pituitary
data\raw\Epic and CSCR hospital Dataset\Train\glioma\Tr-gl_0404.jpg,glioma
data\raw\Epic and CSCR hospital Dataset\Train\glioma\gg (494).jpg,glioma
data\raw\Epic and CSCR hospital Dataset\Train\pituitary\P_836_SP_.jpg,pituitary
data\raw\Epic and CSCR hospital Dataset\Train\meningioma\Te-me_0138.jpg,meningioma
data\raw\Epic and CSCR hospital Dataset\Train\glioma\Tr-gl_0137.jpg,glioma
data\raw\Epic and CSCR hospital Dataset\Train\glioma\G_878_VF_.jpg,glioma
data\raw\Epic and CSCR hospital Dataset\Train\glioma\G_722_RO_.jpg,glioma
data\raw\Epic and CSCR hospital Dataset\Train\pituitary\P_724_SP_.jpg,pituitary
data\raw\Epic and CSCR hospital Dataset\Train\notumor\N_415_SP_.jpg,notumor
data\raw\Epic and CSCR hospital Dataset\Train\glioma\Tr-gl_0975.jpg,glioma
data\raw\Epic and CSCR hospital Dataset\Train\glioma\G_833_DA_.jpg,glioma
data\raw\Epic and CSCR hospital Dataset\Train\meningioma\M_887_VF_.jpg,meningioma
data\raw\Epic and CSCR hospital Dataset\Train\glioma\G_777_RO_.jpg,glioma
data\raw\Epic and CSCR hospital Dataset\Train\glioma\G_775_RO_.jpg,glioma
data\raw\Epic and CSCR hospital Dataset\Train\glioma\G_748_HF_.jpg,glioma
data\raw\Epic and CSCR hospital Dataset\Train\glioma\G_737.jpg,glioma
data\raw\Epic and CSCR hospital Dataset\Train\meningioma\Tr-me_0999.jpg,meningioma
data\raw\Epic and CSCR hospital Dataset\Train\glioma\Tr-gl_1087.jpg,glioma
data\raw\Epic and CSCR hospital Dataset\Train\meningioma\Te-me_0169.jpg,meningioma
data\raw\Epic and CSCR hospital Dataset\Train\meningioma\Tr-me_0295.jpg,meningioma
data\raw\Epic and CSCR hospital Dataset\Train\glioma\G_813_HF_.jpg,glioma
data\raw\Epic and CSCR hospital Dataset\Train\glioma\G_834_SP_.jpg,glioma
data\raw\Epic and CSCR hospital Dataset\Train\glioma\gg (588).jpg,glioma
data\raw\Epic and CSCR hospital Dataset\Train\meningioma\1410.jpg,meningioma
data\raw\Epic and CSCR hospital Dataset\Train\meningioma\Te-me_0115.jpg,meningioma
data\raw\Epic and CSCR hospital Dataset\Train\pituitary\P_828_SP_.jpg,pituitary
data\raw\Epic and CSCR hospital Dataset\Train\meningioma\Tr-me_1145.jpg,meningioma
data\raw\Epic and CSCR hospital Dataset\Train\meningioma\M_848_BR_.jpg,meningioma
data\raw\Epic and CSCR hospital Dataset\Train\glioma\Te-gl_0144.jpg,glioma
data\raw\Epic and CSCR hospital Dataset\Train\pituitary\Tr-pi_0253.jpg,pituitary
data\raw\Epic and CSCR hospital Dataset\Train\meningioma\M_864_DA_.jpg,meningioma
data\raw\Epic and CSCR hospital Dataset\Train\pituitary\Te-pi_0018.jpg,pituitary
data\raw\Epic and CSCR hospital Dataset\Train\glioma\Tr-gl_0201.jpg,glioma
data\raw\Epic and CSCR hospital Dataset\Train\pituitary\Tr-pi_1223.jpg,pituitary
data\raw\Epic and CSCR hospital Dataset\Train\glioma\G_867_DA_.jpg,glioma
data\raw\Epic and CSCR hospital Dataset\Train\notumor\N_436_VF_.jpg,notumor
data\raw\Epic and CSCR hospital Dataset\Train\notumor\Tr-no_0098.jpg,notumor
data\raw\Epic and CSCR hospital Dataset\Train\pituitary\Tr-pi_0110.jpg,pituitary
data\raw\Epic and CSCR hospital Dataset\Train\notumor\Tr-no_0417.jpg,notumor
data\raw\Epic and CSCR hospital Dataset\Train\meningioma\Te-me_0293.jpg,meningioma
data\raw\Epic and CSCR hospital Dataset\Train\meningioma\Tr-me_0902.jpg,meningioma
data\raw\Epic and CSCR hospital Dataset\Train\notumor\N_416_RO_.jpg,notumor
data\raw\Epic and CSCR hospital Dataset\Train\meningioma\1325.jpg,meningioma
data\raw\Epic and CSCR hospital Dataset\Train\pituitary\Te-pi_0154.jpg,pituitary
data\raw\Epic and CSCR hospital Dataset\Train\pituitary\Tr-pi_1086.jpg,pituitary
data\raw\Epic and CSCR hospital Dataset\Train\glioma\Tr-gl_1115.jpg,glioma
data\raw\Epic and CSCR hospital Dataset\Train\glioma\Te-gl_0123.jpg,glioma
data\raw\Epic and CSCR hospital Dataset\Train\meningioma\M_833_HF_.jpg,meningioma
data\raw\Epic and CSCR hospital Dataset\Train\notumor\Tr-no_0027.jpg,notumor
data\raw\Epic and CSCR hospital Dataset\Train\glioma\Tr-gl_1178.jpg,glioma
data\raw\Epic and CSCR hospital Dataset\Train\notumor\N_415_HF_.jpg,notumor
data\raw\Epic and CSCR hospital Dataset\Train\glioma\gg (501).jpg,glioma
data\raw\Epic and CSCR hospital Dataset\Train\pituitary\Te-pi_0095.jpg,pituitary
data\raw\Epic and CSCR hospital Dataset\Train\meningioma\Tr-me_1100.jpg,meningioma
data\raw\Epic and CSCR hospital Dataset\Train\notumor\Tr-no_0600.jpg,notumor
data\raw\Epic and CSCR hospital Dataset\Train\meningioma\Tr-me_0122.jpg,meningioma
data\raw\Epic and CSCR hospital Dataset\Train\glioma\Tr-gl_0301.jpg,glioma
data\raw\Epic and CSCR hospital Dataset\Train\meningioma\Tr-me_1081.jpg,meningioma
data\raw\Epic and CSCR hospital Dataset\Train\meningioma\Tr-me_0881.jpg,meningioma
data\raw\Epic and CSCR hospital Dataset\Train\notumor\1695.jpg,notumor
data\raw\Epic and CSCR hospital Dataset\Train\glioma\Te-gl_0101.jpg,glioma
data\raw\Epic and CSCR hospital Dataset\Train\pituitary\P_719_BR_.jpg,pituitary
data\raw\Epic and CSCR hospital Dataset\Train\meningioma\M_822_RO_.jpg,meningioma
data\raw\Epic and CSCR hospital Dataset\Train\glioma\G_828_SP_.jpg,glioma
data\raw\Epic and CSCR hospital Dataset\Train\notumor\N_383_DA_.jpg,notumor
data\raw\Epic and CSCR hospital Dataset\Train\meningioma\Te-me_0135.jpg,meningioma
data\raw\Epic and CSCR hospital Dataset\Train\pituitary\Te-pi_0022.jpg,pituitary
data\raw\Epic and CSCR hospital Dataset\Train\pituitary\Tr-pi_1225.jpg,pituitary
data\raw\Epic and CSCR hospital Dataset\Train\pituitary\P_781_SP_.jpg,pituitary
data\raw\Epic and CSCR hospital Dataset\Train\pituitary\Tr-pi_0056.jpg,pituitary
data\raw\Epic and CSCR hospital Dataset\Train\glioma\Tr-gl_0136.jpg,glioma
data\raw\Epic and CSCR hospital Dataset\Train\meningioma\Tr-me_1296.jpg,meningioma
data\raw\Epic and CSCR hospital Dataset\Train\glioma\gg (599).jpg,glioma
data\raw\Epic and CSCR hospital Dataset\Train\notumor\Tr-no_0278.jpg,notumor
data\raw\Epic and CSCR hospital Dataset\Train\glioma\Te-gl_0211.jpg,glioma
data\raw\Epic and CSCR hospital Dataset\Train\pituitary\Tr-pi_1387.jpg,pituitary
data\raw\Epic and CSCR hospital Dataset\Train\meningioma\m3 (121).jpg,meningioma
data\raw\Epic and CSCR hospital Dataset\Train\pituitary\P_819_RO_.jpg,pituitary
data\raw\Epic and CSCR hospital Dataset\Train\glioma\image(55).jpg,glioma
data\raw\Epic and CSCR hospital Dataset\Train\glioma\Te-gl_0079.jpg,glioma
data\raw\Epic and CSCR hospital Dataset\Train\pituitary\P_826_VF_.jpg,pituitary
data\raw\Epic and CSCR hospital Dataset\Train\notumor\Te-no_0312.jpg,notumor
data\raw\Epic and CSCR hospital Dataset\Train\glioma\Tr-gl_0522.jpg,glioma
data\raw\Epic and CSCR hospital Dataset\Train\pituitary\P_82_HF_.jpg,pituitary
data\raw\Epic and CSCR hospital Dataset\Train\glioma\Tr-gl_0334.jpg,glioma
data\raw\Epic and CSCR hospital Dataset\Train\notumor\N_388_DA_.jpg,notumor
data\raw\Epic and CSCR hospital Dataset\Train\notumor\N_387.jpg,notumor
data\raw\Epic and CSCR hospital Dataset\Train\glioma\image(67).jpg,glioma
data\raw\Epic and CSCR hospital Dataset\Train\notumor\Tr-no_0472.jpg,notumor
data\raw\Epic and CSCR hospital Dataset\Train\meningioma\Tr-me_0217.jpg,meningioma
data\raw\Epic and CSCR hospital Dataset\Train\meningioma\1406.jpg,meningioma
data\raw\Epic and CSCR hospital Dataset\Train\pituitary\Tr-pi_0679.jpg,pituitary
data\raw\Epic and CSCR hospital Dataset\Train\glioma\G_726_RO_.jpg,glioma
data\raw\Epic and CSCR hospital Dataset\Train\notumor\N_425_BR_.jpg,notumor
data\raw\Epic and CSCR hospital Dataset\Train\glioma\G_739_HF_.jpg,glioma
data\raw\Epic and CSCR hospital Dataset\Train\meningioma\m2 (130).jpg,meningioma
data\raw\Epic and CSCR hospital Dataset\Train\glioma\G_763_DA_.jpg,glioma
data\raw\Epic and CSCR hospital Dataset\Train\glioma\Tr-gl_0518.jpg,glioma
data\raw\Epic and CSCR hospital Dataset\Train\glioma\G_830.jpg,glioma
data\raw\Epic and CSCR hospital Dataset\Train\notumor\N_435_HF_.jpg,notumor
data\raw\Epic and CSCR hospital Dataset\Train\glioma\G_784_VF_.jpg,glioma
data\raw\Epic and CSCR hospital Dataset\Train\notumor\1752.jpg,notumor
data\raw\Epic and CSCR hospital Dataset\Train\pituitary\P_808_VF_.jpg,pituitary
data\raw\Epic and CSCR hospital Dataset\Train\glioma\G_724_SP_.jpg,glioma
data\raw\Epic and CSCR hospital Dataset\Train\glioma\G_736_VF_.jpg,glioma
data\raw\Epic and CSCR hospital Dataset\Train\meningioma\Tr-me_1075.jpg,meningioma
data\raw\Epic and CSCR hospital Dataset\Train\notumor\N_368_SP_.jpg,notumor
data\raw\Epic and CSCR hospital Dataset\Train\pituitary\P_799_BR_.jpg,pituitary
data\raw\Epic and CSCR hospital Dataset\Train\notumor\N_399_HF_.jpg,notumor
data\raw\Epic and CSCR hospital Dataset\Train\glioma\Te-gl_0081.jpg,glioma
data\raw\Epic and CSCR hospital Dataset\Train\pituitary\Tr-pi_1197.jpg,pituitary
data\raw\Epic and CSCR hospital Dataset\Train\notumor\Tr-no_0504.jpg,notumor
data\raw\Epic and CSCR hospital Dataset\Train\meningioma\M_820.jpg,meningioma
data\raw\Epic and CSCR hospital Dataset\Train\glioma\G_881_HF_.jpg,glioma
data\raw\Epic and CSCR hospital Dataset\Train\glioma\G_705_HF_.jpg,glioma
data\raw\Epic and CSCR hospital Dataset\Train\notumor\1669.jpg,notumor
data\raw\Epic and CSCR hospital Dataset\Train\notumor\Tr-no_0457.jpg,notumor
data\raw\Epic and CSCR hospital Dataset\Train\pituitary\P_73_HF_.jpg,pituitary
data\raw\Epic and CSCR hospital Dataset\Train\meningioma\m2 (21).jpg,meningioma
data\raw\Epic and CSCR hospital Dataset\Train\meningioma\m2 (154).jpg,meningioma
data\raw\Epic and CSCR hospital Dataset\Train\notumor\N_418_HF_.jpg,notumor
data\raw\Epic and CSCR hospital Dataset\Train\glioma\G_769_BR_.jpg,glioma
data\raw\Epic and CSCR hospital Dataset\Train\glioma\G_731_SP_.jpg,glioma
data\raw\Epic and CSCR hospital Dataset\Train\pituitary\Tr-pi_0113.jpg,pituitary
data\raw\Epic and CSCR hospital Dataset\Train\notumor\Tr-no_0105.jpg,notumor
data\raw\Epic and CSCR hospital Dataset\Train\glioma\G_815_BR_.jpg,glioma
data\raw\Epic and CSCR hospital Dataset\Train\glioma\G_748_SP_.jpg,glioma
data\raw\Epic and CSCR hospital Dataset\Train\pituitary\Tr-pi_1312.jpg,pituitary
data\raw\Epic and CSCR hospital Dataset\Train\notumor\N_390_BR_.jpg,notumor
data\raw\Epic and CSCR hospital Dataset\Train\notumor\1660.jpg,notumor
data\raw\Epic and CSCR hospital Dataset\Train\glioma\gg (567).jpg,glioma
data\raw\Epic and CSCR hospital Dataset\Train\pituitary\P_737_VF_.jpg,pituitary
data\raw\Epic and CSCR hospital Dataset\Train\glioma\G_86_SP_.jpg,glioma
data\raw\Epic and CSCR hospital Dataset\Train\notumor\Tr-no_0522.jpg,notumor
data\raw\Epic and CSCR hospital Dataset\Train\meningioma\M_882_BR_.jpg,meningioma
data\raw\Epic and CSCR hospital Dataset\Train\pituitary\P_839_SP_.jpg,pituitary
data\raw\Epic and CSCR hospital Dataset\Train\meningioma\Tr-me_1053.jpg,meningioma
data\raw\Epic and CSCR hospital Dataset\Train\pituitary\Tr-pi_1111.jpg,pituitary
data\raw\Epic and CSCR hospital Dataset\Train\pituitary\P_786_HF_.jpg,pituitary
data\raw\Epic and CSCR hospital Dataset\Train\notumor\N_378_SP_.jpg,notumor
data\raw\Epic and CSCR hospital Dataset\Train\meningioma\Tr-me_1058.jpg,meningioma
data\raw\Epic and CSCR hospital Dataset\Train\meningioma\Tr-me_0923.jpg,meningioma
data\raw\Epic and CSCR hospital Dataset\Train\glioma\G_712_DA_.jpg,glioma
data\raw\Epic and CSCR hospital Dataset\Train\pituitary\P_753.jpg,pituitary
data\raw\Epic and CSCR hospital Dataset\Train\glioma\G_812_BR_.jpg,glioma
data\raw\Epic and CSCR hospital Dataset\Train\meningioma\Tr-me_0175.jpg,meningioma
data\raw\Epic and CSCR hospital Dataset\Train\notumor\N_410_DA_.jpg,notumor
data\raw\Epic and CSCR hospital Dataset\Train\notumor\Tr-no_0280.jpg,notumor
data\raw\Epic and CSCR hospital Dataset\Train\pituitary\P_832_SP_.jpg,pituitary
data\raw\Epic and CSCR hospital Dataset\Train\glioma\Te-gl_0185.jpg,glioma
data\raw\Epic and CSCR hospital Dataset\Train\notumor\N_415_BR_.jpg,notumor
data\raw\Epic and CSCR hospital Dataset\Train\notumor\Tr-no_0593.jpg,notumor
data\raw\Epic and CSCR hospital Dataset\Train\glioma\G_718_DA_.jpg,glioma
data\raw\Epic and CSCR hospital Dataset\Train\glioma\G_871.jpg,glioma
data\raw\Epic and CSCR hospital Dataset\Train\glioma\G_808_DA_.jpg,glioma
data\raw\Epic and CSCR hospital Dataset\Train\pituitary\P_781_HF_.jpg,pituitary
data\raw\Epic and CSCR hospital Dataset\Train\meningioma\1352.jpg,meningioma
data\raw\Epic and CSCR hospital Dataset\Train\pituitary\P_786_SP_.jpg,pituitary
data\raw\Epic and CSCR hospital Dataset\Train\meningioma\Tr-me_1260.jpg,meningioma
data\raw\Epic and CSCR hospital Dataset\Train\meningioma\Tr-me_0273.jpg,meningioma
data\raw\Epic and CSCR hospital Dataset\Train\glioma\Tr-gl_0438.jpg,glioma
data\raw\Epic and CSCR hospital Dataset\Train\meningioma\Tr-me_0318.jpg,meningioma
data\raw\Epic and CSCR hospital Dataset\Train\glioma\Te-gl_0152.jpg,glioma
data\raw\Epic and CSCR hospital Dataset\Train\pituitary\P_81.jpg,pituitary
data\raw\Epic and CSCR hospital Dataset\Train\pituitary\Tr-pi_1058.jpg,pituitary
data\raw\Epic and CSCR hospital Dataset\Train\glioma\Tr-gl_1163.jpg,glioma
data\raw\Epic and CSCR hospital Dataset\Train\glioma\Tr-gl_0952.jpg,glioma
data\raw\Epic and CSCR hospital Dataset\Train\glioma\Tr-gl_0553.jpg,glioma
data\raw\Epic and CSCR hospital Dataset\Train\pituitary\P_739_VF_.jpg,pituitary
data\raw\Epic and CSCR hospital Dataset\Train\pituitary\p (536).jpg,pituitary
data\raw\Epic and CSCR hospital Dataset\Train\glioma\G_792_VF_.jpg,glioma
data\raw\Epic and CSCR hospital Dataset\Train\glioma\Tr-gl_0333.jpg,glioma
data\raw\Epic and CSCR hospital Dataset\Train\pituitary\Tr-pi_1145.jpg,pituitary
data\raw\Epic and CSCR hospital Dataset\Train\meningioma\M_887_SP_.jpg,meningioma
data\raw\Epic and CSCR hospital Dataset\Train\meningioma\Tr-me_1214.jpg,meningioma
data\raw\Epic and CSCR hospital Dataset\Train\pituitary\Te-pi_0082.jpg,pituitary
data\raw\Epic and CSCR hospital Dataset\Train\pituitary\Tr-pi_1332.jpg,pituitary
data\raw\Epic and CSCR hospital Dataset\Train\pituitary\Tr-pi_0624.jpg,pituitary
data\raw\Epic and CSCR hospital Dataset\Train\glioma\G_782_BR_.jpg,glioma
data\raw\Epic and CSCR hospital Dataset\Train\glioma\gg (350).jpg,glioma
data\raw\Epic and CSCR hospital Dataset\Train\glioma\G_705_VF_.jpg,glioma
data\raw\Epic and CSCR hospital Dataset\Train\glioma\G_798_VF_.jpg,glioma
data\raw\Epic and CSCR hospital Dataset\Train\pituitary\P_795_RO_.jpg,pituitary
data\raw\Epic and CSCR hospital Dataset\Train\pituitary\P_740_HF_.jpg,pituitary
data\raw\Epic and CSCR hospital Dataset\Train\glioma\Tr-gl_0564.jpg,glioma
data\raw\Epic and CSCR hospital Dataset\Train\glioma\Tr-gl_1065.jpg,glioma
data\raw\Epic and CSCR hospital Dataset\Train\glioma\G_733_SP_.jpg,glioma
data\raw\Epic and CSCR hospital Dataset\Train\pituitary\P_729_VF_.jpg,pituitary
data\raw\Epic and CSCR hospital Dataset\Train\pituitary\P_766.jpg,pituitary
data\raw\Epic and CSCR hospital Dataset\Train\notumor\Tr-no_0340.jpg,notumor
data\raw\Epic and CSCR hospital Dataset\Train\glioma\G_721_DA_.jpg,glioma
data\raw\Epic and CSCR hospital Dataset\Train\pituitary\p (540).jpg,pituitary
data\raw\Epic and CSCR hospital Dataset\Train\glioma\G_864_VF_.jpg,glioma
data\raw\Epic and CSCR hospital Dataset\Train\meningioma\1387.jpg,meningioma
data\raw\Epic and CSCR hospital Dataset\Train\meningioma\M_836.jpg,meningioma
data\raw\Epic and CSCR hospital Dataset\Train\glioma\Tr-gl_0466.jpg,glioma
data\raw\Epic and CSCR hospital Dataset\Train\pituitary\P_783_BR_.jpg,pituitary
data\raw\Epic and CSCR hospital Dataset\Train\glioma\G_797_VF_.jpg,glioma
data\raw\Epic and CSCR hospital Dataset\Train\notumor\N_405_SP_.jpg,notumor
data\raw\Epic and CSCR hospital Dataset\Train\meningioma\Tr-me_0859.jpg,meningioma
data\raw\Epic and CSCR hospital Dataset\Train\meningioma\1330.jpg,meningioma
data\raw\Epic and CSCR hospital Dataset\Train\notumor\Te-no_0124.jpg,notumor
data\raw\Epic and CSCR hospital Dataset\Train\pituitary\P_752_VF_.jpg,pituitary
data\raw\Epic and CSCR hospital Dataset\Train\glioma\Tr-gl_0889.jpg,glioma
data\raw\Epic and CSCR hospital Dataset\Train\meningioma\m2 (29).jpg,meningioma
data\raw\Epic and CSCR hospital Dataset\Train\notumor\N_417.jpg,notumor
data\raw\Epic and CSCR hospital Dataset\Train\pituitary\P_766_SP_.jpg,pituitary
data\raw\Epic and CSCR hospital Dataset\Train\glioma\gg (674).jpg,glioma
data\raw\Epic and CSCR hospital Dataset\Train\glioma\Te-gl_0253.jpg,glioma
data\raw\Epic and CSCR hospital Dataset\Train\pituitary\Tr-pi_0114.jpg,pituitary
data\raw\Epic and CSCR hospital Dataset\Train\glioma\G_798_BR_.jpg,glioma
data\raw\Epic and CSCR hospital Dataset\Train\notumor\Tr-no_0498.jpg,notumor
data\raw\Epic and CSCR hospital Dataset\Train\notumor\N_403_RO_.jpg,notumor
data\raw\Epic and CSCR hospital Dataset\Train\glioma\Tr-gl_0418.jpg,glioma
data\raw\Epic and CSCR hospital Dataset\Train\pituitary\Tr-pi_0261.jpg,pituitary
data\raw\Epic and CSCR hospital Dataset\Train\notumor\N_438.jpg,notumor
data\raw\Epic and CSCR hospital Dataset\Train\pituitary\Tr-pi_1196.jpg,pituitary
data\raw\Epic and CSCR hospital Dataset\Train\pituitary\Tr-pi_1125.jpg,pituitary
data\raw\Epic and CSCR hospital Dataset\Train\notumor\N_385.jpg,notumor
data\raw\Epic and CSCR hospital Dataset\Train\notumor\Te-no_0169.jpg,notumor
data\raw\Epic and CSCR hospital Dataset\Train\glioma\Tr-gl_1265.jpg,glioma
data\raw\Epic and CSCR hospital Dataset\Train\pituitary\P_794_RO_.jpg,pituitary
data\raw\Epic and CSCR hospital Dataset\Train\notumor\N_37_RO_.jpg,notumor
data\raw\Epic and CSCR hospital Dataset\Train\notumor\1863.jpg,notumor
data\raw\Epic and CSCR hospital Dataset\Train\glioma\Tr-gl_0457.jpg,glioma
data\raw\Epic and CSCR hospital Dataset\Train\glioma\G_811_RO_.jpg,glioma
data\raw\Epic and CSCR hospital Dataset\Train\notumor\N_421_BR_.jpg,notumor
data\raw\Epic and CSCR hospital Dataset\Train\pituitary\P_750_DA_.jpg,pituitary
data\raw\Epic and CSCR hospital Dataset\Train\pituitary\P_828_DA_.jpg,pituitary
data\raw\Epic and CSCR hospital Dataset\Train\notumor\Tr-no_0461.jpg,notumor
data\raw\Epic and CSCR hospital Dataset\Train\notumor\N_36_VF_.jpg,notumor
data\raw\Epic and CSCR hospital Dataset\Train\meningioma\M_844_SP_.jpg,meningioma
data\raw\Epic and CSCR hospital Dataset\Train\notumor\N_419_VF_.jpg,notumor
data\raw\Epic and CSCR hospital Dataset\Train\notumor\N_397_RO_.jpg,notumor
data\raw\Epic and CSCR hospital Dataset\Train\glioma\gg (617).jpg,glioma
data\raw\Epic and CSCR hospital Dataset\Train\glioma\G_882_SP_.jpg,glioma
data\raw\Epic and CSCR hospital Dataset\Train\glioma\Tr-gl_1160.jpg,glioma
data\raw\Epic and CSCR hospital Dataset\Train\notumor\7 no.jpg,notumor
data\raw\Epic and CSCR hospital Dataset\Train\glioma\G_708_BR_.jpg,glioma
data\raw\Epic and CSCR hospital Dataset\Train\meningioma\Tr-me_1146.jpg,meningioma
data\raw\Epic and CSCR hospital Dataset\Train\pituitary\Tr-pi_0641.jpg,pituitary
data\raw\Epic and CSCR hospital Dataset\Train\glioma\image(3).jpg,glioma
data\raw\Epic and CSCR hospital Dataset\Train\notumor\Tr-no_0409.jpg,notumor
data\raw\Epic and CSCR hospital Dataset\Train\meningioma\Tr-me_0106.jpg,meningioma
data\raw\Epic and CSCR hospital Dataset\Train\meningioma\M_851_DA_.jpg,meningioma
data\raw\Epic and CSCR hospital Dataset\Train\pituitary\Tr-pi_0187.jpg,pituitary
data\raw\Epic and CSCR hospital Dataset\Train\meningioma\Tr-me_1133.jpg,meningioma
data\raw\Epic and CSCR hospital Dataset\Train\meningioma\M_836_DA_.jpg,meningioma
data\raw\Epic and CSCR hospital Dataset\Train\notumor\Tr-no_0640.jpg,notumor
data\raw\Epic and CSCR hospital Dataset\Train\notumor\image(162).jpg,notumor
data\raw\Epic and CSCR hospital Dataset\Train\notumor\1639.jpg,notumor
data\raw\Epic and CSCR hospital Dataset\Train\glioma\G_803_VF_.jpg,glioma
data\raw\Epic and CSCR hospital Dataset\Train\meningioma\Tr-me_0257.jpg,meningioma
data\raw\Epic and CSCR hospital Dataset\Train\glioma\G_811_SP_.jpg,glioma
data\raw\Epic and CSCR hospital Dataset\Train\meningioma\Tr-me_1084.jpg,meningioma
data\raw\Epic and CSCR hospital Dataset\Train\pituitary\Te-pi_0077.jpg,pituitary
data\raw\Epic and CSCR hospital Dataset\Train\pituitary\P_815_DA_.jpg,pituitary
data\raw\Epic and CSCR hospital Dataset\Train\pituitary\P_705_DA_.jpg,pituitary
data\raw\Epic and CSCR hospital Dataset\Train\pituitary\P_736_BR_.jpg,pituitary
data\raw\Epic and CSCR hospital Dataset\Train\pituitary\P_716_DA_.jpg,pituitary
data\raw\Epic and CSCR hospital Dataset\Train\glioma\G_775_BR_.jpg,glioma
data\raw\Epic and CSCR hospital Dataset\Train\glioma\G_836_BR_.jpg,glioma
data\raw\Epic and CSCR hospital Dataset\Train\notumor\image(13).jpg,notumor
data\raw\Epic and CSCR hospital Dataset\Train\pituitary\P_763_RO_.jpg,pituitary
data\raw\Epic and CSCR hospital Dataset\Train\meningioma\1323.jpg,meningioma
data\raw\Epic and CSCR hospital Dataset\Train\meningioma\Te-me_0263.jpg,meningioma
data\raw\Epic and CSCR hospital Dataset\Train\meningioma\m3 (114).jpg,meningioma
data\raw\Epic and CSCR hospital Dataset\Train\notumor\N_374_RO_.jpg,notumor
data\raw\Epic and CSCR hospital Dataset\Train\meningioma\M_820_DA_.jpg,meningioma
data\raw\Epic and CSCR hospital Dataset\Train\notumor\1824.jpg,notumor
data\raw\Epic and CSCR hospital Dataset\Train\pituitary\P_780_RO_.jpg,pituitary
data\raw\Epic and CSCR hospital Dataset\Train\meningioma\m2 (54).jpg,meningioma
data\raw\Epic and CSCR hospital Dataset\Train\glioma\Tr-gl_0390.jpg,glioma
data\raw\Epic and CSCR hospital Dataset\Train\glioma\G_820_VF_.jpg,glioma
data\raw\Epic and CSCR hospital Dataset\Train\meningioma\Tr-me_1129.jpg,meningioma
data\raw\Epic and CSCR hospital Dataset\Train\pituitary\p (543).jpg,pituitary
data\raw\Epic and CSCR hospital Dataset\Train\glioma\Tr-gl_0535.jpg,glioma
data\raw\Epic and CSCR hospital Dataset\Train\glioma\G_725_BR_.jpg,glioma
data\raw\Epic and CSCR hospital Dataset\Train\meningioma\m1(79).jpg,meningioma
data\raw\Epic and CSCR hospital Dataset\Train\glioma\Te-gl_0229.jpg,glioma
data\raw\Epic and CSCR hospital Dataset\Train\glioma\G_867.jpg,glioma
data\raw\Epic and CSCR hospital Dataset\Train\glioma\Tr-gl_0362.jpg,glioma
data\raw\Epic and CSCR hospital Dataset\Train\meningioma\Te-me_0124.jpg,meningioma
data\raw\Epic and CSCR hospital Dataset\Train\pituitary\P_836.jpg,pituitary
data\raw\Epic and CSCR hospital Dataset\Train\meningioma\Te-me_0141.jpg,meningioma
data\raw\Epic and CSCR hospital Dataset\Train\notumor\1746.jpg,notumor
data\raw\Epic and CSCR hospital Dataset\Train\glioma\G_785_SP_.jpg,glioma
data\raw\Epic and CSCR hospital Dataset\Train\glioma\Te-gl_0257.jpg,glioma
data\raw\Epic and CSCR hospital Dataset\Train\glioma\G_803_RO_.jpg,glioma
data\raw\Epic and CSCR hospital Dataset\Train\pituitary\Tr-pi_1092.jpg,pituitary
data\raw\Epic and CSCR hospital Dataset\Train\glioma\G_799_RO_.jpg,glioma
data\raw\Epic and CSCR hospital Dataset\Train\glioma\image(52).jpg,glioma
data\raw\Epic and CSCR hospital Dataset\Train\meningioma\m3 (127).jpg,meningioma
data\raw\Epic and CSCR hospital Dataset\Train\pituitary\Tr-pi_0589.jpg,pituitary
data\raw\Epic and CSCR hospital Dataset\Train\meningioma\M_874_VF_.jpg,meningioma
data\raw\Epic and CSCR hospital Dataset\Train\glioma\Tr-gl_0093.jpg,glioma
data\raw\Epic and CSCR hospital Dataset\Train\glioma\gg (577).jpg,glioma
data\raw\Epic and CSCR hospital Dataset\Train\notumor\Te-no_0364.jpg,notumor
data\raw\Epic and CSCR hospital Dataset\Train\glioma\gg (56).jpg,glioma
data\raw\Epic and CSCR hospital Dataset\Train\glioma\gg (6).jpg,glioma
data\raw\Epic and CSCR hospital Dataset\Train\notumor\N_58.jpg,notumor
data\raw\Epic and CSCR hospital Dataset\Train\meningioma\M_825_BR_.jpg,meningioma
data\raw\Epic and CSCR hospital Dataset\Train\glioma\Tr-gl_1079.jpg,glioma
data\raw\Epic and CSCR hospital Dataset\Train\glioma\gg (512).jpg,glioma
data\raw\Epic and CSCR hospital Dataset\Train\meningioma\M_850_SP_.jpg,meningioma
data\raw\Epic and CSCR hospital Dataset\Train\pituitary\Tr-pi_0201.jpg,pituitary
data\raw\Epic and CSCR hospital Dataset\Train\glioma\G_889_HF_.jpg,glioma
data\raw\Epic and CSCR hospital Dataset\Train\pituitary\Tr-pi_0155.jpg,pituitary
data\raw\Epic and CSCR hospital Dataset\Train\pituitary\P_752_DA_.jpg,pituitary
data\raw\Epic and CSCR hospital Dataset\Train\glioma\gg (377).jpg,glioma
data\raw\Epic and CSCR hospital Dataset\Train\glioma\Tr-gl_1233.jpg,glioma
data\raw\Epic and CSCR hospital Dataset\Train\pituitary\P_721_DA_.jpg,pituitary
data\raw\Epic and CSCR hospital Dataset\Train\meningioma\M_887_HF_.jpg,meningioma
data\raw\Epic and CSCR hospital Dataset\Train\glioma\gg (332).jpg,glioma
data\raw\Epic and CSCR hospital Dataset\Train\pituitary\Tr-pi_0659.jpg,pituitary
data\raw\Epic and CSCR hospital Dataset\Train\pituitary\P_748.jpg,pituitary
data\raw\Epic and CSCR hospital Dataset\Train\notumor\Tr-no_0414.jpg,notumor
data\raw\Epic and CSCR hospital Dataset\Train\notumor\1622.jpg,notumor
data\raw\Epic and CSCR hospital Dataset\Train\pituitary\Tr-pi_0665.jpg,pituitary
data\raw\Epic and CSCR hospital Dataset\Train\pituitary\P_795_SP_.jpg,pituitary
data\raw\Epic and CSCR hospital Dataset\Train\pituitary\P_742_BR_.jpg,pituitary
data\raw\Epic and CSCR hospital Dataset\Train\pituitary\Tr-pi_1395.jpg,pituitary
data\raw\Epic and CSCR hospital Dataset\Train\meningioma\M_866_DA_.jpg,meningioma
data\raw\Epic and CSCR hospital Dataset\Train\glioma\Te-gl_0183.jpg,glioma
data\raw\Epic and CSCR hospital Dataset\Train\notumor\Tr-no_0322.jpg,notumor
data\raw\Epic and CSCR hospital Dataset\Train\glioma\Tr-gl_0315.jpg,glioma
data\raw\Epic and CSCR hospital Dataset\Train\pituitary\Tr-pi_1119.jpg,pituitary
data\raw\Epic and CSCR hospital Dataset\Train\meningioma\m2 (119).jpg,meningioma
data\raw\Epic and CSCR hospital Dataset\Train\pituitary\P_804_HF_.jpg,pituitary
data\raw\Epic and CSCR hospital Dataset\Train\pituitary\P_88_SP_.jpg,pituitary
data\raw\Epic and CSCR hospital Dataset\Train\meningioma\Te-me_0166.jpg,meningioma
data\raw\Epic and CSCR hospital Dataset\Train\meningioma\M_828_BR_.jpg,meningioma
data\raw\Epic and CSCR hospital Dataset\Train\notumor\Tr-no_0519.jpg,notumor
data\raw\Epic and CSCR hospital Dataset\Train\notumor\1659.jpg,notumor
data\raw\Epic and CSCR hospital Dataset\Train\pituitary\P_807_SP_.jpg,pituitary
data\raw\Epic and CSCR hospital Dataset\Train\pituitary\P_782_SP_.jpg,pituitary
data\raw\Epic and CSCR hospital Dataset\Train\pituitary\P_728_BR_.jpg,pituitary
data\raw\Epic and CSCR hospital Dataset\Train\notumor\Tr-no_0597.jpg,notumor
data\raw\Epic and CSCR hospital Dataset\Train\notumor\Te-no_0256.jpg,notumor
data\raw\Epic and CSCR hospital Dataset\Train\notumor\Tr-no_0506.jpg,notumor
data\raw\Epic and CSCR hospital Dataset\Train\meningioma\m2 (123).jpg,meningioma
data\raw\Epic and CSCR hospital Dataset\Train\notumor\Tr-no_0460.jpg,notumor
data\raw\Epic and CSCR hospital Dataset\Train\pituitary\Tr-pi_1107.jpg,pituitary
data\raw\Epic and CSCR hospital Dataset\Train\meningioma\M_870_SP_.jpg,meningioma
data\raw\Epic and CSCR hospital Dataset\Train\glioma\G_747_SP_.jpg,glioma
data\raw\Epic and CSCR hospital Dataset\Train\meningioma\Tr-me_0330.jpg,meningioma
data\raw\Epic and CSCR hospital Dataset\Train\glioma\Tr-gl_0805.jpg,glioma
data\raw\Epic and CSCR hospital Dataset\Train\meningioma\m2 (43).jpg,meningioma
data\raw\Epic and CSCR hospital Dataset\Train\pituitary\Tr-pi_1235.jpg,pituitary
data\raw\Epic and CSCR hospital Dataset\Train\pituitary\P_826_RO_.jpg,pituitary
data\raw\Epic and CSCR hospital Dataset\Train\glioma\G_862.jpg,glioma
data\raw\Epic and CSCR hospital Dataset\Train\glioma\G_885_RO_.jpg,glioma
data\raw\Epic and CSCR hospital Dataset\Train\glioma\gg (379).jpg,glioma
data\raw\Epic and CSCR hospital Dataset\Train\meningioma\Te-me_0127.jpg,meningioma
data\raw\Epic and CSCR hospital Dataset\Train\meningioma\M_855_RO_.jpg,meningioma
data\raw\Epic and CSCR hospital Dataset\Train\pituitary\Tr-pi_1404.jpg,pituitary
data\raw\Epic and CSCR hospital Dataset\Train\glioma\G_722_HF_.jpg,glioma
data\raw\Epic and CSCR hospital Dataset\Train\glioma\G_787_VF_.jpg,glioma
data\raw\Epic and CSCR hospital Dataset\Train\meningioma\Tr-me_0274.jpg,meningioma
data\raw\Epic and CSCR hospital Dataset\Train\meningioma\M_824_VF_.jpg,meningioma
data\raw\Epic and CSCR hospital Dataset\Train\glioma\G_824_VF_.jpg,glioma
data\raw\Epic and CSCR hospital Dataset\Train\notumor\N_410.jpg,notumor
data\raw\Epic and CSCR hospital Dataset\Train\pituitary\P_740_VF_.jpg,pituitary
data\raw\Epic and CSCR hospital Dataset\Train\meningioma\Tr-me_0226.jpg,meningioma
data\raw\Epic and CSCR hospital Dataset\Train\glioma\Tr-gl_0186.jpg,glioma
data\raw\Epic and CSCR hospital Dataset\Train\pituitary\Tr-pi_0150.jpg,pituitary
data\raw\Epic and CSCR hospital Dataset\Train\notumor\N_385_DA_.jpg,notumor
data\raw\Epic and CSCR hospital Dataset\Train\meningioma\m2 (173).jpg,meningioma
data\raw\Epic and CSCR hospital Dataset\Train\pituitary\Tr-pi_0680.jpg,pituitary
data\raw\Epic and CSCR hospital Dataset\Train\glioma\G_759_HF_.jpg,glioma
data\raw\Epic and CSCR hospital Dataset\Train\pituitary\P_722_SP_.jpg,pituitary
data\raw\Epic and CSCR hospital Dataset\Train\notumor\N_397_BR_.jpg,notumor
data\raw\Epic and CSCR hospital Dataset\Train\pituitary\Tr-pi_0602.jpg,pituitary
data\raw\Epic and CSCR hospital Dataset\Train\pituitary\Tr-pi_0673.jpg,pituitary
data\raw\Epic and CSCR hospital Dataset\Train\pituitary\Tr-pi_1031.jpg,pituitary
data\raw\Epic and CSCR hospital Dataset\Train\glioma\gg (395).jpg,glioma
data\raw\Epic and CSCR hospital Dataset\Train\meningioma\Tr-me_0316.jpg,meningioma
data\raw\Epic and CSCR hospital Dataset\Train\glioma\G_749_DA_.jpg,glioma
data\raw\Epic and CSCR hospital Dataset\Train\notumor\N_384_SP_.jpg,notumor
data\raw\Epic and CSCR hospital Dataset\Train\notumor\Te-no_0178.jpg,notumor
data\raw\Epic and CSCR hospital Dataset\Train\pituitary\P_744_HF_.jpg,pituitary
data\raw\Epic and CSCR hospital Dataset\Train\notumor\N_412.jpg,notumor
data\raw\Epic and CSCR hospital Dataset\Train\pituitary\P_763_VF_.jpg,pituitary
data\raw\Epic and CSCR hospital Dataset\Train\notumor\Tr-no_0612.jpg,notumor
data\raw\Epic and CSCR hospital Dataset\Train\notumor\1633.jpg,notumor
data\raw\Epic and CSCR hospital Dataset\Train\pituitary\P_727_VF_.jpg,pituitary
data\raw\Epic and CSCR hospital Dataset\Train\meningioma\M_834_DA_.jpg,meningioma
data\raw\Epic and CSCR hospital Dataset\Train\pituitary\P_802_DA_.jpg,pituitary
data\raw\Epic and CSCR hospital Dataset\Train\glioma\gg (40).jpg,glioma
data\raw\Epic and CSCR hospital Dataset\Train\notumor\N_388.jpg,notumor
data\raw\Epic and CSCR hospital Dataset\Train\glioma\Tr-gl_0881.jpg,glioma
data\raw\Epic and CSCR hospital Dataset\Train\meningioma\M_831_SP_.jpg,meningioma
data\raw\Epic and CSCR hospital Dataset\Train\glioma\G_748_RO_.jpg,glioma
data\raw\Epic and CSCR hospital Dataset\Train\notumor\Tr-no_0401.jpg,notumor
data\raw\Epic and CSCR hospital Dataset\Train\glioma\gg (530).jpg,glioma
data\raw\Epic and CSCR hospital Dataset\Train\glioma\G_830_DA_.jpg,glioma
data\raw\Epic and CSCR hospital Dataset\Train\meningioma\m2 (138).jpg,meningioma
data\raw\Epic and CSCR hospital Dataset\Train\notumor\4 no.jpg,notumor
data\raw\Epic and CSCR hospital Dataset\Train\notumor\Te-no_0149.jpg,notumor
data\raw\Epic and CSCR hospital Dataset\Train\glioma\Tr-gl_0319.jpg,glioma
data\raw\Epic and CSCR hospital Dataset\Train\meningioma\M_844_VF_.jpg,meningioma
data\raw\Epic and CSCR hospital Dataset\Train\glioma\Tr-gl_1113.jpg,glioma
data\raw\Epic and CSCR hospital Dataset\Train\glioma\Tr-gl_1213.jpg,glioma
data\raw\Epic and CSCR hospital Dataset\Train\notumor\Te-no_0161.jpg,notumor
data\raw\Epic and CSCR hospital Dataset\Train\meningioma\M_871.jpg,meningioma
data\raw\Epic and CSCR hospital Dataset\Train\glioma\G_763_VF_.jpg,glioma
data\raw\Epic and CSCR hospital Dataset\Train\glioma\Te-gl_0127.jpg,glioma
data\raw\Epic and CSCR hospital Dataset\Train\glioma\G_766_RO_.jpg,glioma
data\raw\Epic and CSCR hospital Dataset\Train\notumor\Tr-no_0024.jpg,notumor
data\raw\Epic and CSCR hospital Dataset\Train\pituitary\Tr-pi_1127.jpg,pituitary
data\raw\Epic and CSCR hospital Dataset\Train\glioma\gg (638).jpg,glioma
data\raw\Epic and CSCR hospital Dataset\Train\glioma\Tr-gl_1127.jpg,glioma
data\raw\Epic and CSCR hospital Dataset\Train\glioma\Tr-gl_0493.jpg,glioma
data\raw\Epic and CSCR hospital Dataset\Train\notumor\N_39.jpg,notumor
data\raw\Epic and CSCR hospital Dataset\Train\meningioma\m3 (115).jpg,meningioma
data\raw\Epic and CSCR hospital Dataset\Train\notumor\Tr-no_0404.jpg,notumor
data\raw\Epic and CSCR hospital Dataset\Train\meningioma\m2 (86).jpg,meningioma
data\raw\Epic and CSCR hospital Dataset\Train\notumor\Tr-no_0316.jpg,notumor
data\raw\Epic and CSCR hospital Dataset\Train\notumor\Te-no_0125.jpg,notumor
data\raw\Epic and CSCR hospital Dataset\Train\glioma\Tr-gl_0374.jpg,glioma
data\raw\Epic and CSCR hospital Dataset\Train\glioma\G_833_RO_.jpg,glioma
data\raw\Epic and CSCR hospital Dataset\Train\glioma\Tr-gl_1110.jpg,glioma
data\raw\Epic and CSCR hospital Dataset\Train\notumor\1792.jpg,notumor
data\raw\Epic and CSCR hospital Dataset\Train\notumor\Tr-no_0571.jpg,notumor
data\raw\Epic and CSCR hospital Dataset\Train\glioma\G_803_BR_.jpg,glioma
data\raw\Epic and CSCR hospital Dataset\Train\pituitary\1184.jpg,pituitary
data\raw\Epic and CSCR hospital Dataset\Train\pituitary\Tr-pi_1051.jpg,pituitary
data\raw\Epic and CSCR hospital Dataset\Train\pituitary\Te-pi_0131.jpg,pituitary
data\raw\Epic and CSCR hospital Dataset\Train\meningioma\m3 (140).jpg,meningioma
data\raw\Epic and CSCR hospital Dataset\Train\notumor\Tr-no_0241.jpg,notumor
data\raw\Epic and CSCR hospital Dataset\Train\glioma\Tr-gl_0228.jpg,glioma
data\raw\Epic and CSCR hospital Dataset\Train\glioma\G_826_HF_.jpg,glioma
data\raw\Epic and CSCR hospital Dataset\Train\glioma\image(23).jpg,glioma
data\raw\Epic and CSCR hospital Dataset\Train\glioma\Tr-gl_0469.jpg,glioma
data\raw\Epic and CSCR hospital Dataset\Train\pituitary\p (551).jpg,pituitary
data\raw\Epic and CSCR hospital Dataset\Train\notumor\N_37.jpg,notumor
data\raw\Epic and CSCR hospital Dataset\Train\meningioma\m2 (34).jpg,meningioma
data\raw\Epic and CSCR hospital Dataset\Train\pituitary\Te-pi_0135.jpg,pituitary
data\raw\Epic and CSCR hospital Dataset\Train\meningioma\M_887.jpg,meningioma
data\raw\Epic and CSCR hospital Dataset\Train\notumor\N_380_HF_.jpg,notumor
data\raw\Epic and CSCR hospital Dataset\Train\notumor\Tr-no_0100.jpg,notumor
data\raw\Epic and CSCR hospital Dataset\Train\notumor\Tr-no_0526.jpg,notumor
data\raw\Epic and CSCR hospital Dataset\Train\notumor\Tr-no_0560.jpg,notumor
data\raw\Epic and CSCR hospital Dataset\Train\glioma\G_876_DA_.jpg,glioma
data\raw\Epic and CSCR hospital Dataset\Train\pituitary\p (514).jpg,pituitary
data\raw\Epic and CSCR hospital Dataset\Train\meningioma\Tr-me_1127.jpg,meningioma
data\raw\Epic and CSCR hospital Dataset\Train\meningioma\Te-me_0283.jpg,meningioma
data\raw\Epic and CSCR hospital Dataset\Train\pituitary\P_719_SP_.jpg,pituitary
data\raw\Epic and CSCR hospital Dataset\Train\glioma\G_88.jpg,glioma
data\raw\Epic and CSCR hospital Dataset\Train\notumor\N_419_RO_.jpg,notumor
data\raw\Epic and CSCR hospital Dataset\Train\notumor\N_422_VF_.jpg,notumor
data\raw\Epic and CSCR hospital Dataset\Train\glioma\G_821_RO_.jpg,glioma
data\raw\Epic and CSCR hospital Dataset\Train\pituitary\p (542).jpg,pituitary
data\raw\Epic and CSCR hospital Dataset\Train\meningioma\Te-me_0255.jpg,meningioma
data\raw\Epic and CSCR hospital Dataset\Train\meningioma\Te-me_0232.jpg,meningioma
data\raw\Epic and CSCR hospital Dataset\Train\pituitary\P_726_DA_.jpg,pituitary
data\raw\Epic and CSCR hospital Dataset\Train\glioma\G_864_DA_.jpg,glioma
data\raw\Epic and CSCR hospital Dataset\Train\notumor\1843.jpg,notumor
data\raw\Epic and CSCR hospital Dataset\Train\pituitary\P_722_DA_.jpg,pituitary
data\raw\Epic and CSCR hospital Dataset\Train\pituitary\P_747.jpg,pituitary
data\raw\Epic and CSCR hospital Dataset\Train\pituitary\Tr-pi_0946.jpg,pituitary
data\raw\Epic and CSCR hospital Dataset\Train\meningioma\M_862_RO_.jpg,meningioma
data\raw\Epic and CSCR hospital Dataset\Train\glioma\G_799_BR_.jpg,glioma
data\raw\Epic and CSCR hospital Dataset\Train\notumor\N_403.jpg,notumor
data\raw\Epic and CSCR hospital Dataset\Train\notumor\N_407.jpg,notumor
data\raw\Epic and CSCR hospital Dataset\Train\pituitary\p (607).jpg,pituitary
data\raw\Epic and CSCR hospital Dataset\Train\notumor\Te-no_0132.jpg,notumor
data\raw\Epic and CSCR hospital Dataset\Train\glioma\G_798_DA_.jpg,glioma
data\raw\Epic and CSCR hospital Dataset\Train\notumor\1884.jpg,notumor
data\raw\Epic and CSCR hospital Dataset\Train\glioma\G_770.jpg,glioma
data\raw\Epic and CSCR hospital Dataset\Train\pituitary\P_759_BR_.jpg,pituitary
data\raw\Epic and CSCR hospital Dataset\Train\notumor\1864.jpg,notumor
data\raw\Epic and CSCR hospital Dataset\Train\pituitary\P_741_DA_.jpg,pituitary
data\raw\Epic and CSCR hospital Dataset\Train\meningioma\Tr-me_0121.jpg,meningioma
data\raw\Epic and CSCR hospital Dataset\Train\pituitary\Tr-pi_0145.jpg,pituitary
data\raw\Epic and CSCR hospital Dataset\Train\meningioma\Tr-me_1018.jpg,meningioma
data\raw\Epic and CSCR hospital Dataset\Train\glioma\G_838_HF_.jpg,glioma
data\raw\Epic and CSCR hospital Dataset\Train\meningioma\Te-me_0129.jpg,meningioma
data\raw\Epic and CSCR hospital Dataset\Train\meningioma\Tr-me_1204.jpg,meningioma
data\raw\Epic and CSCR hospital Dataset\Train\meningioma\M_831_HF_.jpg,meningioma
data\raw\Epic and CSCR hospital Dataset\Train\glioma\G_786_HF_.jpg,glioma
data\raw\Epic and CSCR hospital Dataset\Train\glioma\G_783_HF_.jpg,glioma
data\raw\Epic and CSCR hospital Dataset\Train\notumor\12 no.jpg,notumor
data\raw\Epic and CSCR hospital Dataset\Train\pituitary\Tr-pi_0243.jpg,pituitary
data\raw\Epic and CSCR hospital Dataset\Train\glioma\Tr-gl_0330.jpg,glioma
data\raw\Epic and CSCR hospital Dataset\Train\glioma\Tr-gl_0600.jpg,glioma
data\raw\Epic and CSCR hospital Dataset\Train\pituitary\P_755_RO_.jpg,pituitary
data\raw\Epic and CSCR hospital Dataset\Train\pituitary\P_796_SP_.jpg,pituitary
data\raw\Epic and CSCR hospital Dataset\Train\meningioma\Tr-me_1115.jpg,meningioma
data\raw\Epic and CSCR hospital Dataset\Train\pituitary\P_782_HF_.jpg,pituitary
data\raw\Epic and CSCR hospital Dataset\Train\pituitary\Tr-pi_0230.jpg,pituitary
data\raw\Epic and CSCR hospital Dataset\Train\meningioma\Tr-me_0810.jpg,meningioma
data\raw\Epic and CSCR hospital Dataset\Train\meningioma\M_845_SP_.jpg,meningioma
data\raw\Epic and CSCR hospital Dataset\Train\meningioma\Tr-me_0163.jpg,meningioma
data\raw\Epic and CSCR hospital Dataset\Train\meningioma\M_863.jpg,meningioma
data\raw\Epic and CSCR hospital Dataset\Train\glioma\Te-gl_0154.jpg,glioma
data\raw\Epic and CSCR hospital Dataset\Train\glioma\Te-gl_0230.jpg,glioma
data\raw\Epic and CSCR hospital Dataset\Train\meningioma\m1(78).jpg,meningioma
data\raw\Epic and CSCR hospital Dataset\Train\notumor\1689.jpg,notumor
data\raw\Epic and CSCR hospital Dataset\Train\glioma\G_737_RO_.jpg,glioma
data\raw\Epic and CSCR hospital Dataset\Train\glioma\G_819_DA_.jpg,glioma
data\raw\Epic and CSCR hospital Dataset\Train\notumor\Tr-no_0383.jpg,notumor
data\raw\Epic and CSCR hospital Dataset\Train\notumor\N_372_BR_.jpg,notumor
data\raw\Epic and CSCR hospital Dataset\Train\meningioma\M_881_DA_.jpg,meningioma
data\raw\Epic and CSCR hospital Dataset\Train\meningioma\m3 (154).jpg,meningioma
data\raw\Epic and CSCR hospital Dataset\Train\pituitary\Te-pi_0200.jpg,pituitary
data\raw\Epic and CSCR hospital Dataset\Train\meningioma\m2 (47).jpg,meningioma
data\raw\Epic and CSCR hospital Dataset\Train\glioma\G_750_VF_.jpg,glioma
data\raw\Epic and CSCR hospital Dataset\Train\glioma\G_884_RO_.jpg,glioma
data\raw\Epic and CSCR hospital Dataset\Train\glioma\Tr-gl_0607.jpg,glioma
data\raw\Epic and CSCR hospital Dataset\Train\notumor\Tr-no_0610.jpg,notumor
data\raw\Epic and CSCR hospital Dataset\Train\glioma\G_710_SP_.jpg,glioma
data\raw\Epic and CSCR hospital Dataset\Train\pituitary\Te-pi_0205.jpg,pituitary
data\raw\Epic and CSCR hospital Dataset\Train\meningioma\m2 (24).jpg,meningioma
data\raw\Epic and CSCR hospital Dataset\Train\glioma\gg (47).jpg,glioma
data\raw\Epic and CSCR hospital Dataset\Train\glioma\G_738_SP_.jpg,glioma
data\raw\Epic and CSCR hospital Dataset\Train\pituitary\Tr-pi_0531.jpg,pituitary
data\raw\Epic and CSCR hospital Dataset\Train\meningioma\M_835_HF_.jpg,meningioma
data\raw\Epic and CSCR hospital Dataset\Train\glioma\G_819_SP_.jpg,glioma
data\raw\Epic and CSCR hospital Dataset\Train\glioma\G_867_SP_.jpg,glioma
data\raw\Epic and CSCR hospital Dataset\Train\glioma\Tr-gl_0611.jpg,glioma
data\raw\Epic and CSCR hospital Dataset\Train\meningioma\M_865_DA_.jpg,meningioma
data\raw\Epic and CSCR hospital Dataset\Train\pituitary\Tr-pi_0252.jpg,pituitary
data\raw\Epic and CSCR hospital Dataset\Train\notumor\Tr-no_0208.jpg,notumor
data\raw\Epic and CSCR hospital Dataset\Train\glioma\G_730_DA_.jpg,glioma
data\raw\Epic and CSCR hospital Dataset\Train\glioma\Tr-gl_0923.jpg,glioma
data\raw\Epic and CSCR hospital Dataset\Train\pituitary\p (494).jpg,pituitary
data\raw\Epic and CSCR hospital Dataset\Train\notumor\N_374.jpg,notumor
data\raw\Epic and CSCR hospital Dataset\Train\notumor\N_399_VF_.jpg,notumor
data\raw\Epic and CSCR hospital Dataset\Train\pituitary\P_792_DA_.jpg,pituitary
data\raw\Epic and CSCR hospital Dataset\Train\pituitary\Tr-pi_1274.jpg,pituitary
data\raw\Epic and CSCR hospital Dataset\Train\glioma\G_860.jpg,glioma
data\raw\Epic and CSCR hospital Dataset\Train\pituitary\Tr-pi_1067.jpg,pituitary
data\raw\Epic and CSCR hospital Dataset\Train\glioma\Tr-gl_0559.jpg,glioma
data\raw\Epic and CSCR hospital Dataset\Train\meningioma\M_865_RO_.jpg,meningioma
data\raw\Epic and CSCR hospital Dataset\Train\glioma\Te-gl_0161.jpg,glioma
data\raw\Epic and CSCR hospital Dataset\Train\glioma\Tr-gl_1001.jpg,glioma
data\raw\Epic and CSCR hospital Dataset\Train\notumor\1751.jpg,notumor
data\raw\Epic and CSCR hospital Dataset\Train\glioma\Tr-gl_0622.jpg,glioma
data\raw\Epic and CSCR hospital Dataset\Train\glioma\Tr-gl_1071.jpg,glioma
data\raw\Epic and CSCR hospital Dataset\Train\notumor\N_424_HF_.jpg,notumor
data\raw\Epic and CSCR hospital Dataset\Train\glioma\gg (341).jpg,glioma
data\raw\Epic and CSCR hospital Dataset\Train\notumor\1778.jpg,notumor
data\raw\Epic and CSCR hospital Dataset\Train\glioma\G_761_SP_.jpg,glioma
data\raw\Epic and CSCR hospital Dataset\Train\notumor\Tr-no_0543.jpg,notumor
data\raw\Epic and CSCR hospital Dataset\Train\notumor\Tr-no_0638.jpg,notumor
data\raw\Epic and CSCR hospital Dataset\Train\glioma\Tr-gl_0813.jpg,glioma
data\raw\Epic and CSCR hospital Dataset\Train\glioma\G_819_RO_.jpg,glioma
data\raw\Epic and CSCR hospital Dataset\Train\meningioma\m2 (36).jpg,meningioma
data\raw\Epic and CSCR hospital Dataset\Train\meningioma\Tr-me_0104.jpg,meningioma
data\raw\Epic and CSCR hospital Dataset\Train\glioma\Tr-gl_0454.jpg,glioma
data\raw\Epic and CSCR hospital Dataset\Train\pituitary\P_786.jpg,pituitary
data\raw\Epic and CSCR hospital Dataset\Train\glioma\image(74).jpg,glioma
data\raw\Epic and CSCR hospital Dataset\Train\pituitary\P_740.jpg,pituitary
data\raw\Epic and CSCR hospital Dataset\Train\notumor\1666.jpg,notumor
data\raw\Epic and CSCR hospital Dataset\Train\notumor\N_401_RO_.jpg,notumor
data\raw\Epic and CSCR hospital Dataset\Train\pituitary\Tr-pi_1402.jpg,pituitary
data\raw\Epic and CSCR hospital Dataset\Train\glioma\G_745_BR_.jpg,glioma
data\raw\Epic and CSCR hospital Dataset\Train\glioma\Tr-gl_0373.jpg,glioma
data\raw\Epic and CSCR hospital Dataset\Train\notumor\1665.jpg,notumor
data\raw\Epic and CSCR hospital Dataset\Train\glioma\gg (570).jpg,glioma
data\raw\Epic and CSCR hospital Dataset\Train\meningioma\Te-me_0197.jpg,meningioma
data\raw\Epic and CSCR hospital Dataset\Train\meningioma\m2 (177).jpg,meningioma
data\raw\Epic and CSCR hospital Dataset\Train\glioma\gg (391).jpg,glioma
data\raw\Epic and CSCR hospital Dataset\Train\meningioma\M_835.jpg,meningioma
data\raw\Epic and CSCR hospital Dataset\Train\glioma\G_820_RO_.jpg,glioma
data\raw\Epic and CSCR hospital Dataset\Train\notumor\Tr-no_0392.jpg,notumor
data\raw\Epic and CSCR hospital Dataset\Train\pituitary\p (547).jpg,pituitary
data\raw\Epic and CSCR hospital Dataset\Train\glioma\G_856_BR_.jpg,glioma
data\raw\Epic and CSCR hospital Dataset\Train\notumor\Tr-no_0642.jpg,notumor
data\raw\Epic and CSCR hospital Dataset\Train\pituitary\P_836_HF_.jpg,pituitary
data\raw\Epic and CSCR hospital Dataset\Train\meningioma\Tr-me_1041.jpg,meningioma
data\raw\Epic and CSCR hospital Dataset\Train\meningioma\M_824_RO_.jpg,meningioma
data\raw\Epic and CSCR hospital Dataset\Train\glioma\Tr-gl_0632.jpg,glioma
data\raw\Epic and CSCR hospital Dataset\Train\glioma\G_819_BR_.jpg,glioma
data\raw\Epic and CSCR hospital Dataset\Train\pituitary\P_761.jpg,pituitary
data\raw\Epic and CSCR hospital Dataset\Train\glioma\gg (459).jpg,glioma
data\raw\Epic and CSCR hospital Dataset\Train\glioma\gg (500).jpg,glioma
data\raw\Epic and CSCR hospital Dataset\Train\pituitary\P_783.jpg,pituitary
data\raw\Epic and CSCR hospital Dataset\Train\meningioma\Tr-me_0919.jpg,meningioma
data\raw\Epic and CSCR hospital Dataset\Train\glioma\G_744_BR_.jpg,glioma
data\raw\Epic and CSCR hospital Dataset\Train\meningioma\Tr-me_1019.jpg,meningioma
data\raw\Epic and CSCR hospital Dataset\Train\glioma\G_838_SP_.jpg,glioma
data\raw\Epic and CSCR hospital Dataset\Train\glioma\G_722_VF_.jpg,glioma
data\raw\Epic and CSCR hospital Dataset\Train\notumor\image(158) - Copy.jpg,notumor
data\raw\Epic and CSCR hospital Dataset\Train\glioma\G_778.jpg,glioma
data\raw\Epic and CSCR hospital Dataset\Train\pituitary\Tr-pi_0199.jpg,pituitary
data\raw\Epic and CSCR hospital Dataset\Train\glioma\Tr-gl_0386.jpg,glioma
data\raw\Epic and CSCR hospital Dataset\Train\meningioma\M_834_HF_.jpg,meningioma
data\raw\Epic and CSCR hospital Dataset\Train\meningioma\M_827_HF_.jpg,meningioma
data\raw\Epic and CSCR hospital Dataset\Train\glioma\Tr-gl_0862.jpg,glioma
data\raw\Epic and CSCR hospital Dataset\Train\meningioma\m3 (158).jpg,meningioma
data\raw\Epic and CSCR hospital Dataset\Train\pituitary\P_779_DA_.jpg,pituitary
data\raw\Epic and CSCR hospital Dataset\Train\pituitary\P_72_SP_.jpg,pituitary
data\raw\Epic and CSCR hospital Dataset\Train\glioma\Tr-gl_0175.jpg,glioma
data\raw\Epic and CSCR hospital Dataset\Train\glioma\gg (403).jpg,glioma
data\raw\Epic and CSCR hospital Dataset\Train\glioma\G_886_RO_.jpg,glioma
data\raw\Epic and CSCR hospital Dataset\Train\meningioma\Tr-me_1230.jpg,meningioma
data\raw\Epic and CSCR hospital Dataset\Train\pituitary\p (500).jpg,pituitary
data\raw\Epic and CSCR hospital Dataset\Train\glioma\G_833_VF_.jpg,glioma
data\raw\Epic and CSCR hospital Dataset\Train\pituitary\Tr-pi_1088.jpg,pituitary
data\raw\Epic and CSCR hospital Dataset\Train\glioma\G_881_DA_.jpg,glioma
data\raw\Epic and CSCR hospital Dataset\Train\glioma\G_770_SP_.jpg,glioma
data\raw\Epic and CSCR hospital Dataset\Train\notumor\Tr-no_0255.jpg,notumor
data\raw\Epic and CSCR hospital Dataset\Train\glioma\Te-gl_0189.jpg,glioma
data\raw\Epic and CSCR hospital Dataset\Train\meningioma\M_881.jpg,meningioma
data\raw\Epic and CSCR hospital Dataset\Train\meningioma\m2 (73).jpg,meningioma
data\raw\Epic and CSCR hospital Dataset\Train\pituitary\P_82.jpg,pituitary
data\raw\Epic and CSCR hospital Dataset\Train\notumor\N_375_SP_.jpg,notumor
data\raw\Epic and CSCR hospital Dataset\Train\pituitary\p (541).jpg,pituitary
data\raw\Epic and CSCR hospital Dataset\Train\meningioma\Tr-me_1220.jpg,meningioma
data\raw\Epic and CSCR hospital Dataset\Train\pituitary\P_79_HF_.jpg,pituitary
data\raw\Epic and CSCR hospital Dataset\Train\pituitary\Tr-pi_0058.jpg,pituitary
data\raw\Epic and CSCR hospital Dataset\Train\pituitary\Te-pi_0128.jpg,pituitary
data\raw\Epic and CSCR hospital Dataset\Train\glioma\Tr-gl_1125.jpg,glioma
data\raw\Epic and CSCR hospital Dataset\Train\glioma\Tr-gl_1059.jpg,glioma
data\raw\Epic and CSCR hospital Dataset\Train\meningioma\Te-me_0294.jpg,meningioma
data\raw\Epic and CSCR hospital Dataset\Train\notumor\Te-no_0085.jpg,notumor
data\raw\Epic and CSCR hospital Dataset\Train\pituitary\P_72_HF_.jpg,pituitary
data\raw\Epic and CSCR hospital Dataset\Train\pituitary\P_831_HF_.jpg,pituitary
data\raw\Epic and CSCR hospital Dataset\Train\pituitary\Tr-pi_0604.jpg,pituitary
data\raw\Epic and CSCR hospital Dataset\Train\pituitary\P_793_DA_.jpg,pituitary
data\raw\Epic and CSCR hospital Dataset\Train\notumor\Tr-no_0374.jpg,notumor
data\raw\Epic and CSCR hospital Dataset\Train\glioma\Tr-gl_0160.jpg,glioma
data\raw\Epic and CSCR hospital Dataset\Train\notumor\N_428_BR_.jpg,notumor
data\raw\Epic and CSCR hospital Dataset\Train\glioma\G_741_RO_.jpg,glioma
data\raw\Epic and CSCR hospital Dataset\Train\meningioma\Te-me_0302.jpg,meningioma
data\raw\Epic and CSCR hospital Dataset\Train\meningioma\1304.jpg,meningioma
data\raw\Epic and CSCR hospital Dataset\Train\meningioma\Tr-me_1028.jpg,meningioma
data\raw\Epic and CSCR hospital Dataset\Train\glioma\Tr-gl_0516.jpg,glioma
data\raw\Epic and CSCR hospital Dataset\Train\pituitary\Tr-pi_0572.jpg,pituitary
data\raw\Epic and CSCR hospital Dataset\Train\glioma\image(53).jpg,glioma
data\raw\Epic and CSCR hospital Dataset\Train\glioma\G_845_DA_.jpg,glioma
data\raw\Epic and CSCR hospital Dataset\Train\glioma\Te-gl_0107.jpg,glioma
data\raw\Epic and CSCR hospital Dataset\Train\meningioma\M_827_DA_.jpg,meningioma
data\raw\Epic and CSCR hospital Dataset\Train\pituitary\P_813_RO_.jpg,pituitary
data\raw\Epic and CSCR hospital Dataset\Train\meningioma\Tr-me_0255.jpg,meningioma
data\raw\Epic and CSCR hospital Dataset\Train\meningioma\Tr-me_0907.jpg,meningioma
data\raw\Epic and CSCR hospital Dataset\Train\notumor\Te-no_0080.jpg,notumor
data\raw\Epic and CSCR hospital Dataset\Train\notumor\1597.jpg,notumor
data\raw\Epic and CSCR hospital Dataset\Train\meningioma\Te-me_0247.jpg,meningioma
data\raw\Epic and CSCR hospital Dataset\Train\pituitary\Tr-pi_0763.jpg,pituitary
data\raw\Epic and CSCR hospital Dataset\Train\meningioma\M_870_VF_.jpg,meningioma
data\raw\Epic and CSCR hospital Dataset\Train\meningioma\m3 (181).jpg,meningioma
data\raw\Epic and CSCR hospital Dataset\Train\notumor\1923.jpg,notumor
data\raw\Epic and CSCR hospital Dataset\Train\pituitary\Tr-pi_1373.jpg,pituitary
data\raw\Epic and CSCR hospital Dataset\Train\pituitary\Te-pi_0147.jpg,pituitary
data\raw\Epic and CSCR hospital Dataset\Train\notumor\Te-no_0123.jpg,notumor
data\raw\Epic and CSCR hospital Dataset\Train\meningioma\Tr-me_0292.jpg,meningioma
data\raw\Epic and CSCR hospital Dataset\Train\notumor\N_392_HF_.jpg,notumor
data\raw\Epic and CSCR hospital Dataset\Train\pituitary\Tr-pi_1243.jpg,pituitary
data\raw\Epic and CSCR hospital Dataset\Train\glioma\Te-gl_0121.jpg,glioma
data\raw\Epic and CSCR hospital Dataset\Train\notumor\N_427_SP_.jpg,notumor
data\raw\Epic and CSCR hospital Dataset\Train\glioma\Tr-gl_0123.jpg,glioma
data\raw\Epic and CSCR hospital Dataset\Train\pituitary\p (592).jpg,pituitary
data\raw\Epic and CSCR hospital Dataset\Train\glioma\gg (63).jpg,glioma
data\raw\Epic and CSCR hospital Dataset\Train\meningioma\Tr-me_1149.jpg,meningioma
data\raw\Epic and CSCR hospital Dataset\Train\pituitary\Tr-pi_0990.jpg,pituitary
data\raw\Epic and CSCR hospital Dataset\Train\notumor\Te-no_0302.jpg,notumor
data\raw\Epic and CSCR hospital Dataset\Train\pituitary\Tr-pi_1262.jpg,pituitary
data\raw\Epic and CSCR hospital Dataset\Train\pituitary\P_712_VF_.jpg,pituitary
data\raw\Epic and CSCR hospital Dataset\Train\pituitary\P_801_SP_.jpg,pituitary
data\raw\Epic and CSCR hospital Dataset\Train\meningioma\M_886_VF_.jpg,meningioma
data\raw\Epic and CSCR hospital Dataset\Train\meningioma\Te-me_0194.jpg,meningioma
data\raw\Epic and CSCR hospital Dataset\Train\pituitary\P_762_VF_.jpg,pituitary
data\raw\Epic and CSCR hospital Dataset\Train\pituitary\P_775_VF_.jpg,pituitary
data\raw\Epic and CSCR hospital Dataset\Train\glioma\G_787_RO_.jpg,glioma
data\raw\Epic and CSCR hospital Dataset\Train\notumor\N_420_SP_.jpg,notumor
data\raw\Epic and CSCR hospital Dataset\Train\pituitary\P_756_DA_.jpg,pituitary
data\raw\Epic and CSCR hospital Dataset\Train\notumor\image(117).jpg,notumor
data\raw\Epic and CSCR hospital Dataset\Train\notumor\N_427_VF_.jpg,notumor
data\raw\Epic and CSCR hospital Dataset\Train\pituitary\Tr-pi_1238.jpg,pituitary
data\raw\Epic and CSCR hospital Dataset\Train\meningioma\Tr-me_0267.jpg,meningioma
data\raw\Epic and CSCR hospital Dataset\Train\meningioma\m1(9).jpg,meningioma
data\raw\Epic and CSCR hospital Dataset\Train\meningioma\Tr-me_1082.jpg,meningioma
data\raw\Epic and CSCR hospital Dataset\Train\pituitary\P_777_SP_.jpg,pituitary
data\raw\Epic and CSCR hospital Dataset\Train\notumor\Te-no_0181.jpg,notumor
data\raw\Epic and CSCR hospital Dataset\Train\glioma\G_806_BR_.jpg,glioma
data\raw\Epic and CSCR hospital Dataset\Train\pituitary\Te-pi_0067.jpg,pituitary
data\raw\Epic and CSCR hospital Dataset\Train\meningioma\1417.jpg,meningioma
data\raw\Epic and CSCR hospital Dataset\Train\glioma\Tr-gl_0617.jpg,glioma
data\raw\Epic and CSCR hospital Dataset\Train\meningioma\M_821_VF_.jpg,meningioma
data\raw\Epic and CSCR hospital Dataset\Train\notumor\Tr-no_0558.jpg,notumor
data\raw\Epic and CSCR hospital Dataset\Train\glioma\Tr-gl_0961.jpg,glioma
data\raw\Epic and CSCR hospital Dataset\Train\glioma\Tr-gl_0824.jpg,glioma
data\raw\Epic and CSCR hospital Dataset\Train\glioma\Tr-gl_0397.jpg,glioma
data\raw\Epic and CSCR hospital Dataset\Train\notumor\1787.jpg,notumor
data\raw\Epic and CSCR hospital Dataset\Train\meningioma\m3 (119).jpg,meningioma
data\raw\Epic and CSCR hospital Dataset\Train\glioma\G_790_VF_.jpg,glioma
data\raw\Epic and CSCR hospital Dataset\Train\meningioma\Tr-me_0842.jpg,meningioma
data\raw\Epic and CSCR hospital Dataset\Train\meningioma\Tr-me_0142.jpg,meningioma
data\raw\Epic and CSCR hospital Dataset\Train\meningioma\m3 (111).jpg,meningioma
data\raw\Epic and CSCR hospital Dataset\Train\pituitary\P_840_HF_.jpg,pituitary
data\raw\Epic and CSCR hospital Dataset\Train\pituitary\Tr-pi_0248.jpg,pituitary
data\raw\Epic and CSCR hospital Dataset\Train\glioma\G_779_BR_.jpg,glioma
data\raw\Epic and CSCR hospital Dataset\Train\glioma\G_727.jpg,glioma
data\raw\Epic and CSCR hospital Dataset\Train\glioma\Tr-gl_0552.jpg,glioma
data\raw\Epic and CSCR hospital Dataset\Train\glioma\Te-gl_0167.jpg,glioma
data\raw\Epic and CSCR hospital Dataset\Train\meningioma\m3 (174).jpg,meningioma
data\raw\Epic and CSCR hospital Dataset\Train\meningioma\Te-me_0087.jpg,meningioma
data\raw\Epic and CSCR hospital Dataset\Train\glioma\G_888_BR_.jpg,glioma
data\raw\Epic and CSCR hospital Dataset\Train\meningioma\Te-me_0265.jpg,meningioma
data\raw\Epic and CSCR hospital Dataset\Train\glioma\G_707_SP_.jpg,glioma
data\raw\Epic and CSCR hospital Dataset\Train\glioma\G_787_DA_.jpg,glioma
data\raw\Epic and CSCR hospital Dataset\Train\pituitary\Tr-pi_0273.jpg,pituitary
data\raw\Epic and CSCR hospital Dataset\Train\notumor\N_38_RO_.jpg,notumor
data\raw\Epic and CSCR hospital Dataset\Train\notumor\Tr-no_0243.jpg,notumor
data\raw\Epic and CSCR hospital Dataset\Train\pituitary\Tr-pi_1305.jpg,pituitary
data\raw\Epic and CSCR hospital Dataset\Train\glioma\G_889_VF_.jpg,glioma
data\raw\Epic and CSCR hospital Dataset\Train\notumor\1589.jpg,notumor
data\raw\Epic and CSCR hospital Dataset\Train\glioma\G_793.jpg,glioma
data\raw\Epic and CSCR hospital Dataset\Train\notumor\Tr-no_0441.jpg,notumor
data\raw\Epic and CSCR hospital Dataset\Train\meningioma\m2 (19).jpg,meningioma
data\raw\Epic and CSCR hospital Dataset\Train\glioma\G_863_VF_.jpg,glioma
data\raw\Epic and CSCR hospital Dataset\Train\pituitary\Tr-pi_1188.jpg,pituitary
data\raw\Epic and CSCR hospital Dataset\Train\glioma\G_731_BR_.jpg,glioma
data\raw\Epic and CSCR hospital Dataset\Train\pituitary\Tr-pi_1047.jpg,pituitary
data\raw\Epic and CSCR hospital Dataset\Train\glioma\Te-gl_0160.jpg,glioma
data\raw\Epic and CSCR hospital Dataset\Train\pituitary\P_732.jpg,pituitary
data\raw\Epic and CSCR hospital Dataset\Train\glioma\Tr-gl_0548.jpg,glioma
data\raw\Epic and CSCR hospital Dataset\Train\glioma\gg (532).jpg,glioma
data\raw\Epic and CSCR hospital Dataset\Train\glioma\Tr-gl_0344.jpg,glioma
data\raw\Epic and CSCR hospital Dataset\Train\glioma\gg (340).jpg,glioma
data\raw\Epic and CSCR hospital Dataset\Train\glioma\Tr-gl_0155.jpg,glioma
data\raw\Epic and CSCR hospital Dataset\Train\glioma\G_840.jpg,glioma
data\raw\Epic and CSCR hospital Dataset\Train\pituitary\P_734_DA_.jpg,pituitary
data\raw\Epic and CSCR hospital Dataset\Train\pituitary\Tr-pi_0272.jpg,pituitary
data\raw\Epic and CSCR hospital Dataset\Train\pituitary\Te-pi_0197.jpg,pituitary
data\raw\Epic and CSCR hospital Dataset\Train\pituitary\P_779_SP_.jpg,pituitary
data\raw\Epic and CSCR hospital Dataset\Train\pituitary\P_77_SP_.jpg,pituitary
data\raw\Epic and CSCR hospital Dataset\Train\meningioma\m2 (12).jpg,meningioma
data\raw\Epic and CSCR hospital Dataset\Train\notumor\N_431_DA_.jpg,notumor
data\raw\Epic and CSCR hospital Dataset\Train\notumor\1594.jpg,notumor
data\raw\Epic and CSCR hospital Dataset\Train\pituitary\Tr-pi_0989.jpg,pituitary
data\raw\Epic and CSCR hospital Dataset\Train\meningioma\M_850_RO_.jpg,meningioma
data\raw\Epic and CSCR hospital Dataset\Train\pituitary\P_838_SP_.jpg,pituitary
data\raw\Epic and CSCR hospital Dataset\Train\notumor\N_387_DA_.jpg,notumor
data\raw\Epic and CSCR hospital Dataset\Train\pituitary\P_748_VF_.jpg,pituitary
data\raw\Epic and CSCR hospital Dataset\Train\pituitary\P_83_DA_.jpg,pituitary
data\raw\Epic and CSCR hospital Dataset\Train\meningioma\Tr-me_0849.jpg,meningioma
data\raw\Epic and CSCR hospital Dataset\Train\pituitary\P_769_BR_.jpg,pituitary
data\raw\Epic and CSCR hospital Dataset\Train\meningioma\Tr-me_0948.jpg,meningioma
data\raw\Epic and CSCR hospital Dataset\Train\meningioma\M_866_HF_.jpg,meningioma
data\raw\Epic and CSCR hospital Dataset\Train\notumor\Tr-no_0491.jpg,notumor
data\raw\Epic and CSCR hospital Dataset\Train\glioma\gg (451).jpg,glioma
data\raw\Epic and CSCR hospital Dataset\Train\glioma\Tr-gl_0850.jpg,glioma
data\raw\Epic and CSCR hospital Dataset\Train\glioma\Tr-gl_0192.jpg,glioma
data\raw\Epic and CSCR hospital Dataset\Train\meningioma\M_861_HF_.jpg,meningioma
data\raw\Epic and CSCR hospital Dataset\Train\pituitary\P_837_BR_.jpg,pituitary
data\raw\Epic and CSCR hospital Dataset\Train\glioma\gg (438).jpg,glioma
data\raw\Epic and CSCR hospital Dataset\Train\notumor\N16.jpg,notumor
data\raw\Epic and CSCR hospital Dataset\Train\pituitary\Tr-pi_1355.jpg,pituitary
data\raw\Epic and CSCR hospital Dataset\Train\glioma\G_891_SP_.jpg,glioma
data\raw\Epic and CSCR hospital Dataset\Train\pituitary\Tr-pi_0795.jpg,pituitary
data\raw\Epic and CSCR hospital Dataset\Train\glioma\G_877_RO_.jpg,glioma
data\raw\Epic and CSCR hospital Dataset\Train\notumor\N_392_RO_.jpg,notumor
data\raw\Epic and CSCR hospital Dataset\Train\pituitary\P_798_BR_.jpg,pituitary
data\raw\Epic and CSCR hospital Dataset\Train\glioma\gg (34).jpg,glioma
data\raw\Epic and CSCR hospital Dataset\Train\glioma\G_746_DA_.jpg,glioma
data\raw\Epic and CSCR hospital Dataset\Train\glioma\Tr-gl_0980.jpg,glioma
data\raw\Epic and CSCR hospital Dataset\Train\glioma\G_89.jpg,glioma
data\raw\Epic and CSCR hospital Dataset\Train\meningioma\M_870_BR_.jpg,meningioma
data\raw\Epic and CSCR hospital Dataset\Train\glioma\Tr-gl_0486.jpg,glioma
data\raw\Epic and CSCR hospital Dataset\Train\notumor\N_401_DA_.jpg,notumor
data\raw\Epic and CSCR hospital Dataset\Train\meningioma\Tr-me_0114.jpg,meningioma
data\raw\Epic and CSCR hospital Dataset\Train\pituitary\Tr-pi_1320.jpg,pituitary
data\raw\Epic and CSCR hospital Dataset\Train\pituitary\Tr-pi_1151.jpg,pituitary
data\raw\Epic and CSCR hospital Dataset\Train\meningioma\M_842_VF_.jpg,meningioma
data\raw\Epic and CSCR hospital Dataset\Train\pituitary\Tr-pi_0555.jpg,pituitary
data\raw\Epic and CSCR hospital Dataset\Train\notumor\N_373_SP_.jpg,notumor
data\raw\Epic and CSCR hospital Dataset\Train\pituitary\P_71_SP_.jpg,pituitary
data\raw\Epic and CSCR hospital Dataset\Train\glioma\gg (460).jpg,glioma
data\raw\Epic and CSCR hospital Dataset\Train\pituitary\P_78_DA_.jpg,pituitary
data\raw\Epic and CSCR hospital Dataset\Train\meningioma\Tr-me_0821.jpg,meningioma
data\raw\Epic and CSCR hospital Dataset\Train\glioma\Tr-gl_0411.jpg,glioma
data\raw\Epic and CSCR hospital Dataset\Train\glioma\Tr-gl_0906.jpg,glioma
data\raw\Epic and CSCR hospital Dataset\Train\pituitary\P_844_DA_.jpg,pituitary
data\raw\Epic and CSCR hospital Dataset\Train\glioma\Tr-gl_1061.jpg,glioma
data\raw\Epic and CSCR hospital Dataset\Train\glioma\Tr-gl_0996.jpg,glioma
data\raw\Epic and CSCR hospital Dataset\Train\meningioma\M_827_RO_.jpg,meningioma
data\raw\Epic and CSCR hospital Dataset\Train\notumor\N_433_RO_.jpg,notumor
data\raw\Epic and CSCR hospital Dataset\Train\pituitary\Tr-pi_1227.jpg,pituitary
data\raw\Epic and CSCR hospital Dataset\Train\glioma\G_882_BR_.jpg,glioma
data\raw\Epic and CSCR hospital Dataset\Train\glioma\G_764_DA_.jpg,glioma
data\raw\Epic and CSCR hospital Dataset\Train\notumor\N_369_RO_.jpg,notumor
data\raw\Epic and CSCR hospital Dataset\Train\pituitary\P_764.jpg,pituitary
data\raw\Epic and CSCR hospital Dataset\Train\glioma\G_835_VF_.jpg,glioma
data\raw\Epic and CSCR hospital Dataset\Train\notumor\N_403_BR_.jpg,notumor
data\raw\Epic and CSCR hospital Dataset\Train\glioma\G_725.jpg,glioma
data\raw\Epic and CSCR hospital Dataset\Train\meningioma\Tr-me_0075.jpg,meningioma
data\raw\Epic and CSCR hospital Dataset\Train\glioma\G_826_VF_.jpg,glioma
data\raw\Epic and CSCR hospital Dataset\Train\notumor\Te-no_0220.jpg,notumor
data\raw\Epic and CSCR hospital Dataset\Train\pituitary\P_767_DA_.jpg,pituitary
data\raw\Epic and CSCR hospital Dataset\Train\pituitary\P_844_BR_.jpg,pituitary
data\raw\Epic and CSCR hospital Dataset\Train\meningioma\Tr-me_0126.jpg,meningioma
data\raw\Epic and CSCR hospital Dataset\Train\glioma\Tr-gl_0897.jpg,glioma
data\raw\Epic and CSCR hospital Dataset\Train\meningioma\Tr-me_1102.jpg,meningioma
data\raw\Epic and CSCR hospital Dataset\Train\meningioma\m2 (66).jpg,meningioma
data\raw\Epic and CSCR hospital Dataset\Train\notumor\1642.jpg,notumor
data\raw\Epic and CSCR hospital Dataset\Train\glioma\Tr-gl_0895.jpg,glioma
data\raw\Epic and CSCR hospital Dataset\Train\pituitary\P_752.jpg,pituitary
data\raw\Epic and CSCR hospital Dataset\Train\pituitary\P_753_RO_.jpg,pituitary
data\raw\Epic and CSCR hospital Dataset\Train\pituitary\P_718_SP_.jpg,pituitary
data\raw\Epic and CSCR hospital Dataset\Train\notumor\1841.jpg,notumor
data\raw\Epic and CSCR hospital Dataset\Train\glioma\image(60).jpg,glioma
data\raw\Epic and CSCR hospital Dataset\Train\notumor\Te-no_0082.jpg,notumor
data\raw\Epic and CSCR hospital Dataset\Train\glioma\gg (437).jpg,glioma
data\raw\Epic and CSCR hospital Dataset\Train\meningioma\Tr-me_1111.jpg,meningioma
data\raw\Epic and CSCR hospital Dataset\Train\notumor\image(191).jpg,notumor
data\raw\Epic and CSCR hospital Dataset\Train\glioma\Tr-gl_0978.jpg,glioma
data\raw\Epic and CSCR hospital Dataset\Train\pituitary\P_766_RO_.jpg,pituitary
data\raw\Epic and CSCR hospital Dataset\Train\pituitary\P_789.jpg,pituitary
data\raw\Epic and CSCR hospital Dataset\Train\glioma\Tr-gl_0876.jpg,glioma
data\raw\Epic and CSCR hospital Dataset\Train\pituitary\P_724_DA_.jpg,pituitary
data\raw\Epic and CSCR hospital Dataset\Train\glioma\G_866.jpg,glioma
data\raw\Epic and CSCR hospital Dataset\Train\meningioma\Tr-me_0103.jpg,meningioma
data\raw\Epic and CSCR hospital Dataset\Train\glioma\Tr-gl_0297.jpg,glioma
data\raw\Epic and CSCR hospital Dataset\Train\meningioma\M_862_HF_.jpg,meningioma
data\raw\Epic and CSCR hospital Dataset\Train\meningioma\Tr-me_0815.jpg,meningioma
data\raw\Epic and CSCR hospital Dataset\Train\glioma\G_858_VF_.jpg,glioma
data\raw\Epic and CSCR hospital Dataset\Train\pituitary\P_713_VF_.jpg,pituitary
data\raw\Epic and CSCR hospital Dataset\Train\notumor\N_385_SP_.jpg,notumor
data\raw\Epic and CSCR hospital Dataset\Train\pituitary\Tr-pi_1001.jpg,pituitary
data\raw\Epic and CSCR hospital Dataset\Train\notumor\N_381_SP_.jpg,notumor
data\raw\Epic and CSCR hospital Dataset\Train\notumor\N_372_DA_.jpg,notumor
data\raw\Epic and CSCR hospital Dataset\Train\meningioma\Tr-me_0090.jpg,meningioma
data\raw\Epic and CSCR hospital Dataset\Train\glioma\gg (581).jpg,glioma
data\raw\Epic and CSCR hospital Dataset\Train\pituitary\Tr-pi_1214.jpg,pituitary
data\raw\Epic and CSCR hospital Dataset\Train\pituitary\Tr-pi_0287.jpg,pituitary
data\raw\Epic and CSCR hospital Dataset\Train\notumor\Tr-no_0202.jpg,notumor
data\raw\Epic and CSCR hospital Dataset\Train\glioma\Tr-gl_0515.jpg,glioma
data\raw\Epic and CSCR hospital Dataset\Train\pituitary\P_829_VF_.jpg,pituitary
data\raw\Epic and CSCR hospital Dataset\Train\meningioma\Tr-me_0855.jpg,meningioma
data\raw\Epic and CSCR hospital Dataset\Train\meningioma\Te-me_0281.jpg,meningioma
data\raw\Epic and CSCR hospital Dataset\Train\notumor\Tr-no_0327.jpg,notumor
data\raw\Epic and CSCR hospital Dataset\Train\glioma\Tr-gl_0811.jpg,glioma
data\raw\Epic and CSCR hospital Dataset\Train\glioma\G_731_RO_.jpg,glioma
data\raw\Epic and CSCR hospital Dataset\Train\meningioma\Tr-me_0091.jpg,meningioma
data\raw\Epic and CSCR hospital Dataset\Train\notumor\Tr-no_0226.jpg,notumor
data\raw\Epic and CSCR hospital Dataset\Train\meningioma\Tr-me_0205.jpg,meningioma
data\raw\Epic and CSCR hospital Dataset\Train\glioma\G_852_VF_.jpg,glioma
data\raw\Epic and CSCR hospital Dataset\Train\notumor\1779.jpg,notumor
data\raw\Epic and CSCR hospital Dataset\Train\meningioma\1327.jpg,meningioma
data\raw\Epic and CSCR hospital Dataset\Train\meningioma\M_823_HF_.jpg,meningioma
data\raw\Epic and CSCR hospital Dataset\Train\pituitary\P_761_DA_.jpg,pituitary
data\raw\Epic and CSCR hospital Dataset\Train\pituitary\P_737_BR_.jpg,pituitary
data\raw\Epic and CSCR hospital Dataset\Train\meningioma\m2 (8).jpg,meningioma
data\raw\Epic and CSCR hospital Dataset\Train\notumor\N_385_BR_.jpg,notumor
data\raw\Epic and CSCR hospital Dataset\Train\notumor\Tr-no_0382.jpg,notumor
data\raw\Epic and CSCR hospital Dataset\Train\glioma\Tr-gl_0429.jpg,glioma
data\raw\Epic and CSCR hospital Dataset\Train\meningioma\Te-me_0175.jpg,meningioma
data\raw\Epic and CSCR hospital Dataset\Train\meningioma\Tr-me_0173.jpg,meningioma
data\raw\Epic and CSCR hospital Dataset\Train\meningioma\M_844_HF_.jpg,meningioma
data\raw\Epic and CSCR hospital Dataset\Train\meningioma\Tr-me_0966.jpg,meningioma
data\raw\Epic and CSCR hospital Dataset\Train\glioma\Tr-gl_0591.jpg,glioma
data\raw\Epic and CSCR hospital Dataset\Train\notumor\Tr-no_0277.jpg,notumor
data\raw\Epic and CSCR hospital Dataset\Train\meningioma\Tr-me_0930.jpg,meningioma
data\raw\Epic and CSCR hospital Dataset\Train\glioma\G_850_RO_.jpg,glioma
data\raw\Epic and CSCR hospital Dataset\Train\notumor\Tr-no_0518.jpg,notumor
data\raw\Epic and CSCR hospital Dataset\Train\meningioma\1376.jpg,meningioma
data\raw\Epic and CSCR hospital Dataset\Train\glioma\gg (558).jpg,glioma
data\raw\Epic and CSCR hospital Dataset\Train\notumor\N_422.jpg,notumor
data\raw\Epic and CSCR hospital Dataset\Train\pituitary\Tr-pi_1338.jpg,pituitary
data\raw\Epic and CSCR hospital Dataset\Train\meningioma\Tr-me_0076.jpg,meningioma
data\raw\Epic and CSCR hospital Dataset\Train\pituitary\P_800_DA_.jpg,pituitary
data\raw\Epic and CSCR hospital Dataset\Train\meningioma\Tr-me_0319.jpg,meningioma
data\raw\Epic and CSCR hospital Dataset\Train\meningioma\m2 (74).jpg,meningioma
data\raw\Epic and CSCR hospital Dataset\Train\glioma\G_777.jpg,glioma
data\raw\Epic and CSCR hospital Dataset\Train\glioma\G_845.jpg,glioma
data\raw\Epic and CSCR hospital Dataset\Train\glioma\image(78).jpg,glioma
data\raw\Epic and CSCR hospital Dataset\Train\notumor\Tr-no_0462.jpg,notumor
data\raw\Epic and CSCR hospital Dataset\Train\pituitary\Tr-pi_0205.jpg,pituitary
data\raw\Epic and CSCR hospital Dataset\Train\pituitary\P_819_BR_.jpg,pituitary
data\raw\Epic and CSCR hospital Dataset\Train\glioma\G_808_HF_.jpg,glioma
data\raw\Epic and CSCR hospital Dataset\Train\meningioma\Te-me_0208.jpg,meningioma
data\raw\Epic and CSCR hospital Dataset\Train\pituitary\P_725_RO_.jpg,pituitary
data\raw\Epic and CSCR hospital Dataset\Train\pituitary\Tr-pi_0188.jpg,pituitary
data\raw\Epic and CSCR hospital Dataset\Train\glioma\G_805.jpg,glioma
data\raw\Epic and CSCR hospital Dataset\Train\glioma\Te-gl_0238.jpg,glioma
data\raw\Epic and CSCR hospital Dataset\Train\glioma\Tr-gl_0599.jpg,glioma
data\raw\Epic and CSCR hospital Dataset\Train\glioma\Tr-gl_1000.jpg,glioma
data\raw\Epic and CSCR hospital Dataset\Train\pituitary\Tr-pi_1220.jpg,pituitary
data\raw\Epic and CSCR hospital Dataset\Train\pituitary\P_739_RO_.jpg,pituitary
data\raw\Epic and CSCR hospital Dataset\Train\glioma\G_883.jpg,glioma
data\raw\Epic and CSCR hospital Dataset\Train\glioma\Tr-gl_0962.jpg,glioma
data\raw\Epic and CSCR hospital Dataset\Train\glioma\Tr-gl_0970.jpg,glioma
data\raw\Epic and CSCR hospital Dataset\Train\meningioma\Te-me_0103.jpg,meningioma
data\raw\Epic and CSCR hospital Dataset\Train\glioma\G_787.jpg,glioma
data\raw\Epic and CSCR hospital Dataset\Train\meningioma\1332.jpg,meningioma
data\raw\Epic and CSCR hospital Dataset\Train\notumor\N_421_HF_.jpg,notumor
data\raw\Epic and CSCR hospital Dataset\Train\notumor\6 no.jpg,notumor
data\raw\Epic and CSCR hospital Dataset\Train\glioma\Te-gl_0192.jpg,glioma
data\raw\Epic and CSCR hospital Dataset\Train\pituitary\P_836_VF_.jpg,pituitary
data\raw\Epic and CSCR hospital Dataset\Train\glioma\Tr-gl_0946.jpg,glioma
data\raw\Epic and CSCR hospital Dataset\Train\meningioma\M_836_VF_.jpg,meningioma
data\raw\Epic and CSCR hospital Dataset\Train\pituitary\P_827_VF_.jpg,pituitary
data\raw\Epic and CSCR hospital Dataset\Train\notumor\Tr-no_0402.jpg,notumor
data\raw\Epic and CSCR hospital Dataset\Train\glioma\gg (664).jpg,glioma
data\raw\Epic and CSCR hospital Dataset\Train\glioma\G_773_VF_.jpg,glioma
data\raw\Epic and CSCR hospital Dataset\Train\glioma\G_784_HF_.jpg,glioma
data\raw\Epic and CSCR hospital Dataset\Train\notumor\Tr-no_0553.jpg,notumor
data\raw\Epic and CSCR hospital Dataset\Train\pituitary\P_72_BR_.jpg,pituitary
data\raw\Epic and CSCR hospital Dataset\Train\pituitary\Tr-pi_0279.jpg,pituitary
data\raw\Epic and CSCR hospital Dataset\Train\meningioma\M_833_SP_.jpg,meningioma
data\raw\Epic and CSCR hospital Dataset\Train\meningioma\Tr-me_0078.jpg,meningioma
data\raw\Epic and CSCR hospital Dataset\Train\notumor\Tr-no_0428.jpg,notumor
data\raw\Epic and CSCR hospital Dataset\Train\notumor\Tr-no_0492.jpg,notumor
data\raw\Epic and CSCR hospital Dataset\Train\glioma\G_822.jpg,glioma
data\raw\Epic and CSCR hospital Dataset\Train\meningioma\Tr-me_1176.jpg,meningioma
data\raw\Epic and CSCR hospital Dataset\Train\glioma\Te-gl_0172.jpg,glioma
data\raw\Epic and CSCR hospital Dataset\Train\notumor\Tr-no_0020.jpg,notumor
data\raw\Epic and CSCR hospital Dataset\Train\notumor\N_437.jpg,notumor
data\raw\Epic and CSCR hospital Dataset\Train\glioma\gg (524).jpg,glioma
data\raw\Epic and CSCR hospital Dataset\Train\pituitary\Te-pi_0143.jpg,pituitary
data\raw\Epic and CSCR hospital Dataset\Train\meningioma\Tr-me_1227.jpg,meningioma
data\raw\Epic and CSCR hospital Dataset\Train\meningioma\m2 (1).jpg,meningioma
data\raw\Epic and CSCR hospital Dataset\Train\notumor\N_433_SP_.jpg,notumor
data\raw\Epic and CSCR hospital Dataset\Train\pituitary\P_775.jpg,pituitary
data\raw\Epic and CSCR hospital Dataset\Train\meningioma\Te-me_0211.jpg,meningioma
data\raw\Epic and CSCR hospital Dataset\Train\glioma\G_819_VF_.jpg,glioma
data\raw\Epic and CSCR hospital Dataset\Train\glioma\Tr-gl_0303.jpg,glioma
data\raw\Epic and CSCR hospital Dataset\Train\glioma\Tr-gl_0088.jpg,glioma
data\raw\Epic and CSCR hospital Dataset\Train\meningioma\Te-me_0097.jpg,meningioma
data\raw\Epic and CSCR hospital Dataset\Train\glioma\G_710.jpg,glioma
data\raw\Epic and CSCR hospital Dataset\Train\notumor\Tr-no_0639.jpg,notumor
data\raw\Epic and CSCR hospital Dataset\Train\meningioma\Te-me_0286.jpg,meningioma
data\raw\Epic and CSCR hospital Dataset\Train\meningioma\m2 (153).jpg,meningioma
data\raw\Epic and CSCR hospital Dataset\Train\pituitary\P_765_HF_.jpg,pituitary
data\raw\Epic and CSCR hospital Dataset\Train\pituitary\P_711_BR_.jpg,pituitary
data\raw\Epic and CSCR hospital Dataset\Train\pituitary\Tr-pi_0534.jpg,pituitary
data\raw\Epic and CSCR hospital Dataset\Train\glioma\Tr-gl_1080.jpg,glioma
data\raw\Epic and CSCR hospital Dataset\Train\glioma\gg (523).jpg,glioma
data\raw\Epic and CSCR hospital Dataset\Train\meningioma\Tr-me_1147.jpg,meningioma
data\raw\Epic and CSCR hospital Dataset\Train\glioma\G_750_HF_.jpg,glioma
data\raw\Epic and CSCR hospital Dataset\Train\pituitary\P_737_DA_.jpg,pituitary
data\raw\Epic and CSCR hospital Dataset\Train\pituitary\P_812_SP_.jpg,pituitary
data\raw\Epic and CSCR hospital Dataset\Train\pituitary\Tr-pi_1167.jpg,pituitary
data\raw\Epic and CSCR hospital Dataset\Train\glioma\G_853.jpg,glioma
data\raw\Epic and CSCR hospital Dataset\Train\glioma\G_837_SP_.jpg,glioma
data\raw\Epic and CSCR hospital Dataset\Train\meningioma\Tr-me_0144.jpg,meningioma
data\raw\Epic and CSCR hospital Dataset\Train\pituitary\Tr-pi_0636.jpg,pituitary
data\raw\Epic and CSCR hospital Dataset\Train\notumor\1740.jpg,notumor
data\raw\Epic and CSCR hospital Dataset\Train\pituitary\1200.jpg,pituitary
data\raw\Epic and CSCR hospital Dataset\Train\notumor\1599.jpg,notumor
data\raw\Epic and CSCR hospital Dataset\Train\glioma\G_786_RO_.jpg,glioma
data\raw\Epic and CSCR hospital Dataset\Train\notumor\Tr-no_0585.jpg,notumor
data\raw\Epic and CSCR hospital Dataset\Train\glioma\Tr-gl_1085.jpg,glioma
data\raw\Epic and CSCR hospital Dataset\Train\notumor\Tr-no_0643.jpg,notumor
data\raw\Epic and CSCR hospital Dataset\Train\notumor\1755.jpg,notumor
data\raw\Epic and CSCR hospital Dataset\Train\notumor\Tr-no_0557.jpg,notumor
data\raw\Epic and CSCR hospital Dataset\Train\pituitary\Tr-pi_1393.jpg,pituitary
data\raw\Epic and CSCR hospital Dataset\Train\notumor\1799.jpg,notumor
data\raw\Epic and CSCR hospital Dataset\Train\pituitary\P_774_SP_.jpg,pituitary
data\raw\Epic and CSCR hospital Dataset\Train\glioma\G_717_HF_.jpg,glioma
data\raw\Epic and CSCR hospital Dataset\Train\pituitary\Te-pi_0094.jpg,pituitary
data\raw\Epic and CSCR hospital Dataset\Train\glioma\Tr-gl_0688.jpg,glioma
data\raw\Epic and CSCR hospital Dataset\Train\glioma\G_747_VF_.jpg,glioma
data\raw\Epic and CSCR hospital Dataset\Train\glioma\G_802_VF_.jpg,glioma
data\raw\Epic and CSCR hospital Dataset\Train\meningioma\Tr-me_0100.jpg,meningioma
data\raw\Epic and CSCR hospital Dataset\Train\glioma\G_813.jpg,glioma
data\raw\Epic and CSCR hospital Dataset\Train\glioma\G_812_RO_.jpg,glioma
data\raw\Epic and CSCR hospital Dataset\Train\pituitary\Te-pi_0183.jpg,pituitary
data\raw\Epic and CSCR hospital Dataset\Train\glioma\G_767.jpg,glioma
data\raw\Epic and CSCR hospital Dataset\Train\meningioma\Tr-me_0086.jpg,meningioma
data\raw\Epic and CSCR hospital Dataset\Train\meningioma\M_841_RO_.jpg,meningioma
data\raw\Epic and CSCR hospital Dataset\Train\meningioma\Tr-me_0811.jpg,meningioma
data\raw\Epic and CSCR hospital Dataset\Train\notumor\Tr-no_0523.jpg,notumor
data\raw\Epic and CSCR hospital Dataset\Train\pituitary\P_811_SP_.jpg,pituitary
data\raw\Epic and CSCR hospital Dataset\Train\meningioma\M_852_HF_.jpg,meningioma
data\raw\Epic and CSCR hospital Dataset\Train\meningioma\m2 (26).jpg,meningioma
data\raw\Epic and CSCR hospital Dataset\Train\glioma\Tr-gl_0882.jpg,glioma
data\raw\Epic and CSCR hospital Dataset\Train\meningioma\Tr-me_1294.jpg,meningioma
data\raw\Epic and CSCR hospital Dataset\Train\glioma\gg (552).jpg,glioma
data\raw\Epic and CSCR hospital Dataset\Train\meningioma\Tr-me_1153.jpg,meningioma
data\raw\Epic and CSCR hospital Dataset\Train\meningioma\Tr-me_1178.jpg,meningioma
data\raw\Epic and CSCR hospital Dataset\Train\pituitary\P_706_SP_.jpg,pituitary
data\raw\Epic and CSCR hospital Dataset\Train\glioma\gg (376).jpg,glioma
data\raw\Epic and CSCR hospital Dataset\Train\pituitary\P_726.jpg,pituitary
data\raw\Epic and CSCR hospital Dataset\Train\meningioma\Tr-me_0242.jpg,meningioma
data\raw\Epic and CSCR hospital Dataset\Train\glioma\Tr-gl_0337.jpg,glioma
data\raw\Epic and CSCR hospital Dataset\Train\glioma\G_803_HF_.jpg,glioma
data\raw\Epic and CSCR hospital Dataset\Train\glioma\image(20).jpg,glioma
data\raw\Epic and CSCR hospital Dataset\Train\pituitary\Tr-pi_1168.jpg,pituitary
data\raw\Epic and CSCR hospital Dataset\Train\glioma\Tr-gl_0465.jpg,glioma
data\raw\Epic and CSCR hospital Dataset\Train\glioma\G_750_DA_.jpg,glioma
data\raw\Epic and CSCR hospital Dataset\Train\glioma\Tr-gl_0285.jpg,glioma
data\raw\Epic and CSCR hospital Dataset\Train\meningioma\Tr-me_1110.jpg,meningioma
data\raw\Epic and CSCR hospital Dataset\Train\notumor\1688.jpg,notumor
data\raw\Epic and CSCR hospital Dataset\Train\pituitary\Tr-pi_0203.jpg,pituitary
data\raw\Epic and CSCR hospital Dataset\Train\notumor\Tr-no_0028.jpg,notumor
data\raw\Epic and CSCR hospital Dataset\Train\glioma\G_726.jpg,glioma
data\raw\Epic and CSCR hospital Dataset\Train\pituitary\Tr-pi_0667.jpg,pituitary
data\raw\Epic and CSCR hospital Dataset\Train\meningioma\M_871_RO_.jpg,meningioma
data\raw\Epic and CSCR hospital Dataset\Train\pituitary\P_773_SP_.jpg,pituitary
data\raw\Epic and CSCR hospital Dataset\Train\meningioma\M_870_RO_.jpg,meningioma
data\raw\Epic and CSCR hospital Dataset\Train\glioma\G_745_VF_.jpg,glioma
data\raw\Epic and CSCR hospital Dataset\Train\meningioma\M_831_VF_.jpg,meningioma
data\raw\Epic and CSCR hospital Dataset\Train\meningioma\m1(75).jpg,meningioma
data\raw\Epic and CSCR hospital Dataset\Train\notumor\Tr-no_0421.jpg,notumor
data\raw\Epic and CSCR hospital Dataset\Train\glioma\G_886_HF_.jpg,glioma
data\raw\Epic and CSCR hospital Dataset\Train\pituitary\p (525).jpg,pituitary
data\raw\Epic and CSCR hospital Dataset\Train\notumor\image(143) - Copy.jpg,notumor
data\raw\Epic and CSCR hospital Dataset\Train\glioma\G_843_RO_.jpg,glioma
data\raw\Epic and CSCR hospital Dataset\Train\glioma\Tr-gl_0154.jpg,glioma
data\raw\Epic and CSCR hospital Dataset\Train\meningioma\Tr-me_1184.jpg,meningioma
data\raw\Epic and CSCR hospital Dataset\Train\meningioma\m2 (89).jpg,meningioma
data\raw\Epic and CSCR hospital Dataset\Train\pituitary\Tr-pi_1307.jpg,pituitary
data\raw\Epic and CSCR hospital Dataset\Train\glioma\Tr-gl_1009.jpg,glioma
data\raw\Epic and CSCR hospital Dataset\Train\pituitary\Te-pi_0101.jpg,pituitary
data\raw\Epic and CSCR hospital Dataset\Train\glioma\G_851_VF_.jpg,glioma
data\raw\Epic and CSCR hospital Dataset\Train\glioma\Tr-gl_1143.jpg,glioma
data\raw\Epic and CSCR hospital Dataset\Train\pituitary\Tr-pi_1244.jpg,pituitary
data\raw\Epic and CSCR hospital Dataset\Train\glioma\Te-gl_0169.jpg,glioma
data\raw\Epic and CSCR hospital Dataset\Train\glioma\G_86_DA_.jpg,glioma
data\raw\Epic and CSCR hospital Dataset\Train\glioma\Tr-gl_0323.jpg,glioma
data\raw\Epic and CSCR hospital Dataset\Train\pituitary\P_805_SP_.jpg,pituitary
data\raw\Epic and CSCR hospital Dataset\Train\notumor\N_413_DA_.jpg,notumor
data\raw\Epic and CSCR hospital Dataset\Train\pituitary\P_779_BR_.jpg,pituitary
data\raw\Epic and CSCR hospital Dataset\Train\meningioma\Te-me_0149.jpg,meningioma
data\raw\Epic and CSCR hospital Dataset\Train\glioma\gg (390).jpg,glioma
data\raw\Epic and CSCR hospital Dataset\Train\glioma\G_856_HF_.jpg,glioma
data\raw\Epic and CSCR hospital Dataset\Train\meningioma\Tr-me_0991.jpg,meningioma
data\raw\Epic and CSCR hospital Dataset\Train\meningioma\Tr-me_1293.jpg,meningioma
data\raw\Epic and CSCR hospital Dataset\Train\meningioma\Tr-me_0296.jpg,meningioma
data\raw\Epic and CSCR hospital Dataset\Train\notumor\Tr-no_0672.jpg,notumor
data\raw\Epic and CSCR hospital Dataset\Train\glioma\G_730_HF_.jpg,glioma
data\raw\Epic and CSCR hospital Dataset\Train\glioma\G_796_DA_.jpg,glioma
data\raw\Epic and CSCR hospital Dataset\Train\glioma\gg (412).jpg,glioma
data\raw\Epic and CSCR hospital Dataset\Train\notumor\Tr-no_0562.jpg,notumor
data\raw\Epic and CSCR hospital Dataset\Train\glioma\Te-gl_0145.jpg,glioma
data\raw\Epic and CSCR hospital Dataset\Train\notumor\Tr-no_0104.jpg,notumor
data\raw\Epic and CSCR hospital Dataset\Train\glioma\G_716_RO_.jpg,glioma
data\raw\Epic and CSCR hospital Dataset\Train\meningioma\M_849_BR_.jpg,meningioma
data\raw\Epic and CSCR hospital Dataset\Train\pituitary\P_707_BR_.jpg,pituitary
data\raw\Epic and CSCR hospital Dataset\Train\meningioma\Tr-me_0187.jpg,meningioma
data\raw\Epic and CSCR hospital Dataset\Train\glioma\Tr-gl_0222.jpg,glioma
data\raw\Epic and CSCR hospital Dataset\Train\meningioma\Tr-me_0237.jpg,meningioma
data\raw\Epic and CSCR hospital Dataset\Train\notumor\N_434_VF_.jpg,notumor
data\raw\Epic and CSCR hospital Dataset\Train\notumor\Te-no_0261.jpg,notumor
data\raw\Epic and CSCR hospital Dataset\Train\glioma\G_727_DA_.jpg,glioma
data\raw\Epic and CSCR hospital Dataset\Train\glioma\Tr-gl_0392.jpg,glioma
data\raw\Epic and CSCR hospital Dataset\Train\glioma\Te-gl_0150.jpg,glioma
data\raw\Epic and CSCR hospital Dataset\Train\pituitary\P_793_HF_.jpg,pituitary
data\raw\Epic and CSCR hospital Dataset\Train\pituitary\P_834_SP_.jpg,pituitary
data\raw\Epic and CSCR hospital Dataset\Train\notumor\Tr-no_0508.jpg,notumor
data\raw\Epic and CSCR hospital Dataset\Train\pituitary\Tr-pi_0186.jpg,pituitary
data\raw\Epic and CSCR hospital Dataset\Train\notumor\Tr-no_0076.jpg,notumor
data\raw\Epic and CSCR hospital Dataset\Train\meningioma\Tr-me_1213.jpg,meningioma
data\raw\Epic and CSCR hospital Dataset\Train\meningioma\Tr-me_1239.jpg,meningioma
data\raw\Epic and CSCR hospital Dataset\Train\glioma\G_855_RO_.jpg,glioma
data\raw\Epic and CSCR hospital Dataset\Train\meningioma\Tr-me_0277.jpg,meningioma
data\raw\Epic and CSCR hospital Dataset\Train\pituitary\P_773_VF_.jpg,pituitary
data\raw\Epic and CSCR hospital Dataset\Train\glioma\gg (452).jpg,glioma
data\raw\Epic and CSCR hospital Dataset\Train\notumor\Tr-no_0351.jpg,notumor
data\raw\Epic and CSCR hospital Dataset\Train\glioma\Tr-gl_0440.jpg,glioma
data\raw\Epic and CSCR hospital Dataset\Train\glioma\Tr-gl_0878.jpg,glioma
data\raw\Epic and CSCR hospital Dataset\Train\glioma\G_780_HF_.jpg,glioma
data\raw\Epic and CSCR hospital Dataset\Train\notumor\Tr-no_0230.jpg,notumor
data\raw\Epic and CSCR hospital Dataset\Train\pituitary\P_735.jpg,pituitary
data\raw\Epic and CSCR hospital Dataset\Train\meningioma\Tr-me_1251.jpg,meningioma
data\raw\Epic and CSCR hospital Dataset\Train\pituitary\P_732_VF_.jpg,pituitary
data\raw\Epic and CSCR hospital Dataset\Train\meningioma\m2 (132).jpg,meningioma
data\raw\Epic and CSCR hospital Dataset\Train\pituitary\Tr-pi_1118.jpg,pituitary
data\raw\Epic and CSCR hospital Dataset\Train\glioma\G_861_VF_.jpg,glioma
data\raw\Epic and CSCR hospital Dataset\Train\pituitary\Tr-pi_0153.jpg,pituitary
data\raw\Epic and CSCR hospital Dataset\Train\meningioma\Tr-me_1046.jpg,meningioma
data\raw\Epic and CSCR hospital Dataset\Train\pituitary\P_804_DA_.jpg,pituitary
data\raw\Epic and CSCR hospital Dataset\Train\meningioma\Tr-me_0882.jpg,meningioma
data\raw\Epic and CSCR hospital Dataset\Train\glioma\G_809_VF_.jpg,glioma
data\raw\Epic and CSCR hospital Dataset\Train\meningioma\m2 (144).jpg,meningioma
data\raw\Epic and CSCR hospital Dataset\Train\glioma\Tr-gl_0809.jpg,glioma
data\raw\Epic and CSCR hospital Dataset\Train\glioma\Tr-gl_1164.jpg,glioma
data\raw\Epic and CSCR hospital Dataset\Train\meningioma\M_856.jpg,meningioma
data\raw\Epic and CSCR hospital Dataset\Train\notumor\N_428_DA_.jpg,notumor
data\raw\Epic and CSCR hospital Dataset\Train\pituitary\Tr-pi_1241.jpg,pituitary
data\raw\Epic and CSCR hospital Dataset\Train\notumor\N_436_SP_.jpg,notumor
data\raw\Epic and CSCR hospital Dataset\Train\meningioma\Te-me_0217.jpg,meningioma
data\raw\Epic and CSCR hospital Dataset\Train\glioma\G_720_BR_.jpg,glioma
data\raw\Epic and CSCR hospital Dataset\Train\meningioma\M_880_SP_.jpg,meningioma
data\raw\Epic and CSCR hospital Dataset\Train\notumor\Te-no_0206.jpg,notumor
data\raw\Epic and CSCR hospital Dataset\Train\glioma\image(73).jpg,glioma
data\raw\Epic and CSCR hospital Dataset\Train\pituitary\P_741.jpg,pituitary
data\raw\Epic and CSCR hospital Dataset\Train\glioma\Tr-gl_0360.jpg,glioma
data\raw\Epic and CSCR hospital Dataset\Train\glioma\Tr-gl_0422.jpg,glioma
data\raw\Epic and CSCR hospital Dataset\Train\glioma\G_890_DA_.jpg,glioma
data\raw\Epic and CSCR hospital Dataset\Train\pituitary\Tr-pi_1202.jpg,pituitary
data\raw\Epic and CSCR hospital Dataset\Train\meningioma\M_869_HF_.jpg,meningioma
data\raw\Epic and CSCR hospital Dataset\Train\glioma\gg (533).jpg,glioma
data\raw\Epic and CSCR hospital Dataset\Train\meningioma\Tr-me_0981.jpg,meningioma
data\raw\Epic and CSCR hospital Dataset\Train\glioma\G_87_RO_.jpg,glioma
data\raw\Epic and CSCR hospital Dataset\Train\pituitary\P_730_HF_.jpg,pituitary
data\raw\Epic and CSCR hospital Dataset\Train\pituitary\Tr-pi_0157.jpg,pituitary
data\raw\Epic and CSCR hospital Dataset\Train\glioma\G_890.jpg,glioma
data\raw\Epic and CSCR hospital Dataset\Train\glioma\G_865.jpg,glioma
data\raw\Epic and CSCR hospital Dataset\Train\notumor\Tr-no_0386.jpg,notumor
data\raw\Epic and CSCR hospital Dataset\Train\glioma\G_735_DA_.jpg,glioma
data\raw\Epic and CSCR hospital Dataset\Train\meningioma\m2 (168).jpg,meningioma
data\raw\Epic and CSCR hospital Dataset\Train\glioma\G_725_HF_.jpg,glioma
data\raw\Epic and CSCR hospital Dataset\Train\meningioma\M_854_BR_.jpg,meningioma
data\raw\Epic and CSCR hospital Dataset\Train\pituitary\Tr-pi_1206.jpg,pituitary
data\raw\Epic and CSCR hospital Dataset\Train\pituitary\Tr-pi_1096.jpg,pituitary
data\raw\Epic and CSCR hospital Dataset\Train\glioma\Tr-gl_0595.jpg,glioma
data\raw\Epic and CSCR hospital Dataset\Train\glioma\Tr-gl_0233.jpg,glioma
data\raw\Epic and CSCR hospital Dataset\Train\pituitary\Tr-pi_0290.jpg,pituitary
data\raw\Epic and CSCR hospital Dataset\Train\glioma\G_788_BR_.jpg,glioma
data\raw\Epic and CSCR hospital Dataset\Train\glioma\Tr-gl_0275.jpg,glioma
data\raw\Epic and CSCR hospital Dataset\Train\pituitary\1181.jpg,pituitary
data\raw\Epic and CSCR hospital Dataset\Train\pituitary\1190.jpg,pituitary
data\raw\Epic and CSCR hospital Dataset\Train\glioma\G_711_RO_.jpg,glioma
data\raw\Epic and CSCR hospital Dataset\Train\meningioma\Tr-me_0836.jpg,meningioma
data\raw\Epic and CSCR hospital Dataset\Train\pituitary\P_742_RO_.jpg,pituitary
data\raw\Epic and CSCR hospital Dataset\Train\meningioma\Te-me_0222.jpg,meningioma
data\raw\Epic and CSCR hospital Dataset\Train\pituitary\P_706_HF_.jpg,pituitary
data\raw\Epic and CSCR hospital Dataset\Train\meningioma\M_824_DA_.jpg,meningioma
data\raw\Epic and CSCR hospital Dataset\Train\notumor\Tr-no_0596.jpg,notumor
data\raw\Epic and CSCR hospital Dataset\Train\pituitary\p (549).jpg,pituitary
data\raw\Epic and CSCR hospital Dataset\Train\glioma\Te-gl_0112.jpg,glioma
data\raw\Epic and CSCR hospital Dataset\Train\glioma\G_806_RO_.jpg,glioma
data\raw\Epic and CSCR hospital Dataset\Train\notumor\Te-no_0196.jpg,notumor
data\raw\Epic and CSCR hospital Dataset\Train\glioma\G_770_HF_.jpg,glioma
data\raw\Epic and CSCR hospital Dataset\Train\meningioma\M_842_HF_.jpg,meningioma
data\raw\Epic and CSCR hospital Dataset\Train\glioma\G_760_BR_.jpg,glioma
data\raw\Epic and CSCR hospital Dataset\Train\glioma\G_740_BR_.jpg,glioma
data\raw\Epic and CSCR hospital Dataset\Train\glioma\Tr-gl_1033.jpg,glioma
data\raw\Epic and CSCR hospital Dataset\Train\notumor\Te-no_0175.jpg,notumor
data\raw\Epic and CSCR hospital Dataset\Train\meningioma\M_836_HF_.jpg,meningioma
data\raw\Epic and CSCR hospital Dataset\Train\notumor\1750.jpg,notumor
data\raw\Epic and CSCR hospital Dataset\Train\meningioma\1374.jpg,meningioma
data\raw\Epic and CSCR hospital Dataset\Train\glioma\gg (409).jpg,glioma
data\raw\Epic and CSCR hospital Dataset\Train\pituitary\Tr-pi_0773.jpg,pituitary
data\raw\Epic and CSCR hospital Dataset\Train\pituitary\Tr-pi_1291.jpg,pituitary
data\raw\Epic and CSCR hospital Dataset\Train\glioma\G_762_HF_.jpg,glioma
data\raw\Epic and CSCR hospital Dataset\Train\glioma\G_716.jpg,glioma
data\raw\Epic and CSCR hospital Dataset\Train\pituitary\P_795.jpg,pituitary
data\raw\Epic and CSCR hospital Dataset\Train\glioma\Tr-gl_0250.jpg,glioma
data\raw\Epic and CSCR hospital Dataset\Train\glioma\gg (560).jpg,glioma
data\raw\Epic and CSCR hospital Dataset\Train\notumor\1854.jpg,notumor
data\raw\Epic and CSCR hospital Dataset\Train\notumor\Tr-no_0030.jpg,notumor
data\raw\Epic and CSCR hospital Dataset\Train\notumor\N_438_BR_.jpg,notumor
data\raw\Epic and CSCR hospital Dataset\Train\notumor\Te-no_0154.jpg,notumor
data\raw\Epic and CSCR hospital Dataset\Train\glioma\gg (463).jpg,glioma
data\raw\Epic and CSCR hospital Dataset\Train\glioma\G_800_SP_.jpg,glioma
data\raw\Epic and CSCR hospital Dataset\Train\glioma\G_727_HF_.jpg,glioma
data\raw\Epic and CSCR hospital Dataset\Train\pituitary\Tr-pi_1048.jpg,pituitary
data\raw\Epic and CSCR hospital Dataset\Train\meningioma\Te-me_0117.jpg,meningioma
data\raw\Epic and CSCR hospital Dataset\Train\meningioma\Tr-me_0097.jpg,meningioma
data\raw\Epic and CSCR hospital Dataset\Train\glioma\image(2).jpg,glioma
data\raw\Epic and CSCR hospital Dataset\Train\meningioma\Tr-me_0823.jpg,meningioma
data\raw\Epic and CSCR hospital Dataset\Train\meningioma\M_869_SP_.jpg,meningioma
data\raw\Epic and CSCR hospital Dataset\Train\glioma\G_858_DA_.jpg,glioma
data\raw\Epic and CSCR hospital Dataset\Train\glioma\Tr-gl_0830.jpg,glioma
data\raw\Epic and CSCR hospital Dataset\Train\glioma\Tr-gl_1190.jpg,glioma
data\raw\Epic and CSCR hospital Dataset\Train\pituitary\Tr-pi_1224.jpg,pituitary
data\raw\Epic and CSCR hospital Dataset\Train\meningioma\Tr-me_0926.jpg,meningioma
data\raw\Epic and CSCR hospital Dataset\Train\notumor\1634.jpg,notumor
data\raw\Epic and CSCR hospital Dataset\Train\pituitary\Tr-pi_1181.jpg,pituitary
data\raw\Epic and CSCR hospital Dataset\Train\glioma\G_803.jpg,glioma
data\raw\Epic and CSCR hospital Dataset\Train\glioma\G_846_VF_.jpg,glioma
data\raw\Epic and CSCR hospital Dataset\Train\glioma\G_843_DA_.jpg,glioma
data\raw\Epic and CSCR hospital Dataset\Train\pituitary\P_716_VF_.jpg,pituitary
data\raw\Epic and CSCR hospital Dataset\Train\meningioma\M_868_RO_.jpg,meningioma
data\raw\Epic and CSCR hospital Dataset\Train\meningioma\Tr-me_1203.jpg,meningioma
data\raw\Epic and CSCR hospital Dataset\Train\meningioma\Te-me_0128.jpg,meningioma
data\raw\Epic and CSCR hospital Dataset\Train\pituitary\Te-pi_0111.jpg,pituitary
data\raw\Epic and CSCR hospital Dataset\Train\meningioma\M_879.jpg,meningioma
data\raw\Epic and CSCR hospital Dataset\Train\pituitary\Tr-pi_1297.jpg,pituitary
data\raw\Epic and CSCR hospital Dataset\Train\notumor\Tr-no_0380.jpg,notumor
data\raw\Epic and CSCR hospital Dataset\Train\glioma\G_727_RO_.jpg,glioma
data\raw\Epic and CSCR hospital Dataset\Train\pituitary\P_758_HF_.jpg,pituitary
data\raw\Epic and CSCR hospital Dataset\Train\notumor\Tr-no_0690.jpg,notumor
data\raw\Epic and CSCR hospital Dataset\Train\pituitary\Tr-pi_0125.jpg,pituitary
data\raw\Epic and CSCR hospital Dataset\Train\pituitary\P_757_HF_.jpg,pituitary
data\raw\Epic and CSCR hospital Dataset\Train\notumor\Tr-no_0524.jpg,notumor
data\raw\Epic and CSCR hospital Dataset\Train\glioma\gg (597).jpg,glioma
data\raw\Epic and CSCR hospital Dataset\Train\glioma\G_87_BR_.jpg,glioma
data\raw\Epic and CSCR hospital Dataset\Train\glioma\Tr-gl_1091.jpg,glioma
data\raw\Epic and CSCR hospital Dataset\Train\glioma\G_747.jpg,glioma
data\raw\Epic and CSCR hospital Dataset\Train\notumor\Tr-no_0614.jpg,notumor
data\raw\Epic and CSCR hospital Dataset\Train\meningioma\Tr-me_0036.jpg,meningioma
data\raw\Epic and CSCR hospital Dataset\Train\meningioma\Tr-me_1062.jpg,meningioma
data\raw\Epic and CSCR hospital Dataset\Train\pituitary\P_721_HF_.jpg,pituitary
data\raw\Epic and CSCR hospital Dataset\Train\pituitary\Tr-pi_0148.jpg,pituitary
data\raw\Epic and CSCR hospital Dataset\Train\meningioma\Tr-me_0870.jpg,meningioma
data\raw\Epic and CSCR hospital Dataset\Train\glioma\G_706_RO_.jpg,glioma
data\raw\Epic and CSCR hospital Dataset\Train\glioma\G_755.jpg,glioma
data\raw\Epic and CSCR hospital Dataset\Train\notumor\1610.jpg,notumor
data\raw\Epic and CSCR hospital Dataset\Train\pituitary\P_80_SP_.jpg,pituitary
data\raw\Epic and CSCR hospital Dataset\Train\meningioma\Te-me_0266.jpg,meningioma
data\raw\Epic and CSCR hospital Dataset\Train\notumor\Te-no_0303.jpg,notumor
data\raw\Epic and CSCR hospital Dataset\Train\glioma\G_784_SP_.jpg,glioma
data\raw\Epic and CSCR hospital Dataset\Train\notumor\Tr-no_0405.jpg,notumor
data\raw\Epic and CSCR hospital Dataset\Train\notumor\Te-no_0270.jpg,notumor
data\raw\Epic and CSCR hospital Dataset\Train\glioma\gg (636).jpg,glioma
data\raw\Epic and CSCR hospital Dataset\Train\pituitary\Te-pi_0126.jpg,pituitary
data\raw\Epic and CSCR hospital Dataset\Train\glioma\Tr-gl_0821.jpg,glioma
data\raw\Epic and CSCR hospital Dataset\Train\pituitary\Tr-pi_0578.jpg,pituitary
data\raw\Epic and CSCR hospital Dataset\Train\meningioma\m2 (7).jpg,meningioma
data\raw\Epic and CSCR hospital Dataset\Train\meningioma\Tr-me_1207.jpg,meningioma
data\raw\Epic and CSCR hospital Dataset\Train\pituitary\P_760_RO_.jpg,pituitary
data\raw\Epic and CSCR hospital Dataset\Train\notumor\N_405_DA_.jpg,notumor
data\raw\Epic and CSCR hospital Dataset\Train\pituitary\Tr-pi_1215.jpg,pituitary
data\raw\Epic and CSCR hospital Dataset\Train\pituitary\P_797_DA_.jpg,pituitary
data\raw\Epic and CSCR hospital Dataset\Train\notumor\Te-no_0205.jpg,notumor
data\raw\Epic and CSCR hospital Dataset\Train\meningioma\1317.jpg,meningioma
data\raw\Epic and CSCR hospital Dataset\Train\meningioma\1371.jpg,meningioma
data\raw\Epic and CSCR hospital Dataset\Train\glioma\Tr-gl_0565.jpg,glioma
data\raw\Epic and CSCR hospital Dataset\Train\notumor\N_381_VF_.jpg,notumor
data\raw\Epic and CSCR hospital Dataset\Train\glioma\gg (413).jpg,glioma
data\raw\Epic and CSCR hospital Dataset\Train\pituitary\Tr-pi_1089.jpg,pituitary
data\raw\Epic and CSCR hospital Dataset\Train\glioma\Tr-gl_0684.jpg,glioma
data\raw\Epic and CSCR hospital Dataset\Train\glioma\Tr-gl_0844.jpg,glioma
data\raw\Epic and CSCR hospital Dataset\Train\pituitary\P_802_BR_.jpg,pituitary
data\raw\Epic and CSCR hospital Dataset\Train\pituitary\P_832_RO_.jpg,pituitary
data\raw\Epic and CSCR hospital Dataset\Train\pituitary\Tr-pi_1372.jpg,pituitary
data\raw\Epic and CSCR hospital Dataset\Train\meningioma\M_823_SP_.jpg,meningioma
data\raw\Epic and CSCR hospital Dataset\Train\meningioma\Tr-me_1336.jpg,meningioma
data\raw\Epic and CSCR hospital Dataset\Train\pituitary\Tr-pi_1350.jpg,pituitary
data\raw\Epic and CSCR hospital Dataset\Train\meningioma\M_847.jpg,meningioma
data\raw\Epic and CSCR hospital Dataset\Train\pituitary\Tr-pi_1333.jpg,pituitary
data\raw\Epic and CSCR hospital Dataset\Train\pituitary\P_808.jpg,pituitary
data\raw\Epic and CSCR hospital Dataset\Train\pituitary\P_721_VF_.jpg,pituitary
data\raw\Epic and CSCR hospital Dataset\Train\glioma\Tr-gl_0309.jpg,glioma
data\raw\Epic and CSCR hospital Dataset\Train\glioma\gg (642).jpg,glioma
data\raw\Epic and CSCR hospital Dataset\Train\glioma\Tr-gl_0284.jpg,glioma
data\raw\Epic and CSCR hospital Dataset\Train\pituitary\Tr-pi_1069.jpg,pituitary
data\raw\Epic and CSCR hospital Dataset\Train\meningioma\m2 (77).jpg,meningioma
data\raw\Epic and CSCR hospital Dataset\Train\notumor\N_381.jpg,notumor
data\raw\Epic and CSCR hospital Dataset\Train\pituitary\Tr-pi_1103.jpg,pituitary
data\raw\Epic and CSCR hospital Dataset\Train\pituitary\P_732_HF_.jpg,pituitary
data\raw\Epic and CSCR hospital Dataset\Train\meningioma\Tr-me_1206.jpg,meningioma
data\raw\Epic and CSCR hospital Dataset\Train\notumor\1672.jpg,notumor
data\raw\Epic and CSCR hospital Dataset\Train\meningioma\Te-me_0267.jpg,meningioma
data\raw\Epic and CSCR hospital Dataset\Train\glioma\Tr-gl_0542.jpg,glioma
data\raw\Epic and CSCR hospital Dataset\Train\glioma\G_762_SP_.jpg,glioma
data\raw\Epic and CSCR hospital Dataset\Train\glioma\G_816_HF_.jpg,glioma
data\raw\Epic and CSCR hospital Dataset\Train\glioma\Tr-gl_0580.jpg,glioma
data\raw\Epic and CSCR hospital Dataset\Train\pituitary\Tr-pi_0254.jpg,pituitary
data\raw\Epic and CSCR hospital Dataset\Train\pituitary\P_830_VF_.jpg,pituitary
data\raw\Epic and CSCR hospital Dataset\Train\pituitary\Tr-pi_0955.jpg,pituitary
data\raw\Epic and CSCR hospital Dataset\Train\glioma\G_797_DA_.jpg,glioma
data\raw\Epic and CSCR hospital Dataset\Train\glioma\Tr-gl_0450.jpg,glioma
data\raw\Epic and CSCR hospital Dataset\Train\meningioma\1345.jpg,meningioma
data\raw\Epic and CSCR hospital Dataset\Train\glioma\Tr-gl_0227.jpg,glioma
data\raw\Epic and CSCR hospital Dataset\Train\meningioma\Tr-me_0096.jpg,meningioma
data\raw\Epic and CSCR hospital Dataset\Train\meningioma\Tr-me_1150.jpg,meningioma
data\raw\Epic and CSCR hospital Dataset\Train\glioma\G_782.jpg,glioma
data\raw\Epic and CSCR hospital Dataset\Train\notumor\N_395_BR_.jpg,notumor
data\raw\Epic and CSCR hospital Dataset\Train\glioma\Tr-gl_0447.jpg,glioma
data\raw\Epic and CSCR hospital Dataset\Train\pituitary\Tr-pi_0675.jpg,pituitary
data\raw\Epic and CSCR hospital Dataset\Train\pituitary\Tr-pi_0116.jpg,pituitary
data\raw\Epic and CSCR hospital Dataset\Train\meningioma\Tr-me_1177.jpg,meningioma
data\raw\Epic and CSCR hospital Dataset\Train\pituitary\Tr-pi_0846.jpg,pituitary
data\raw\Epic and CSCR hospital Dataset\Train\notumor\Tr-no_0439.jpg,notumor
data\raw\Epic and CSCR hospital Dataset\Train\meningioma\Tr-me_0228.jpg,meningioma
data\raw\Epic and CSCR hospital Dataset\Train\meningioma\1394.jpg,meningioma
data\raw\Epic and CSCR hospital Dataset\Train\notumor\Tr-no_0054.jpg,notumor
data\raw\Epic and CSCR hospital Dataset\Train\glioma\gg (430).jpg,glioma
data\raw\Epic and CSCR hospital Dataset\Train\glioma\G_790_BR_.jpg,glioma
data\raw\Epic and CSCR hospital Dataset\Train\pituitary\P_797_SP_.jpg,pituitary
data\raw\Epic and CSCR hospital Dataset\Train\pituitary\P_816_DA_.jpg,pituitary
data\raw\Epic and CSCR hospital Dataset\Train\pituitary\P_746_BR_.jpg,pituitary
data\raw\Epic and CSCR hospital Dataset\Train\glioma\G_865_VF_.jpg,glioma
data\raw\Epic and CSCR hospital Dataset\Train\pituitary\P_740_RO_.jpg,pituitary
data\raw\Epic and CSCR hospital Dataset\Train\notumor\Te-no_0215.jpg,notumor
data\raw\Epic and CSCR hospital Dataset\Train\pituitary\P_818_DA_.jpg,pituitary
data\raw\Epic and CSCR hospital Dataset\Train\glioma\G_712_SP_.jpg,glioma
data\raw\Epic and CSCR hospital Dataset\Train\notumor\N_398_HF_.jpg,notumor
data\raw\Epic and CSCR hospital Dataset\Train\notumor\Te-no_0226.jpg,notumor
data\raw\Epic and CSCR hospital Dataset\Train\glioma\G_802_RO_.jpg,glioma
data\raw\Epic and CSCR hospital Dataset\Train\meningioma\1373.jpg,meningioma
data\raw\Epic and CSCR hospital Dataset\Train\pituitary\Te-pi_0137.jpg,pituitary
data\raw\Epic and CSCR hospital Dataset\Train\meningioma\Tr-me_1130.jpg,meningioma
data\raw\Epic and CSCR hospital Dataset\Train\pituitary\P_799_VF_.jpg,pituitary
data\raw\Epic and CSCR hospital Dataset\Train\pituitary\Tr-pi_0577.jpg,pituitary
data\raw\Epic and CSCR hospital Dataset\Train\meningioma\m2 (107).jpg,meningioma
data\raw\Epic and CSCR hospital Dataset\Train\glioma\Tr-gl_0182.jpg,glioma
data\raw\Epic and CSCR hospital Dataset\Train\pituitary\Tr-pi_1123.jpg,pituitary
data\raw\Epic and CSCR hospital Dataset\Train\pituitary\P_713_RO_.jpg,pituitary
data\raw\Epic and CSCR hospital Dataset\Train\glioma\Tr-gl_0514.jpg,glioma
data\raw\Epic and CSCR hospital Dataset\Train\pituitary\1188.jpg,pituitary
data\raw\Epic and CSCR hospital Dataset\Train\meningioma\M_828_RO_.jpg,meningioma
data\raw\Epic and CSCR hospital Dataset\Train\meningioma\M_835_DA_.jpg,meningioma
data\raw\Epic and CSCR hospital Dataset\Train\notumor\Tr-no_0473.jpg,notumor
data\raw\Epic and CSCR hospital Dataset\Train\pituitary\Tr-pi_0579.jpg,pituitary
data\raw\Epic and CSCR hospital Dataset\Train\glioma\Tr-gl_0947.jpg,glioma
data\raw\Epic and CSCR hospital Dataset\Train\pituitary\p (503).jpg,pituitary
data\raw\Epic and CSCR hospital Dataset\Train\meningioma\Tr-me_1289.jpg,meningioma
data\raw\Epic and CSCR hospital Dataset\Train\notumor\Te-no_0275.jpg,notumor
data\raw\Epic and CSCR hospital Dataset\Train\meningioma\Tr-me_1141.jpg,meningioma
data\raw\Epic and CSCR hospital Dataset\Train\glioma\G_859_RO_.jpg,glioma
data\raw\Epic and CSCR hospital Dataset\Train\notumor\N_431_VF_.jpg,notumor
data\raw\Epic and CSCR hospital Dataset\Train\glioma\G_790_RO_.jpg,glioma
data\raw\Epic and CSCR hospital Dataset\Train\meningioma\1438.jpg,meningioma
data\raw\Epic and CSCR hospital Dataset\Train\meningioma\M_819_DA_.jpg,meningioma
data\raw\Epic and CSCR hospital Dataset\Train\glioma\G_759_BR_.jpg,glioma
data\raw\Epic and CSCR hospital Dataset\Train\pituitary\P_710_HF_.jpg,pituitary
data\raw\Epic and CSCR hospital Dataset\Train\glioma\Te-gl_0180.jpg,glioma
data\raw\Epic and CSCR hospital Dataset\Train\glioma\G_870_BR_.jpg,glioma
data\raw\Epic and CSCR hospital Dataset\Train\glioma\G_836_SP_.jpg,glioma
data\raw\Epic and CSCR hospital Dataset\Train\glioma\G_860_HF_.jpg,glioma
data\raw\Epic and CSCR hospital Dataset\Train\meningioma\1408.jpg,meningioma
data\raw\Epic and CSCR hospital Dataset\Train\glioma\G_887.jpg,glioma
data\raw\Epic and CSCR hospital Dataset\Train\pituitary\Tr-pi_0694.jpg,pituitary
data\raw\Epic and CSCR hospital Dataset\Train\pituitary\P_710_VF_.jpg,pituitary
data\raw\Epic and CSCR hospital Dataset\Train\pituitary\P_822_HF_.jpg,pituitary
data\raw\Epic and CSCR hospital Dataset\Train\meningioma\Tr-me_1299.jpg,meningioma
data\raw\Epic and CSCR hospital Dataset\Train\pituitary\Tr-pi_1216.jpg,pituitary
data\raw\Epic and CSCR hospital Dataset\Train\notumor\N_394_BR_.jpg,notumor
data\raw\Epic and CSCR hospital Dataset\Train\pituitary\P_823_BR_.jpg,pituitary
data\raw\Epic and CSCR hospital Dataset\Train\meningioma\Tr-me_0113.jpg,meningioma
data\raw\Epic and CSCR hospital Dataset\Train\meningioma\1416.jpg,meningioma
data\raw\Epic and CSCR hospital Dataset\Train\pituitary\Tr-pi_1176.jpg,pituitary
data\raw\Epic and CSCR hospital Dataset\Train\pituitary\Tr-pi_1293.jpg,pituitary
data\raw\Epic and CSCR hospital Dataset\Train\glioma\G_807_HF_.jpg,glioma
data\raw\Epic and CSCR hospital Dataset\Train\notumor\N_385_VF_.jpg,notumor
data\raw\Epic and CSCR hospital Dataset\Train\glioma\G_846_SP_.jpg,glioma
data\raw\Epic and CSCR hospital Dataset\Train\pituitary\P_791_RO_.jpg,pituitary
data\raw\Epic and CSCR hospital Dataset\Train\notumor\Tr-no_0066.jpg,notumor
data\raw\Epic and CSCR hospital Dataset\Train\glioma\gg (339).jpg,glioma
data\raw\Epic and CSCR hospital Dataset\Train\notumor\Tr-no_0619.jpg,notumor
data\raw\Epic and CSCR hospital Dataset\Train\pituitary\P_746.jpg,pituitary
data\raw\Epic and CSCR hospital Dataset\Train\notumor\N_36_HF_.jpg,notumor
data\raw\Epic and CSCR hospital Dataset\Train\pituitary\P_729_RO_.jpg,pituitary
data\raw\Epic and CSCR hospital Dataset\Train\notumor\Tr-no_0217.jpg,notumor
data\raw\Epic and CSCR hospital Dataset\Train\notumor\1867.jpg,notumor
data\raw\Epic and CSCR hospital Dataset\Train\glioma\Tr-gl_0636.jpg,glioma
data\raw\Epic and CSCR hospital Dataset\Train\notumor\Te-no_0297.jpg,notumor
data\raw\Epic and CSCR hospital Dataset\Train\pituitary\P_715_BR_.jpg,pituitary
data\raw\Epic and CSCR hospital Dataset\Train\notumor\N_376_RO_.jpg,notumor
data\raw\Epic and CSCR hospital Dataset\Train\glioma\G_736_HF_.jpg,glioma
data\raw\Epic and CSCR hospital Dataset\Train\glioma\Tr-gl_0442.jpg,glioma
data\raw\Epic and CSCR hospital Dataset\Train\glioma\Tr-gl_1235.jpg,glioma
data\raw\Epic and CSCR hospital Dataset\Train\pituitary\P_719_HF_.jpg,pituitary
data\raw\Epic and CSCR hospital Dataset\Train\meningioma\M_826_SP_.jpg,meningioma
data\raw\Epic and CSCR hospital Dataset\Train\glioma\Tr-gl_1040.jpg,glioma
data\raw\Epic and CSCR hospital Dataset\Train\notumor\N_414_VF_.jpg,notumor
data\raw\Epic and CSCR hospital Dataset\Train\pituitary\P_726_BR_.jpg,pituitary
data\raw\Epic and CSCR hospital Dataset\Train\meningioma\Tr-me_0178.jpg,meningioma
data\raw\Epic and CSCR hospital Dataset\Train\meningioma\M_845_RO_.jpg,meningioma
data\raw\Epic and CSCR hospital Dataset\Train\glioma\G_715_RO_.jpg,glioma
data\raw\Epic and CSCR hospital Dataset\Train\glioma\G_873_VF_.jpg,glioma
data\raw\Epic and CSCR hospital Dataset\Train\notumor\Tr-no_0260.jpg,notumor
data\raw\Epic and CSCR hospital Dataset\Train\meningioma\M_884.jpg,meningioma
data\raw\Epic and CSCR hospital Dataset\Train\glioma\Tr-gl_1165.jpg,glioma
data\raw\Epic and CSCR hospital Dataset\Train\glioma\G_749_VF_.jpg,glioma
data\raw\Epic and CSCR hospital Dataset\Train\glioma\G_781_VF_.jpg,glioma
data\raw\Epic and CSCR hospital Dataset\Train\pituitary\P_736_SP_.jpg,pituitary
data\raw\Epic and CSCR hospital Dataset\Train\meningioma\M_821_RO_.jpg,meningioma
data\raw\Epic and CSCR hospital Dataset\Train\pituitary\P_732_DA_.jpg,pituitary
data\raw\Epic and CSCR hospital Dataset\Train\glioma\gg (482).jpg,glioma
data\raw\Epic and CSCR hospital Dataset\Train\notumor\N_377_BR_.jpg,notumor
data\raw\Epic and CSCR hospital Dataset\Train\glioma\Te-gl_0096.jpg,glioma
data\raw\Epic and CSCR hospital Dataset\Train\notumor\Tr-no_0320.jpg,notumor
data\raw\Epic and CSCR hospital Dataset\Train\notumor\Tr-no_0197.jpg,notumor
data\raw\Epic and CSCR hospital Dataset\Train\glioma\G_838_RO_.jpg,glioma
data\raw\Epic and CSCR hospital Dataset\Train\pituitary\P_730_DA_.jpg,pituitary
data\raw\Epic and CSCR hospital Dataset\Train\pituitary\P_738_VF_.jpg,pituitary
data\raw\Epic and CSCR hospital Dataset\Train\glioma\G_862_SP_.jpg,glioma
data\raw\Epic and CSCR hospital Dataset\Train\glioma\gg (596).jpg,glioma
data\raw\Epic and CSCR hospital Dataset\Train\glioma\G_742.jpg,glioma
data\raw\Epic and CSCR hospital Dataset\Train\glioma\G_849_HF_.jpg,glioma
data\raw\Epic and CSCR hospital Dataset\Train\glioma\Te-gl_0122.jpg,glioma
data\raw\Epic and CSCR hospital Dataset\Train\pituitary\Tr-pi_1265.jpg,pituitary
data\raw\Epic and CSCR hospital Dataset\Train\glioma\G_764_VF_.jpg,glioma
data\raw\Epic and CSCR hospital Dataset\Train\notumor\Tr-no_0443.jpg,notumor
data\raw\Epic and CSCR hospital Dataset\Train\meningioma\1303.jpg,meningioma
data\raw\Epic and CSCR hospital Dataset\Train\meningioma\Tr-me_0856.jpg,meningioma
data\raw\Epic and CSCR hospital Dataset\Train\notumor\Te-no_0170.jpg,notumor
data\raw\Epic and CSCR hospital Dataset\Train\meningioma\M_881_HF_.jpg,meningioma
data\raw\Epic and CSCR hospital Dataset\Train\meningioma\Tr-me_0835.jpg,meningioma
data\raw\Epic and CSCR hospital Dataset\Train\meningioma\Tr-me_0239.jpg,meningioma
data\raw\Epic and CSCR hospital Dataset\Train\pituitary\P_7_HF_.jpg,pituitary
data\raw\Epic and CSCR hospital Dataset\Train\pituitary\P_84.jpg,pituitary
data\raw\Epic and CSCR hospital Dataset\Train\glioma\Tr-gl_0358.jpg,glioma
data\raw\Epic and CSCR hospital Dataset\Train\glioma\Te-gl_0247.jpg,glioma
data\raw\Epic and CSCR hospital Dataset\Train\glioma\G_883_RO_.jpg,glioma
data\raw\Epic and CSCR hospital Dataset\Train\glioma\Tr-gl_0488.jpg,glioma
data\raw\Epic and CSCR hospital Dataset\Train\glioma\G_783_RO_.jpg,glioma
data\raw\Epic and CSCR hospital Dataset\Train\glioma\gg (542).jpg,glioma
data\raw\Epic and CSCR hospital Dataset\Train\meningioma\Te-me_0225.jpg,meningioma
data\raw\Epic and CSCR hospital Dataset\Train\glioma\Tr-gl_0930.jpg,glioma
data\raw\Epic and CSCR hospital Dataset\Train\notumor\Tr-no_0319.jpg,notumor
data\raw\Epic and CSCR hospital Dataset\Train\pituitary\P_810_VF_.jpg,pituitary
data\raw\Epic and CSCR hospital Dataset\Train\glioma\gg (344).jpg,glioma
data\raw\Epic and CSCR hospital Dataset\Train\glioma\G_870_RO_.jpg,glioma
data\raw\Epic and CSCR hospital Dataset\Train\notumor\35 no.jpg,notumor
data\raw\Epic and CSCR hospital Dataset\Train\glioma\G_851.jpg,glioma
data\raw\Epic and CSCR hospital Dataset\Train\pituitary\p (604).jpg,pituitary
data\raw\Epic and CSCR hospital Dataset\Train\glioma\Tr-gl_0545.jpg,glioma
data\raw\Epic and CSCR hospital Dataset\Train\meningioma\M_862.jpg,meningioma
data\raw\Epic and CSCR hospital Dataset\Train\glioma\G_795_RO_.jpg,glioma
data\raw\Epic and CSCR hospital Dataset\Train\notumor\Te-no_0072.jpg,notumor
data\raw\Epic and CSCR hospital Dataset\Train\glioma\G_857_HF_.jpg,glioma
data\raw\Epic and CSCR hospital Dataset\Train\pituitary\P_761_RO_.jpg,pituitary
data\raw\Epic and CSCR hospital Dataset\Train\meningioma\M_852_SP_.jpg,meningioma
data\raw\Epic and CSCR hospital Dataset\Train\meningioma\M_872_SP_.jpg,meningioma
data\raw\Epic and CSCR hospital Dataset\Train\meningioma\M_883_RO_.jpg,meningioma
data\raw\Epic and CSCR hospital Dataset\Train\pituitary\Tr-pi_1303.jpg,pituitary
data\raw\Epic and CSCR hospital Dataset\Train\glioma\G_794_VF_.jpg,glioma
data\raw\Epic and CSCR hospital Dataset\Train\pituitary\Tr-pi_0265.jpg,pituitary
data\raw\Epic and CSCR hospital Dataset\Train\pituitary\Tr-pi_0683.jpg,pituitary
data\raw\Epic and CSCR hospital Dataset\Train\pituitary\Tr-pi_1033.jpg,pituitary
data\raw\Epic and CSCR hospital Dataset\Train\glioma\G_820_BR_.jpg,glioma
data\raw\Epic and CSCR hospital Dataset\Train\glioma\gg (35).jpg,glioma
data\raw\Epic and CSCR hospital Dataset\Train\glioma\Tr-gl_0444.jpg,glioma
data\raw\Epic and CSCR hospital Dataset\Train\meningioma\M_859.jpg,meningioma
data\raw\Epic and CSCR hospital Dataset\Train\meningioma\M_857_BR_.jpg,meningioma
data\raw\Epic and CSCR hospital Dataset\Train\glioma\Tr-gl_1060.jpg,glioma
data\raw\Epic and CSCR hospital Dataset\Train\notumor\N_393_BR_.jpg,notumor
data\raw\Epic and CSCR hospital Dataset\Train\glioma\Tr-gl_1049.jpg,glioma
data\raw\Epic and CSCR hospital Dataset\Train\notumor\1600.jpg,notumor
data\raw\Epic and CSCR hospital Dataset\Train\pituitary\P_721_SP_.jpg,pituitary
data\raw\Epic and CSCR hospital Dataset\Train\notumor\Tr-no_0603.jpg,notumor
data\raw\Epic and CSCR hospital Dataset\Train\meningioma\Tr-me_1066.jpg,meningioma
data\raw\Epic and CSCR hospital Dataset\Train\pituitary\Tr-pi_0259.jpg,pituitary
data\raw\Epic and CSCR hospital Dataset\Train\notumor\1592.jpg,notumor
data\raw\Epic and CSCR hospital Dataset\Train\pituitary\P_778_DA_.jpg,pituitary
data\raw\Epic and CSCR hospital Dataset\Train\notumor\Tr-no_0611.jpg,notumor
data\raw\Epic and CSCR hospital Dataset\Train\notumor\Tr-no_0408.jpg,notumor
data\raw\Epic and CSCR hospital Dataset\Train\glioma\G_831_DA_.jpg,glioma
data\raw\Epic and CSCR hospital Dataset\Train\meningioma\m3 (166).jpg,meningioma
data\raw\Epic and CSCR hospital Dataset\Train\pituitary\P_776_SP_.jpg,pituitary
data\raw\Epic and CSCR hospital Dataset\Train\pituitary\Tr-pi_1066.jpg,pituitary
data\raw\Epic and CSCR hospital Dataset\Train\notumor\Te-no_0070.jpg,notumor
data\raw\Epic and CSCR hospital Dataset\Train\glioma\Tr-gl_0327.jpg,glioma
data\raw\Epic and CSCR hospital Dataset\Train\notumor\Te-no_0191.jpg,notumor
data\raw\Epic and CSCR hospital Dataset\Train\notumor\1588.jpg,notumor
data\raw\Epic and CSCR hospital Dataset\Train\glioma\gg (448).jpg,glioma
data\raw\Epic and CSCR hospital Dataset\Train\notumor\Tr-no_0633.jpg,notumor
data\raw\Epic and CSCR hospital Dataset\Train\pituitary\P_797_BR_.jpg,pituitary
data\raw\Epic and CSCR hospital Dataset\Train\notumor\Tr-no_0591.jpg,notumor
data\raw\Epic and CSCR hospital Dataset\Train\glioma\G_707_VF_.jpg,glioma
data\raw\Epic and CSCR hospital Dataset\Train\glioma\G_801_BR_.jpg,glioma
data\raw\Epic and CSCR hospital Dataset\Train\notumor\Te-no_0286.jpg,notumor
data\raw\Epic and CSCR hospital Dataset\Train\pituitary\Tr-pi_0182.jpg,pituitary
data\raw\Epic and CSCR hospital Dataset\Train\pituitary\P_820_HF_.jpg,pituitary
data\raw\Epic and CSCR hospital Dataset\Train\meningioma\M_851_VF_.jpg,meningioma
data\raw\Epic and CSCR hospital Dataset\Train\notumor\1628.jpg,notumor
data\raw\Epic and CSCR hospital Dataset\Train\notumor\N_399_BR_.jpg,notumor
data\raw\Epic and CSCR hospital Dataset\Train\glioma\G_797_BR_.jpg,glioma
data\raw\Epic and CSCR hospital Dataset\Train\meningioma\Tr-me_0231.jpg,meningioma
data\raw\Epic and CSCR hospital Dataset\Train\meningioma\Tr-me_0947.jpg,meningioma
data\raw\Epic and CSCR hospital Dataset\Train\glioma\Te-gl_0235.jpg,glioma
data\raw\Epic and CSCR hospital Dataset\Train\meningioma\M_830_VF_.jpg,meningioma
data\raw\Epic and CSCR hospital Dataset\Train\notumor\1862.jpg,notumor
data\raw\Epic and CSCR hospital Dataset\Train\notumor\Te-no_0138.jpg,notumor
data\raw\Epic and CSCR hospital Dataset\Train\meningioma\Te-me_0280.jpg,meningioma
data\raw\Epic and CSCR hospital Dataset\Train\glioma\G_763_SP_.jpg,glioma
data\raw\Epic and CSCR hospital Dataset\Train\pituitary\P_807.jpg,pituitary
data\raw\Epic and CSCR hospital Dataset\Train\notumor\Tr-no_0476.jpg,notumor
data\raw\Epic and CSCR hospital Dataset\Train\glioma\Tr-gl_1179.jpg,glioma
data\raw\Epic and CSCR hospital Dataset\Train\pituitary\Tr-pi_0787.jpg,pituitary
data\raw\Epic and CSCR hospital Dataset\Train\notumor\N_414.jpg,notumor
data\raw\Epic and CSCR hospital Dataset\Train\glioma\Tr-gl_1013.jpg,glioma
data\raw\Epic and CSCR hospital Dataset\Train\pituitary\Tr-pi_0670.jpg,pituitary
data\raw\Epic and CSCR hospital Dataset\Train\meningioma\m2 (87).jpg,meningioma
data\raw\Epic and CSCR hospital Dataset\Train\glioma\Tr-gl_0798.jpg,glioma
data\raw\Epic and CSCR hospital Dataset\Train\meningioma\m3 (170).jpg,meningioma
data\raw\Epic and CSCR hospital Dataset\Train\meningioma\Tr-me_1021.jpg,meningioma
data\raw\Epic and CSCR hospital Dataset\Train\notumor\N_48_SP_.jpg,notumor
data\raw\Epic and CSCR hospital Dataset\Train\pituitary\P_772_BR_.jpg,pituitary
data\raw\Epic and CSCR hospital Dataset\Train\notumor\1845.jpg,notumor
data\raw\Epic and CSCR hospital Dataset\Train\glioma\Tr-gl_0982.jpg,glioma
data\raw\Epic and CSCR hospital Dataset\Train\glioma\G_761_RO_.jpg,glioma
data\raw\Epic and CSCR hospital Dataset\Train\meningioma\Tr-me_1175.jpg,meningioma
data\raw\Epic and CSCR hospital Dataset\Train\notumor\N_391_VF_.jpg,notumor
data\raw\Epic and CSCR hospital Dataset\Train\glioma\Tr-gl_0820.jpg,glioma
data\raw\Epic and CSCR hospital Dataset\Train\notumor\image(142) - Copy.jpg,notumor
data\raw\Epic and CSCR hospital Dataset\Train\pituitary\Tr-pi_1391.jpg,pituitary
data\raw\Epic and CSCR hospital Dataset\Train\pituitary\P_831_VF_.jpg,pituitary
data\raw\Epic and CSCR hospital Dataset\Train\glioma\G_872_VF_.jpg,glioma
data\raw\Epic and CSCR hospital Dataset\Train\pituitary\P_749_HF_.jpg,pituitary
data\raw\Epic and CSCR hospital Dataset\Train\notumor\N_424_RO_.jpg,notumor
data\raw\Epic and CSCR hospital Dataset\Train\glioma\Tr-gl_0449.jpg,glioma
data\raw\Epic and CSCR hospital Dataset\Train\pituitary\P_789_SP_.jpg,pituitary
data\raw\Epic and CSCR hospital Dataset\Train\meningioma\Tr-me_0313.jpg,meningioma
data\raw\Epic and CSCR hospital Dataset\Train\notumor\Tr-no_0497.jpg,notumor
data\raw\Epic and CSCR hospital Dataset\Train\glioma\G_744_RO_.jpg,glioma
data\raw\Epic and CSCR hospital Dataset\Train\glioma\G_757_VF_.jpg,glioma
data\raw\Epic and CSCR hospital Dataset\Train\glioma\G_774_BR_.jpg,glioma
data\raw\Epic and CSCR hospital Dataset\Train\glioma\Tr-gl_0593.jpg,glioma
data\raw\Epic and CSCR hospital Dataset\Train\glioma\G_714.jpg,glioma
data\raw\Epic and CSCR hospital Dataset\Train\notumor\Te-no_0184.jpg,notumor
data\raw\Epic and CSCR hospital Dataset\Train\pituitary\Tr-pi_1073.jpg,pituitary
data\raw\Epic and CSCR hospital Dataset\Train\pituitary\P_80_BR_.jpg,pituitary
data\raw\Epic and CSCR hospital Dataset\Train\glioma\G_774_DA_.jpg,glioma
data\raw\Epic and CSCR hospital Dataset\Train\pituitary\P_797_VF_.jpg,pituitary
data\raw\Epic and CSCR hospital Dataset\Train\pituitary\Tr-pi_0623.jpg,pituitary
data\raw\Epic and CSCR hospital Dataset\Train\notumor\Tr-no_0240.jpg,notumor
data\raw\Epic and CSCR hospital Dataset\Train\notumor\N_379_RO_.jpg,notumor
data\raw\Epic and CSCR hospital Dataset\Train\glioma\Tr-gl_0539.jpg,glioma
data\raw\Epic and CSCR hospital Dataset\Train\meningioma\Tr-me_0331.jpg,meningioma
data\raw\Epic and CSCR hospital Dataset\Train\meningioma\M_837_RO_.jpg,meningioma
data\raw\Epic and CSCR hospital Dataset\Train\glioma\G_760_RO_.jpg,glioma
data\raw\Epic and CSCR hospital Dataset\Train\notumor\image(141) - Copy.jpg,notumor
data\raw\Epic and CSCR hospital Dataset\Train\glioma\gg (384).jpg,glioma
data\raw\Epic and CSCR hospital Dataset\Train\meningioma\M_881_VF_.jpg,meningioma
data\raw\Epic and CSCR hospital Dataset\Train\pituitary\Tr-pi_0275.jpg,pituitary
data\raw\Epic and CSCR hospital Dataset\Train\pituitary\P_734_SP_.jpg,pituitary
data\raw\Epic and CSCR hospital Dataset\Train\pituitary\P_818_HF_.jpg,pituitary
data\raw\Epic and CSCR hospital Dataset\Train\notumor\Tr-no_0083.jpg,notumor
data\raw\Epic and CSCR hospital Dataset\Train\notumor\N_379_BR_.jpg,notumor
data\raw\Epic and CSCR hospital Dataset\Train\meningioma\Tr-me_0227.jpg,meningioma
data\raw\Epic and CSCR hospital Dataset\Train\glioma\G_773_DA_.jpg,glioma
data\raw\Epic and CSCR hospital Dataset\Train\pituitary\Te-pi_0141.jpg,pituitary
data\raw\Epic and CSCR hospital Dataset\Train\pituitary\P_824_SP_.jpg,pituitary
data\raw\Epic and CSCR hospital Dataset\Train\glioma\G_832_RO_.jpg,glioma
data\raw\Epic and CSCR hospital Dataset\Train\meningioma\1411.jpg,meningioma
data\raw\Epic and CSCR hospital Dataset\Train\pituitary\p (521).jpg,pituitary
data\raw\Epic and CSCR hospital Dataset\Train\glioma\gg (629).jpg,glioma
data\raw\Epic and CSCR hospital Dataset\Train\notumor\N_397_VF_.jpg,notumor
data\raw\Epic and CSCR hospital Dataset\Train\meningioma\M_863_SP_.jpg,meningioma
data\raw\Epic and CSCR hospital Dataset\Train\meningioma\M_838_BR_.jpg,meningioma
data\raw\Epic and CSCR hospital Dataset\Train\notumor\Tr-no_0570.jpg,notumor
data\raw\Epic and CSCR hospital Dataset\Train\pituitary\Tr-pi_0250.jpg,pituitary
data\raw\Epic and CSCR hospital Dataset\Train\meningioma\Tr-me_1140.jpg,meningioma
data\raw\Epic and CSCR hospital Dataset\Train\glioma\Tr-gl_0455.jpg,glioma
data\raw\Epic and CSCR hospital Dataset\Train\notumor\Tr-no_0090.jpg,notumor
data\raw\Epic and CSCR hospital Dataset\Train\meningioma\M_850_HF_.jpg,meningioma
data\raw\Epic and CSCR hospital Dataset\Train\pituitary\Te-pi_0189.jpg,pituitary
data\raw\Epic and CSCR hospital Dataset\Train\glioma\G_790_SP_.jpg,glioma
data\raw\Epic and CSCR hospital Dataset\Train\glioma\Tr-gl_0212.jpg,glioma
data\raw\Epic and CSCR hospital Dataset\Train\meningioma\Te-me_0229.jpg,meningioma
data\raw\Epic and CSCR hospital Dataset\Train\notumor\N_417_SP_.jpg,notumor
data\raw\Epic and CSCR hospital Dataset\Train\notumor\1769.jpg,notumor
data\raw\Epic and CSCR hospital Dataset\Train\meningioma\Tr-me_0223.jpg,meningioma
data\raw\Epic and CSCR hospital Dataset\Train\notumor\Tr-no_0328.jpg,notumor
data\raw\Epic and CSCR hospital Dataset\Train\meningioma\m2 (129).jpg,meningioma
data\raw\Epic and CSCR hospital Dataset\Train\glioma\Tr-gl_1169.jpg,glioma
data\raw\Epic and CSCR hospital Dataset\Train\meningioma\Tr-me_0888.jpg,meningioma
data\raw\Epic and CSCR hospital Dataset\Train\notumor\Tr-no_0221.jpg,notumor
data\raw\Epic and CSCR hospital Dataset\Train\glioma\G_786_DA_.jpg,glioma
data\raw\Epic and CSCR hospital Dataset\Train\glioma\G_830_VF_.jpg,glioma
data\raw\Epic and CSCR hospital Dataset\Train\meningioma\M_884_SP_.jpg,meningioma
data\raw\Epic and CSCR hospital Dataset\Train\glioma\G_728_SP_.jpg,glioma
data\raw\Epic and CSCR hospital Dataset\Train\meningioma\Tr-me_1291.jpg,meningioma
data\raw\Epic and CSCR hospital Dataset\Train\glioma\Tr-gl_1209.jpg,glioma
data\raw\Epic and CSCR hospital Dataset\Train\pituitary\Tr-pi_1095.jpg,pituitary
data\raw\Epic and CSCR hospital Dataset\Train\glioma\gg (396).jpg,glioma
data\raw\Epic and CSCR hospital Dataset\Train\notumor\Tr-no_0103.jpg,notumor
data\raw\Epic and CSCR hospital Dataset\Train\meningioma\Te-me_0100.jpg,meningioma
data\raw\Epic and CSCR hospital Dataset\Train\notumor\1829.jpg,notumor
data\raw\Epic and CSCR hospital Dataset\Train\glioma\G_848_RO_.jpg,glioma
data\raw\Epic and CSCR hospital Dataset\Train\glioma\G_726_DA_.jpg,glioma
data\raw\Epic and CSCR hospital Dataset\Train\glioma\gg (632).jpg,glioma
data\raw\Epic and CSCR hospital Dataset\Train\notumor\Te-no_0097.jpg,notumor
data\raw\Epic and CSCR hospital Dataset\Train\glioma\G_758_DA_.jpg,glioma
data\raw\Epic and CSCR hospital Dataset\Train\meningioma\1350.jpg,meningioma
data\raw\Epic and CSCR hospital Dataset\Train\meningioma\m1(6).jpg,meningioma
data\raw\Epic and CSCR hospital Dataset\Train\meningioma\Tr-me_1134.jpg,meningioma
data\raw\Epic and CSCR hospital Dataset\Train\meningioma\m2 (49).jpg,meningioma
data\raw\Epic and CSCR hospital Dataset\Train\meningioma\1306.jpg,meningioma
data\raw\Epic and CSCR hospital Dataset\Train\glioma\Te-gl_0078.jpg,glioma
data\raw\Epic and CSCR hospital Dataset\Train\meningioma\m2 (164).jpg,meningioma
data\raw\Epic and CSCR hospital Dataset\Train\meningioma\m3 (131).jpg,meningioma
data\raw\Epic and CSCR hospital Dataset\Train\notumor\N_391_HF_.jpg,notumor
data\raw\Epic and CSCR hospital Dataset\Train\pituitary\Tr-pi_1122.jpg,pituitary
data\raw\Epic and CSCR hospital Dataset\Train\glioma\Tr-gl_1099.jpg,glioma
data\raw\Epic and CSCR hospital Dataset\Train\notumor\1718.jpg,notumor
data\raw\Epic and CSCR hospital Dataset\Train\pituitary\Tr-pi_1346.jpg,pituitary
data\raw\Epic and CSCR hospital Dataset\Train\pituitary\Tr-pi_1019.jpg,pituitary
data\raw\Epic and CSCR hospital Dataset\Train\meningioma\M_860_VF_.jpg,meningioma
data\raw\Epic and CSCR hospital Dataset\Train\meningioma\m2 (162).jpg,meningioma
data\raw\Epic and CSCR hospital Dataset\Train\pituitary\P_827_BR_.jpg,pituitary
data\raw\Epic and CSCR hospital Dataset\Train\glioma\Tr-gl_0886.jpg,glioma
data\raw\Epic and CSCR hospital Dataset\Train\glioma\Tr-gl_0140.jpg,glioma
data\raw\Epic and CSCR hospital Dataset\Train\pituitary\Te-pi_0182.jpg,pituitary
data\raw\Epic and CSCR hospital Dataset\Train\glioma\G_711.jpg,glioma
data\raw\Epic and CSCR hospital Dataset\Train\glioma\Tr-gl_1229.jpg,glioma
data\raw\Epic and CSCR hospital Dataset\Train\meningioma\M_866_SP_.jpg,meningioma
data\raw\Epic and CSCR hospital Dataset\Train\glioma\G_877.jpg,glioma
data\raw\Epic and CSCR hospital Dataset\Train\pituitary\Te-pi_0035.jpg,pituitary
data\raw\Epic and CSCR hospital Dataset\Train\meningioma\M_875_VF_.jpg,meningioma
data\raw\Epic and CSCR hospital Dataset\Train\pituitary\Tr-pi_0785.jpg,pituitary
data\raw\Epic and CSCR hospital Dataset\Train\notumor\Tr-no_0604.jpg,notumor
data\raw\Epic and CSCR hospital Dataset\Train\meningioma\M_840_VF_.jpg,meningioma
data\raw\Epic and CSCR hospital Dataset\Train\notumor\Tr-no_0429.jpg,notumor
data\raw\Epic and CSCR hospital Dataset\Train\meningioma\1389.jpg,meningioma
data\raw\Epic and CSCR hospital Dataset\Train\glioma\G_885_BR_.jpg,glioma
data\raw\Epic and CSCR hospital Dataset\Train\meningioma\M_840.jpg,meningioma
data\raw\Epic and CSCR hospital Dataset\Train\glioma\Tr-gl_0806.jpg,glioma
data\raw\Epic and CSCR hospital Dataset\Train\notumor\1653.jpg,notumor
data\raw\Epic and CSCR hospital Dataset\Train\glioma\gg (329).jpg,glioma
data\raw\Epic and CSCR hospital Dataset\Train\pituitary\P_814_BR_.jpg,pituitary
data\raw\Epic and CSCR hospital Dataset\Train\notumor\Tr-no_0615.jpg,notumor
data\raw\Epic and CSCR hospital Dataset\Train\meningioma\M_882_DA_.jpg,meningioma
data\raw\Epic and CSCR hospital Dataset\Train\meningioma\M_825_VF_.jpg,meningioma
data\raw\Epic and CSCR hospital Dataset\Train\notumor\Tr-no_0021.jpg,notumor
data\raw\Epic and CSCR hospital Dataset\Train\notumor\Tr-no_0086.jpg,notumor
data\raw\Epic and CSCR hospital Dataset\Train\pituitary\P_758_DA_.jpg,pituitary
data\raw\Epic and CSCR hospital Dataset\Train\notumor\N_407_BR_.jpg,notumor
data\raw\Epic and CSCR hospital Dataset\Train\notumor\Te-no_0195.jpg,notumor
data\raw\Epic and CSCR hospital Dataset\Train\meningioma\Tr-me_1287.jpg,meningioma
data\raw\Epic and CSCR hospital Dataset\Train\pituitary\Te-pi_0158.jpg,pituitary
data\raw\Epic and CSCR hospital Dataset\Train\notumor\N_432_VF_.jpg,notumor
data\raw\Epic and CSCR hospital Dataset\Train\glioma\G_896_DA_.jpg,glioma
data\raw\Epic and CSCR hospital Dataset\Train\pituitary\P_742_HF_.jpg,pituitary
data\raw\Epic and CSCR hospital Dataset\Train\meningioma\Tr-me_0183.jpg,meningioma
data\raw\Epic and CSCR hospital Dataset\Train\meningioma\Tr-me_0957.jpg,meningioma
data\raw\Epic and CSCR hospital Dataset\Train\pituitary\Tr-pi_0949.jpg,pituitary
data\raw\Epic and CSCR hospital Dataset\Train\meningioma\M_855_SP_.jpg,meningioma
data\raw\Epic and CSCR hospital Dataset\Train\glioma\G_719_DA_.jpg,glioma
data\raw\Epic and CSCR hospital Dataset\Train\meningioma\Tr-me_0301.jpg,meningioma
data\raw\Epic and CSCR hospital Dataset\Train\meningioma\Tr-me_0878.jpg,meningioma
data\raw\Epic and CSCR hospital Dataset\Train\glioma\Tr-gl_1082.jpg,glioma
data\raw\Epic and CSCR hospital Dataset\Train\pituitary\P_821_BR_.jpg,pituitary
data\raw\Epic and CSCR hospital Dataset\Train\glioma\G_721_HF_.jpg,glioma
data\raw\Epic and CSCR hospital Dataset\Train\pituitary\P_741_HF_.jpg,pituitary
data\raw\Epic and CSCR hospital Dataset\Train\pituitary\P_720_VF_.jpg,pituitary
data\raw\Epic and CSCR hospital Dataset\Train\notumor\N_436_DA_.jpg,notumor
data\raw\Epic and CSCR hospital Dataset\Train\notumor\N_368_VF_.jpg,notumor
data\raw\Epic and CSCR hospital Dataset\Train\glioma\Tr-gl_1035.jpg,glioma
data\raw\Epic and CSCR hospital Dataset\Train\glioma\G_848_SP_.jpg,glioma
data\raw\Epic and CSCR hospital Dataset\Train\glioma\gg (573).jpg,glioma
data\raw\Epic and CSCR hospital Dataset\Train\meningioma\Tr-me_0827.jpg,meningioma
data\raw\Epic and CSCR hospital Dataset\Train\meningioma\m2 (33).jpg,meningioma
data\raw\Epic and CSCR hospital Dataset\Train\meningioma\M_876_HF_.jpg,meningioma
data\raw\Epic and CSCR hospital Dataset\Train\pituitary\P_74_RO_.jpg,pituitary
data\raw\Epic and CSCR hospital Dataset\Train\meningioma\M_820_SP_.jpg,meningioma
data\raw\Epic and CSCR hospital Dataset\Train\meningioma\Tr-me_0860.jpg,meningioma
data\raw\Epic and CSCR hospital Dataset\Train\meningioma\1342.jpg,meningioma
data\raw\Epic and CSCR hospital Dataset\Train\glioma\G_883_DA_.jpg,glioma
data\raw\Epic and CSCR hospital Dataset\Train\meningioma\m2 (37).jpg,meningioma
data\raw\Epic and CSCR hospital Dataset\Train\glioma\G_718_BR_.jpg,glioma
data\raw\Epic and CSCR hospital Dataset\Train\pituitary\P_825_HF_.jpg,pituitary
data\raw\Epic and CSCR hospital Dataset\Train\glioma\image(4).jpg,glioma
data\raw\Epic and CSCR hospital Dataset\Train\notumor\N_438_DA_.jpg,notumor
data\raw\Epic and CSCR hospital Dataset\Train\notumor\Tr-no_0252.jpg,notumor
data\raw\Epic and CSCR hospital Dataset\Train\pituitary\Tr-pi_0245.jpg,pituitary
data\raw\Epic and CSCR hospital Dataset\Train\pituitary\P_833_HF_.jpg,pituitary
data\raw\Epic and CSCR hospital Dataset\Train\meningioma\M_882_RO_.jpg,meningioma
data\raw\Epic and CSCR hospital Dataset\Train\notumor\N_433_VF_.jpg,notumor
data\raw\Epic and CSCR hospital Dataset\Train\glioma\G_746_VF_.jpg,glioma
data\raw\Epic and CSCR hospital Dataset\Train\notumor\N_391_DA_.jpg,notumor
data\raw\Epic and CSCR hospital Dataset\Train\meningioma\Tr-me_1171.jpg,meningioma
data\raw\Epic and CSCR hospital Dataset\Train\notumor\N_370_DA_.jpg,notumor
data\raw\Epic and CSCR hospital Dataset\Train\notumor\N_382_RO_.jpg,notumor
data\raw\Epic and CSCR hospital Dataset\Train\glioma\Tr-gl_0928.jpg,glioma
data\raw\Epic and CSCR hospital Dataset\Train\glioma\Tr-gl_0266.jpg,glioma
data\raw\Epic and CSCR hospital Dataset\Train\meningioma\M_825_SP_.jpg,meningioma
data\raw\Epic and CSCR hospital Dataset\Train\pituitary\Tr-pi_1366.jpg,pituitary
data\raw\Epic and CSCR hospital Dataset\Train\meningioma\1333.jpg,meningioma
data\raw\Epic and CSCR hospital Dataset\Train\pituitary\P_834_HF_.jpg,pituitary
data\raw\Epic and CSCR hospital Dataset\Train\notumor\N_405_HF_.jpg,notumor
data\raw\Epic and CSCR hospital Dataset\Train\pituitary\P_765.jpg,pituitary
data\raw\Epic and CSCR hospital Dataset\Train\notumor\No19.jpg,notumor
data\raw\Epic and CSCR hospital Dataset\Train\glioma\Tr-gl_0971.jpg,glioma
data\raw\Epic and CSCR hospital Dataset\Train\pituitary\P_745_VF_.jpg,pituitary
data\raw\Epic and CSCR hospital Dataset\Train\glioma\Tr-gl_0200.jpg,glioma
data\raw\Epic and CSCR hospital Dataset\Train\notumor\1806.jpg,notumor
data\raw\Epic and CSCR hospital Dataset\Train\notumor\N_378_RO_.jpg,notumor
data\raw\Epic and CSCR hospital Dataset\Train\glioma\G_831_VF_.jpg,glioma
data\raw\Epic and CSCR hospital Dataset\Train\glioma\G_850_SP_.jpg,glioma
data\raw\Epic and CSCR hospital Dataset\Train\meningioma\m3 (152).jpg,meningioma
data\raw\Epic and CSCR hospital Dataset\Train\pituitary\Te-pi_0042.jpg,pituitary
data\raw\Epic and CSCR hospital Dataset\Train\notumor\N_434_BR_.jpg,notumor
data\raw\Epic and CSCR hospital Dataset\Train\meningioma\Tr-me_0204.jpg,meningioma
data\raw\Epic and CSCR hospital Dataset\Train\glioma\G_86_VF_.jpg,glioma
data\raw\Epic and CSCR hospital Dataset\Train\glioma\Tr-gl_1170.jpg,glioma
data\raw\Epic and CSCR hospital Dataset\Train\pituitary\P_761_VF_.jpg,pituitary
data\raw\Epic and CSCR hospital Dataset\Train\notumor\1873.jpg,notumor
data\raw\Epic and CSCR hospital Dataset\Train\glioma\Tr-gl_0321.jpg,glioma
data\raw\Epic and CSCR hospital Dataset\Train\pituitary\1191.jpg,pituitary
data\raw\Epic and CSCR hospital Dataset\Train\glioma\G_805_HF_.jpg,glioma
data\raw\Epic and CSCR hospital Dataset\Train\pituitary\P_824_VF_.jpg,pituitary
data\raw\Epic and CSCR hospital Dataset\Train\glioma\G_792_RO_.jpg,glioma
data\raw\Epic and CSCR hospital Dataset\Train\glioma\gg (55).jpg,glioma
data\raw\Epic and CSCR hospital Dataset\Train\glioma\G_781_RO_.jpg,glioma
data\raw\Epic and CSCR hospital Dataset\Train\notumor\1797.jpg,notumor
data\raw\Epic and CSCR hospital Dataset\Train\glioma\G_715_HF_.jpg,glioma
data\raw\Epic and CSCR hospital Dataset\Train\notumor\Tr-no_0094.jpg,notumor
data\raw\Epic and CSCR hospital Dataset\Train\meningioma\m2 (32).jpg,meningioma
data\raw\Epic and CSCR hospital Dataset\Train\glioma\G_834_BR_.jpg,glioma
data\raw\Epic and CSCR hospital Dataset\Train\glioma\gg (445).jpg,glioma
data\raw\Epic and CSCR hospital Dataset\Train\glioma\Tr-gl_0822.jpg,glioma
data\raw\Epic and CSCR hospital Dataset\Train\meningioma\m2 (146).jpg,meningioma
data\raw\Epic and CSCR hospital Dataset\Train\pituitary\P_713_BR_.jpg,pituitary
data\raw\Epic and CSCR hospital Dataset\Train\glioma\Tr-gl_0394.jpg,glioma
data\raw\Epic and CSCR hospital Dataset\Train\glioma\Te-gl_0165.jpg,glioma
data\raw\Epic and CSCR hospital Dataset\Train\notumor\No18.jpg,notumor
data\raw\Epic and CSCR hospital Dataset\Train\meningioma\Tr-me_1000.jpg,meningioma
data\raw\Epic and CSCR hospital Dataset\Train\meningioma\Te-me_0238.jpg,meningioma
data\raw\Epic and CSCR hospital Dataset\Train\notumor\N_382_SP_.jpg,notumor
data\raw\Epic and CSCR hospital Dataset\Train\pituitary\P_751_SP_.jpg,pituitary
data\raw\Epic and CSCR hospital Dataset\Train\meningioma\M_835_VF_.jpg,meningioma
data\raw\Epic and CSCR hospital Dataset\Train\meningioma\m3 (123).jpg,meningioma
data\raw\Epic and CSCR hospital Dataset\Train\meningioma\Tr-me_1263.jpg,meningioma
data\raw\Epic and CSCR hospital Dataset\Train\notumor\Tr-no_0431.jpg,notumor
data\raw\Epic and CSCR hospital Dataset\Train\pituitary\Tr-pi_1116.jpg,pituitary
data\raw\Epic and CSCR hospital Dataset\Train\pituitary\Tr-pi_0271.jpg,pituitary
data\raw\Epic and CSCR hospital Dataset\Train\pituitary\Tr-pi_0185.jpg,pituitary
data\raw\Epic and CSCR hospital Dataset\Train\glioma\gg (378).jpg,glioma
data\raw\Epic and CSCR hospital Dataset\Train\notumor\Te-no_0157.jpg,notumor
data\raw\Epic and CSCR hospital Dataset\Train\notumor\Tr-no_0109.jpg,notumor
data\raw\Epic and CSCR hospital Dataset\Train\pituitary\P_768_HF_.jpg,pituitary
data\raw\Epic and CSCR hospital Dataset\Train\pituitary\Tr-pi_0222.jpg,pituitary
data\raw\Epic and CSCR hospital Dataset\Train\pituitary\Tr-pi_1015.jpg,pituitary
data\raw\Epic and CSCR hospital Dataset\Train\glioma\G_835_HF_.jpg,glioma
data\raw\Epic and CSCR hospital Dataset\Train\notumor\N_376_DA_.jpg,notumor
data\raw\Epic and CSCR hospital Dataset\Train\pituitary\Tr-pi_0797.jpg,pituitary
data\raw\Epic and CSCR hospital Dataset\Train\meningioma\Tr-me_0311.jpg,meningioma
data\raw\Epic and CSCR hospital Dataset\Train\pituitary\P_808_SP_.jpg,pituitary
data\raw\Epic and CSCR hospital Dataset\Train\glioma\Tr-gl_1116.jpg,glioma
data\raw\Epic and CSCR hospital Dataset\Train\glioma\Tr-gl_0199.jpg,glioma
data\raw\Epic and CSCR hospital Dataset\Train\meningioma\Tr-me_1013.jpg,meningioma
data\raw\Epic and CSCR hospital Dataset\Train\pituitary\P_765_VF_.jpg,pituitary
data\raw\Epic and CSCR hospital Dataset\Train\notumor\image(165).jpg,notumor
data\raw\Epic and CSCR hospital Dataset\Train\glioma\G_776_SP_.jpg,glioma
data\raw\Epic and CSCR hospital Dataset\Train\meningioma\m2 (143).jpg,meningioma
data\raw\Epic and CSCR hospital Dataset\Train\glioma\Te-gl_0084.jpg,glioma
data\raw\Epic and CSCR hospital Dataset\Train\meningioma\Te-me_0126.jpg,meningioma
data\raw\Epic and CSCR hospital Dataset\Train\glioma\gg (550).jpg,glioma
data\raw\Epic and CSCR hospital Dataset\Train\glioma\G_752_RO_.jpg,glioma
data\raw\Epic and CSCR hospital Dataset\Train\pituitary\P_70_RO_.jpg,pituitary
data\raw\Epic and CSCR hospital Dataset\Train\glioma\G_754_SP_.jpg,glioma
data\raw\Epic and CSCR hospital Dataset\Train\notumor\N_58_BR_.jpg,notumor
data\raw\Epic and CSCR hospital Dataset\Train\pituitary\Tr-pi_1183.jpg,pituitary
data\raw\Epic and CSCR hospital Dataset\Train\meningioma\Tr-me_1073.jpg,meningioma
data\raw\Epic and CSCR hospital Dataset\Train\meningioma\m2 (58).jpg,meningioma
data\raw\Epic and CSCR hospital Dataset\Train\glioma\Te-gl_0245.jpg,glioma
data\raw\Epic and CSCR hospital Dataset\Train\glioma\G_867_HF_.jpg,glioma
data\raw\Epic and CSCR hospital Dataset\Train\glioma\Tr-gl_0087.jpg,glioma
data\raw\Epic and CSCR hospital Dataset\Train\pituitary\Tr-pi_0546.jpg,pituitary
data\raw\Epic and CSCR hospital Dataset\Train\notumor\Tr-no_0234.jpg,notumor
data\raw\Epic and CSCR hospital Dataset\Train\notumor\Tr-no_0199.jpg,notumor
data\raw\Epic and CSCR hospital Dataset\Train\meningioma\Tr-me_0841.jpg,meningioma
data\raw\Epic and CSCR hospital Dataset\Train\meningioma\1349.jpg,meningioma
data\raw\Epic and CSCR hospital Dataset\Train\glioma\G_831_SP_.jpg,glioma
data\raw\Epic and CSCR hospital Dataset\Train\pituitary\P_779_HF_.jpg,pituitary
data\raw\Epic and CSCR hospital Dataset\Train\meningioma\Tr-me_1112.jpg,meningioma
data\raw\Epic and CSCR hospital Dataset\Train\pituitary\Tr-pi_1277.jpg,pituitary
